station,peak_time_s,peak_amplitude,peak_distance_m,peak_source_time_s,peak_phi_deg,peak_f_obs_hz,side,distance_km,station_distance_km
W_00.5km,19.009725559431914,0.0010546536568617972,792.235866885146,16.7,36.151307303128895,17.07059893491074,West,0.792235866885146,0.5
E_00.5km,21.215805015556008,0.0009534094186735317,862.9211203357114,18.7,38.6527487729276,16.82094179060007,East,0.8629211203357114,0.5
W_01.0km,26.782775319478993,0.0005818240079476522,1537.5919345812952,22.3,36.18497908106749,16.126940646669222,West,1.5375919345812952,1.0
E_01.0km,31.55963319244209,0.000491625622530937,1735.4541850076369,26.5,39.865644409800524,15.607955102679911,East,1.7354541850076368,1.0
W_01.5km,32.66250740711422,0.000405529861920209,2250.9400406401755,26.1,36.46020827878367,15.51103306697041,West,2.2509400406401756,1.5
W_02.0km,37.837105330612715,0.00031248141410224135,2962.527128400159,29.200000000000003,36.377005906282726,15.003945605397906,West,2.962527128400159,2.0
E_01.5km,40.25997288367304,0.00032725368557770784,2627.3706990998544,32.6,40.34979269908298,14.678505241498755,East,2.6273706990998544,1.5
W_02.5km,42.4886871367474,0.00025476145270244123,3666.2196879043577,31.8,36.28068188197579,14.58315755081827,West,3.666219687904358,2.5
W_03.0km,46.69972701283588,0.00021538629936101558,4356.006365402707,34.0,36.28646224714908,14.236073610076335,West,4.356006365402707,3.0
E_02.0km,47.968973552013736,0.00024400134208228262,3522.2579283407094,37.7,40.67544602249877,13.92303596112928,East,3.5222579283407094,2.0
W_03.5km,50.71624550234256,0.00018677225287754535,5047.672207303498,36.0,36.18171194300012,13.91854925787966,West,5.047672207303498,3.5
W_04.0km,54.37208418403035,0.00016502124004503005,5718.524875122409,37.7,36.25762414270988,13.66059680969501,West,5.718524875122409,4.0
E_02.5km,54.95628517603594,0.00019412808323545117,4409.705815380327,42.1,40.96296779762768,13.291676269977344,East,4.4097058153803275,2.5
W_04.5km,57.93972043798428,0.00014791613643837278,6393.424110228606,39.300000000000004,36.22630403713717,13.41482483806784,West,6.393424110228606,4.5
W_05.0km,61.410640836712524,0.00013410608417938356,7069.449806992394,40.800000000000004,36.14661243678713,13.183852480136224,West,7.0694498069923934,5.0
E_03.0km,61.57686466600953,0.00016109026213439385,5308.564580441267,46.1,41.0750446615278,12.72400739187831,East,5.308564580441267,3.0
W_05.5km,64.7767938395314,0.00012271633246400526,7743.840286959268,42.2,36.056467831367044,12.969370850027644,West,7.743840286959268,5.5
E_03.5km,67.93624800650126,0.000137672969332904,6220.733066229929,49.800000000000004,41.06363962822146,12.207214831974659,East,6.220733066229929,3.5
W_06.0km,68.03051637578005,0.00011315819665334433,8413.967116892556,43.5,35.98100701047277,12.772453030717694,West,8.413967116892556,6.0
W_06.5km,71.16452994011715,0.00010502086030532215,9077.333769460181,44.7,35.93729651402044,12.593760566854295,West,9.077333769460182,6.5
E_04.0km,73.82203607441197,0.00012024152133762051,7107.658373523305,53.1,41.16311340550064,11.769636745575992,East,7.107658373523305,4.0
W_07.0km,74.1719707242859,9.800781586748703e-05,9731.585958430062,45.800000000000004,35.93716972605858,12.433685880928891,West,9.731585958430061,7.0
W_07.5km,77.04642545967019,9.18983312050147e-05,10374.52393266687,46.800000000000004,35.98900161940134,12.2926370601004,West,10.37452393266687,7.5
E_04.5km,79.52461806599479,0.00010677573204398475,8000.343996636211,56.2,41.19465239308037,11.367612026608848,East,8.00034399663621,4.5
W_08.0km,80.1114717440096,8.652833999588332e-05,11048.534808195292,47.900000000000006,35.829056861354196,12.126107739750841,West,11.048534808195292,8.0
W_08.5km,82.87219630178896,8.177054073028559e-05,11686.763331513612,48.800000000000004,35.8744183797958,12.001756808556339,West,11.686763331513612,8.5
E_05.0km,85.01822886356854,9.606906253198413e-05,8889.952500204006,59.1,41.21238976613189,11.002467639689291,East,8.889952500204007,5.0
W_09.0km,85.65451877339946,7.752425889461686e-05,12332.399939276012,49.7,35.86025264389663,11.875007364903217,West,12.332399939276012,9.0
W_09.5km,88.4582489403917,7.371128477618202e-05,12985.379386554352,50.6,35.79535951298276,11.746355230409437,West,12.985379386554353,9.5
E_05.5km,89.89452309318847,8.719868887745787e-05,9705.021420963645,61.6,41.54017782953332,10.766723254837345,East,9.705021420963645,5.5
W_10.0km,91.111150788018,7.026751869338452e-05,13620.924720290168,51.400000000000006,35.81147726250447,11.637507895408406,West,13.620924720290168,10.0
W_10.5km,93.78172340159695,6.714186040282733e-05,14262.531126747754,52.2,35.78579541001553,11.52705799539644,West,14.262531126747753,10.5
E_06.0km,95.03167161617013,7.97536796219666e-05,10575.263364346354,64.2,41.660790241072405,10.528093698572976,East,10.575263364346354,6.0
W_11.0km,96.46983891172806,6.429194187506275e-05,14910.154746722723,53.0,35.72369164271874,11.415319805783083,West,14.910154746722723,11.0
W_11.5km,99.17542553240267,6.168191487457991e-05,15563.770957614111,53.800000000000004,35.629737064567834,11.30257198725087,West,15.563770957614112,11.5
E_06.5km,100.25308379178549,7.348070644200821e-05,11474.40774058242,66.8,41.674822090344605,10.280087557805187,East,11.47440774058242,6.5
W_12.0km,101.7197446965245,5.928314863031139e-05,16196.372430907903,54.5,35.6244001795428,11.20943035117484,West,16.196372430907903,12.0
W_12.5km,104.2781662806793,5.707030612662151e-05,16833.811034272996,55.2,35.59096494873265,11.115294023539075,West,16.833811034272998,12.5
E_07.0km,105.16797633553466,6.813513822950674e-05,12337.015883088388,69.2,41.78076100478575,10.057838274177113,East,12.33701588308839,7.0
W_13.0km,106.6691592204771,5.502250223287329e-05,17448.121612623643,55.800000000000004,35.64592903352981,11.040359254028813,West,17.448121612623645,13.0
W_13.5km,109.25398356483916,5.3122050249497337e-05,18094.61636273983,56.5,35.56357593914758,10.944562635314751,West,18.09461636273983,13.5
E_07.5km,110.16314836549783,6.353407138441737e-05,13227.159889365754,71.60000000000001,41.79073979329124,9.827984112436303,East,13.227159889365753,7.5
W_14.0km,111.66839001900934,5.135306694762853e-05,18716.957776520205,57.1,35.57175876852361,10.867909258456244,West,18.716957776520204,14.0
W_14.5km,114.0937274467332,4.970238153943115e-05,19343.04851422949,57.7,35.55926183526909,10.790516226566554,West,19.34304851422949,14.5
E_08.0km,115.03689256155238,5.953803451066466e-05,14109.954148612462,73.9,41.80379917025861,9.60818320190877,East,14.109954148612461,8.0
W_15.0km,116.52991902927057,4.815849814701538e-05,19972.862227039805,58.300000000000004,35.528032529391844,10.712499938208493,West,19.972862227039805,15.0
W_15.5km,118.97690931839162,4.671122340064192e-05,20606.37989620832,58.900000000000006,35.479800759662886,10.633929729412364,West,20.60637989620832,15.5
E_08.5km,119.78139642878861,5.603938926982257e-05,14982.718975074487,76.10000000000001,41.822996652744166,9.398941236970941,East,14.982718975074487,8.5
W_16.0km,121.43467256326372,4.535150034938396e-05,21243.592689199457,59.5,35.416106436297355,10.5547612199974,West,21.243592689199456,16.0
E_09.0km,124.60599338848172,5.2953770282270585e-05,15882.95573224923,78.30000000000001,41.76548465603177,9.184492335584709,East,15.88295573224923,9.0
E_09.5km,129.51745218563318,5.022677447716777e-05,16812.986099672176,80.5,41.6279944347107,8.957040276271542,East,16.812986099672177,9.5
E_10.0km,134.0758728652026,4.782762978712254e-05,17690.524392764488,82.5,41.56164038258013,8.738135901976563,East,17.690524392764488,10.0
E_10.5km,138.25731364136658,4.5673831906218454e-05,18507.358578988733,84.30000000000001,41.594302522996436,8.550939078954105,East,18.507358578988732,10.5
E_11.0km,142.51314481536804,4.372892298416016e-05,19349.708671671237,86.10000000000001,41.56017300064503,8.361352023327324,East,19.349708671671237,11.0
E_11.5km,146.84737925160147,4.196342183784724e-05,20218.951083299304,87.9,41.46541581691167,8.169993324343771,East,20.218951083299302,11.5
E_12.0km,150.76367219638877,4.0352853954844896e-05,21013.439563361353,89.5,41.486238662322144,8.010088115747065,East,21.013439563361352,12.0
E_12.5km,154.74442424349706,3.887741477270026e-05,21830.03751551949,91.10000000000001,41.45577823146186,7.848598911056898,East,21.83003751551949,12.5
E_13.0km,158.79265688666294,3.7520408742511334e-05,22669.781312125386,92.7,41.37816018836874,7.685944646687663,East,22.669781312125387,13.0
E_13.5km,162.64585104125155,3.6267663134471777e-05,23476.926907149274,94.2,41.342061816368876,7.538243686357127,East,23.476926907149274,13.5
E_14.0km,166.2913304826322,3.510743684070583e-05,24247.126355542834,95.60000000000001,41.35033836803686,7.40523788570003,East,24.247126355542836,14.0
E_14.5km,169.99177886033533,3.402950003542946e-05,25036.180149095013,97.0,41.32078002797924,7.271289845466764,East,25.036180149095014,14.5
E_15.0km,173.74939115507416,3.302510151965173e-05,25844.841166190436,98.4,41.25599537314551,7.136664503068912,East,25.844841166190434,15.0
E_15.5km,177.28099330395992,3.2086958777275906e-05,26610.280703258257,99.7,41.24292123001753,7.016598168344426,East,26.61028070325826,15.5
E_16.0km,180.57400118881975,3.120839311016586e-05,27328.18240776517,100.9,41.28348839422071,6.910786818098261,East,27.32818240776517,16.0
