phase,actual_phase_first_sample_utc,requested_phase_start_minus_first_sample_s,event_sample_count,pre_control_sample_count,post_control_sample_count,phase_window_duration_s,control_window_duration_s,phase_start_utc,phase_end_utc,peak_time_utc,peak_elapsed_from_source_s,apparent_speed_mps,event_peak_physical_units,pre_control_peak_physical_units,post_control_peak_physical_units,robust_pre_noise_sigma,peak_snr,event_to_control_peak_ratio,event_samples,pre_control_samples,post_control_samples,data_complete,dominant_frequency_hz,automatic_candidate,manual_review_required,sensor_type,network,station,location,channel,distance_km,source_to_station_azimuth_deg,requested_band_low_hz,requested_band_high_hz,effective_band_low_hz,effective_band_high_hz,physical_units,is_dwpf,manual_classification,manual_arrival_time_utc,comparable_control_transient,review_notes
thermospheric_or_slow,2016-09-01T13:13:31.666680,-0.449898,167,167,167,166.979192,166.979192,2016-09-01T13:13:31.216782,2016-09-01T13:16:18.195974,2016-09-01T13:15:42.666680,507.15308,192.61014299317145,0.7416278294770895,0.5521312115470899,0.42678217093150617,0.2224645044953259,3.333690609023299,1.3432093929249604,167,167,167,True,0.23353293413173654,True,True,infrasound,IU,DWPF,30,LDO,97.68282725822732,239.3800458947381,0.2,1.0,0.2,0.45,Pa,True,not_reviewed,,,
stratospheric,2016-09-01T13:18:35.296000,-0.019388,5229,5229,5229,130.723656,130.723656,2016-09-01T13:18:35.276612,2016-09-01T13:20:46.000268,2016-09-01T13:19:25.346000,729.8324,288.73277438341455,0.7402924407062693,0.13951854364161445,0.17714521880443862,0.03434767670845856,21.55291162746861,4.1790145153368385,5229,5229,5229,True,0.4130808950086059,True,True,infrasound,N4,656A,EP,BDF,210.72653368690598,295.5861346961097,0.2,1.0,0.2,1.0,Pa,False,not_reviewed,,,
thermospheric_or_slow,2016-09-01T13:25:03.146000,-0.00026,18981,18980,18980,474.503173,474.503173,2016-09-01T13:25:03.145740,2016-09-01T13:32:57.648913,2016-09-01T13:28:51.746000,1296.2324,214.14705911788644,0.7269978564956516,0.3581418572844261,0.15333135846724663,0.019279091386308345,37.70913483049062,2.0299159165813188,18981,18980,18980,True,0.2823876508087034,True,True,infrasound,N4,456A,EP,BDF,277.58435639331987,330.08469329594095,0.2,1.0,0.2,1.0,Pa,False,not_reviewed,,,
thermospheric_or_slow,2016-09-01T13:31:40.046000,-0.01436,26036,26036,26036,650.896907,650.896907,2016-09-01T13:31:40.031640,2016-09-01T13:42:30.928547,2016-09-01T13:40:11.346000,1975.8324,192.71608789110374,0.35233655132739883,0.18096729189156613,0.17082141181399463,0.011350930936962236,31.04032200390535,1.946962612108466,26036,26036,26036,True,0.24274082040251957,True,True,infrasound,N4,257A,EP,BDF,380.7746904564904,353.59856379226915,0.2,1.0,0.2,1.0,Pa,False,not_reviewed,,,
tropospheric,2016-09-01T13:27:02.096000,-0.010962,6124,6124,6124,153.105992,153.105992,2016-09-01T13:27:02.085038,2016-09-01T13:29:35.191030,2016-09-01T13:28:59.196000,1303.6824,318.55918530139724,0.23726514172919372,0.07353903094971288,0.06194055804965588,0.01090595550788776,21.755557461938213,3.22638384902623,6124,6124,6124,True,0.27433050293925537,True,True,infrasound,N4,255A,EP,BDF,415.3000032357702,334.3699071311997,0.2,1.0,0.2,1.0,Pa,False,not_reviewed,,,
stratospheric,2016-09-01T13:29:35.196000,-0.00497,10306,10305,10305,257.630275,257.630275,2016-09-01T13:29:35.191030,2016-09-01T13:33:52.821305,2016-09-01T13:31:16.821000,1441.3074,288.14117185256265,0.2959129385117666,0.23282344163226515,0.06194055804965588,0.013710605830460307,21.582776295293137,1.2709757077603407,10306,10305,10305,True,0.24063652241412767,True,True,infrasound,N4,255A,EP,BDF,415.3000032357702,334.3699071311997,0.2,1.0,0.2,1.0,Pa,False,not_reviewed,,,
stratospheric,2016-09-01T13:35:44.271000,-0.014778,13144,13145,13144,328.60435,328.60435,2016-09-01T13:35:44.256222,2016-09-01T13:41:12.860572,2016-09-01T13:40:26.246000,1990.7324,266.0881054268696,0.32259735949339563,0.1490218268806907,0.11149038306877937,0.023652646611080835,13.638954016345242,2.1647658349516297,13144,13145,13144,True,0.2556299452221546,True,True,infrasound,N4,352A,EP,BDF,529.7102127278853,308.692082551164,0.2,1.0,0.2,1.0,Pa,False,not_reviewed,,,
thermospheric_or_slow,2016-09-01T13:45:58.621000,-0.00213,41300,41300,41300,1032.491231,1032.491231,2016-09-01T13:45:58.618870,2016-09-01T14:03:11.110101,2016-09-01T13:51:49.246000,2673.7324,225.90419675468067,0.1564118649547818,0.06370825723832996,0.11143948125045952,0.006864947426632859,22.784131506670427,1.4035588033943476,41300,41300,41300,True,0.22953995157384988,True,True,infrasound,N4,152A,EP,BDF,604.0073701589646,319.94043308271335,0.2,1.0,0.2,1.0,Pa,False,not_reviewed,,,
thermospheric_or_slow,2016-09-01T13:46:02.796000,-0.024059,41373,41373,41374,1034.337041,1034.337041,2016-09-01T13:46:02.771941,2016-09-01T14:03:17.108982,2016-09-01T13:56:08.571000,2933.0574,206.29912279337972,1.0199493829539015,0.5892831256386935,0.717830300802907,0.03137235541318341,32.51108721423239,1.4208781404366304,41373,41373,41374,True,0.26780750731153163,True,True,infrasound,N4,Y57A,EP,BDF,605.0871687226311,1.6268563581087911,0.2,1.0,0.2,1.0,Pa,False,not_reviewed,,,
tropospheric,2016-09-01T13:36:56.246000,-0.022773,9190,9191,9191,229.768984,229.768984,2016-09-01T13:36:56.223227,2016-09-01T13:40:45.992211,2016-09-01T13:39:40.771000,1945.2574,320.3937789932876,0.3747570595859995,0.09777669261202968,0.19754338080838743,0.0159538478027872,23.49007363104767,1.897087404561053,9190,9191,9191,True,0.27856365614798695,True,True,infrasound,N4,Y59A,EP,BDF,623.2483695006572,14.649698765518455,0.2,1.0,0.2,1.0,Pa,False,not_reviewed,,,
stratospheric,2016-09-01T13:41:52.646000,-0.021134,15977,15977,15978,399.444474,399.444474,2016-09-01T13:41:52.624866,2016-09-01T13:48:32.069340,2016-09-01T13:44:52.271000,2256.7574,285.32286742659494,0.35346531424012184,0.11204611841274117,0.18230713113648017,0.018129242635687146,19.49697079702219,1.9388452444874902,15977,15977,15978,True,0.24785629342179383,True,True,infrasound,N4,Y60A,EP,BDF,643.904492454187,19.827904054323223,0.2,1.0,0.2,1.0,Pa,False,not_reviewed,,,
tropospheric,2016-09-01T13:42:10.146000,-0.000347,10811,10811,10811,270.275104,270.275104,2016-09-01T13:42:10.145653,2016-09-01T13:46:40.420756,2016-09-01T13:43:40.321000,2184.8074,335.55416302543983,0.3959845537324466,0.25707143538518085,0.15707282783741294,0.01666033871367914,23.76809742813449,1.5403677703013812,10811,10811,10811,True,0.25159559707705115,True,True,infrasound,TA,KMSC,EP,BDF,733.1212184787873,354.59525238877336,0.2,1.0,0.2,1.0,Pa,False,not_reviewed,,,
tropospheric,2016-09-01T13:44:23.271000,-0.02251,11498,11498,11498,287.449663,287.449663,2016-09-01T13:44:23.248490,2016-09-01T13:49:10.698154,2016-09-01T13:46:07.196000,2331.6824,334.3968336432304,0.14865208293809506,0.04697522980015164,0.08936723561342777,0.007927317142173177,18.75187787647208,1.6633845941158274,11498,11498,11498,True,0.2504783440598365,True,True,infrasound,N4,X51A,EP,BDF,779.7072116216483,329.6986760084218,0.2,1.0,0.2,1.0,Pa,False,not_reviewed,,,
tropospheric,2016-09-01T13:45:51.546000,-0.012526,11954,11954,11954,298.841274,298.841274,2016-09-01T13:45:51.533474,2016-09-01T13:50:50.374748,2016-09-01T13:47:28.721000,2413.2074,335.9043883964381,0.21784255242391126,0.16140785630983165,0.12556861889841398,0.01906298290965123,11.427516535915357,1.349640329809907,11954,11954,11954,True,0.2275388991132675,True,True,infrasound,N4,V55A,EP,BDF,810.6069557707584,355.91400778729343,0.2,1.0,0.2,1.0,Pa,False,not_reviewed,,,
tropospheric,2016-09-01T13:46:06.396000,-0.005957,12031,12030,12030,300.758251,300.758251,2016-09-01T13:46:06.390043,2016-09-01T13:51:07.148294,2016-09-01T13:48:27.421000,2471.9074,330.03127665810405,0.1435316045102012,0.03401012020673018,0.05539633801871771,0.008338697253299464,17.21271322728601,2.590994452768768,12031,12030,12030,True,0.25600531959105643,True,True,infrasound,N4,V53A,EP,BDF,815.8067550026146,345.6006355534472,0.2,1.0,0.2,1.0,Pa,False,not_reviewed,,,
stratospheric,2016-09-01T13:51:07.171000,-0.022706,20243,20243,20243,506.083595,506.083595,2016-09-01T13:51:07.148294,2016-09-01T13:59:33.231888,2016-09-01T13:55:54.871000,2919.3574,279.4473725630903,0.14912219540125382,0.05089059404268649,0.05539633801871771,0.00955596729236729,15.605138740937646,2.6919143166262605,20243,20243,20243,True,0.2074791285876599,True,True,infrasound,N4,V53A,EP,BDF,815.8067550026146,345.6006355534472,0.2,1.0,0.2,1.0,Pa,False,not_reviewed,,,
thermospheric_or_slow,2016-09-01T13:59:33.246000,-0.014112,55782,55781,55781,1394.541462,1394.541462,2016-09-01T13:59:33.231888,2016-09-01T14:22:47.773350,2016-09-01T14:13:21.721000,3966.2074,205.68938351600443,0.2681301086960333,0.058214597220822284,0.1328503630977554,0.008729073923628304,30.71690204962579,2.018286607908892,55782,55781,55781,True,0.23520131942203576,True,True,infrasound,N4,V53A,EP,BDF,815.8067550026146,345.6006355534472,0.2,1.0,0.2,1.0,Pa,False,not_reviewed,,,
tropospheric,2016-09-01T13:48:00.746000,-0.022783,12620,12621,12621,315.510918,315.510918,2016-09-01T13:48:00.723217,2016-09-01T13:53:16.234135,2016-09-01T13:51:55.071000,2679.5574,319.38982379827326,0.13346724777854257,0.09978616854042735,0.0879178517028271,0.009330514127981103,14.304383011252312,1.3375325431446912,12620,12621,12621,True,0.25039619651347067,True,True,infrasound,N4,V52A,EP,BDF,855.8233658433593,341.3687522571615,0.2,1.0,0.2,1.0,Pa,False,not_reviewed,,,
stratospheric,2016-09-01T13:53:16.246000,-0.011865,21236,21237,21236,530.907795,530.907795,2016-09-01T13:53:16.234135,2016-09-01T14:02:07.141930,2016-09-01T13:58:38.471000,3082.9574,277.598180838749,0.21829718229549197,0.09978616854042735,0.0879178517028271,0.008641418830374791,25.261729188287024,2.1876497062521354,21236,21237,21236,True,0.21284611037860238,True,True,infrasound,N4,V52A,EP,BDF,855.8233658433593,341.3687522571615,0.2,1.0,0.2,1.0,Pa,False,not_reviewed,,,
thermospheric_or_slow,2016-09-01T14:02:07.146000,-0.00407,58518,58518,58518,1462.945925,1462.945925,2016-09-01T14:02:07.141930,2016-09-01T14:26:30.087855,2016-09-01T14:19:39.846000,4344.3324,196.9976712286931,1.9833632212620966,0.10061501738222145,0.0879178517028271,0.006657056921441991,297.93394358305693,19.71239754128944,58518,58518,58518,True,0.639803137496155,True,True,infrasound,N4,V52A,EP,BDF,855.8233658433593,341.3687522571615,0.2,1.0,0.2,1.0,Pa,False,not_reviewed,,,
tropospheric,2016-09-01T13:49:56.096000,-0.003194,13216,13216,13216,330.397317,330.397317,2016-09-01T13:49:56.092806,2016-09-01T13:55:26.490123,2016-09-01T13:52:31.946000,2716.4324,329.9190225326279,0.3434245744644797,0.17751580758974078,0.13181074735761295,0.014201776684494703,24.181803593590214,1.9346140443907562,13216,13216,13216,True,0.28450363196125905,True,True,infrasound,N4,X48A,EP,BDF,896.2027221839605,318.3960473576504,0.2,1.0,0.2,1.0,Pa,False,not_reviewed,,,
thermospheric_or_slow,2016-09-01T14:04:42.471000,-0.023853,61278,61278,61279,1531.970465,1531.970465,2016-09-01T14:04:42.447147,2016-09-01T14:30:14.417612,2016-09-01T14:12:20.146000,3904.6324,229.5229436153735,0.4356288895840413,0.2652129574455537,0.2623162586838983,0.009039250054627511,48.193034483101556,1.6425626175277381,61278,61278,61279,True,0.23042527497633736,True,True,infrasound,N4,X48A,EP,BDF,896.2027221839605,318.3960473576504,0.2,1.0,0.2,1.0,Pa,False,not_reviewed,,,
stratospheric,2016-09-01T13:55:47.195998,-0.006114,22398,22398,22398,559.937747,559.937747,2016-09-01T13:55:47.189884,2016-09-01T14:05:07.127630,2016-09-01T14:01:40.070998,3264.557398,276.4906656078969,0.23684971858727782,0.04125514323756797,0.11101286165481909,0.011217474091010898,21.114353968250025,2.133534034315168,22398,22398,22398,True,0.25180819716046077,True,True,infrasound,N4,U59A,EP,BDF,902.619647888204,16.125538963048804,0.2,1.0,0.2,1.0,Pa,False,not_reviewed,,,
tropospheric,2016-09-01T13:50:43.521000,-0.022758,13460,13461,13461,336.514147,336.514147,2016-09-01T13:50:43.498242,2016-09-01T13:56:20.012389,2016-09-01T13:51:16.346000,2640.8324,345.6465561992833,0.2992000884093464,0.1907294959643152,0.22453861205238182,0.02078477309593568,14.395157793079443,1.3325106344718436,13460,13461,13461,True,0.2674591381872214,True,True,infrasound,N4,346B,EP,BDF,912.794624559488,292.24615169518586,0.2,1.0,0.2,1.0,Pa,False,not_reviewed,,,
stratospheric,2016-09-01T13:56:20.021000,-0.008611,22650,22650,22650,566.249767,566.249767,2016-09-01T13:56:20.012389,2016-09-01T14:05:46.262156,2016-09-01T14:04:30.671000,3435.1574,265.721339161777,0.3033999229781408,0.1907294959643152,0.22453861205238182,0.01845988791347111,16.43563191717619,1.3512149211439932,22650,22650,22650,True,0.2543046357615894,True,True,infrasound,N4,346B,EP,BDF,912.794624559488,292.24615169518586,0.2,1.0,0.2,1.0,Pa,False,not_reviewed,,,
stratospheric,2016-09-01T13:57:14.946000,-0.002889,23073,23073,23072,576.813368,576.813368,2016-09-01T13:57:14.943111,2016-09-01T14:06:51.756479,2016-09-01T13:58:07.196000,3051.6824,304.6919785869676,0.49345627761548594,0.29026034948829915,0.14803850123268308,0.024297791005403985,20.308688864174446,1.7000471421101833,23073,23073,23072,True,0.2097689940623239,True,True,infrasound,N4,146B,EP,BDF,929.8231484750258,301.16464312269363,0.2,1.0,0.2,1.0,Pa,False,not_reviewed,,,
tropospheric,2016-09-01T13:54:23.296000,-0.018276,14595,14595,14595,364.87279,364.87279,2016-09-01T13:54:23.277724,2016-09-01T14:00:28.150514,2016-09-01T13:58:17.946000,3062.4324,323.1801763986351,2.596383446402842,0.834114855557459,1.310084147973043,0.10014603763422432,25.925972786721054,1.981844792504326,14595,14595,14595,True,0.35080507022953067,True,True,infrasound,N4,V48A,EP,BDF,989.7174432408955,325.11565936953656,0.2,1.0,0.2,1.0,Pa,False,not_reviewed,,,
stratospheric,2016-09-01T14:00:28.171000,-0.020486,24558,24559,24559,613.968637,613.968637,2016-09-01T14:00:28.150514,2016-09-01T14:10:42.119151,2016-09-01T14:04:09.496000,3413.9824,289.9011556828458,2.0507341700682282,1.2869596178693965,1.3807226490616613,0.11382063034809396,18.017244886067967,1.4852614835151046,24558,24559,24559,True,0.26386513559736136,True,True,infrasound,N4,V48A,EP,BDF,989.7174432408955,325.11565936953656,0.2,1.0,0.2,1.0,Pa,False,not_reviewed,,,
tropospheric,2016-09-01T13:55:40.521000,-0.013638,14993,14994,14994,374.837905,374.837905,2016-09-01T13:55:40.507362,2016-09-01T14:01:55.345267,2016-09-01T14:00:15.396000,3179.8824,319.7438423033285,0.22410810720830365,0.04410947632772166,0.04928632383377264,0.010390020460247116,21.56955398362839,4.547064779352386,14993,14994,14994,True,0.274794904288668,True,True,infrasound,N4,T60A,EP,BDF,1016.7478166487299,19.690349059942385,0.2,1.0,0.2,1.0,Pa,False,not_reviewed,,,
thermospheric_or_slow,2016-09-01T14:13:04.846000,-0.015021,70210,70210,70210,1755.252168,1755.252168,2016-09-01T14:13:04.830979,2016-09-01T14:42:20.083147,2016-09-01T14:34:08.121000,5212.6074,196.98827088345902,0.32317292476695525,0.023707659478104836,0.11121031235218498,0.004744124959713183,68.1206602927452,2.905961847706345,70210,70210,70210,True,0.22731804586241275,True,True,infrasound,N4,S54A,EP,BDF,1026.822518520323,356.3739657275973,0.2,1.0,0.2,1.0,Pa,False,not_reviewed,,,
tropospheric,2016-09-01T13:56:22.171000,-0.018729,15208,15209,15209,380.211441,380.211441,2016-09-01T13:56:22.152271,2016-09-01T14:02:42.363712,2016-09-01T14:01:21.796000,3246.2824,317.6937209295598,1.1837791883309312,0.1925416885879746,0.791979862077353,0.010063550185632304,117.63037561247607,1.4947086978018527,15208,15209,15209,True,0.24723829563387686,True,True,infrasound,N4,S57A,EP,BDF,1031.3235348441417,8.00803350007791,0.2,1.0,0.2,1.0,Pa,False,not_reviewed,,,
stratospheric,2016-09-01T14:02:42.371000,-0.007288,25591,25591,25591,639.778868,639.778868,2016-09-01T14:02:42.363712,2016-09-01T14:13:22.142580,2016-09-01T14:06:45.571000,3570.0574,288.8814994526815,1.4152648682799454,0.7150599159663048,0.791979862077353,0.018657710914485065,75.85415353290703,1.786996028620884,25591,25591,25591,True,0.2516509710445078,True,True,infrasound,N4,S57A,EP,BDF,1031.3235348441417,8.00803350007791,0.2,1.0,0.2,1.0,Pa,False,not_reviewed,,,
thermospheric_or_slow,2016-09-01T14:13:41.871000,-0.011288,70868,70869,70869,1771.709383,1771.709383,2016-09-01T14:13:41.859712,2016-09-01T14:43:13.569095,2016-09-01T14:41:52.796000,5677.2824,182.5609360250221,1.615717473632356,1.2463288923459919,1.0034953400157118,0.03454676679678117,46.768992396211665,1.296381303165536,70868,70869,70869,True,0.251735621154823,True,True,infrasound,N4,Y45B,EP,BDF,1036.449989022384,306.80356823040165,0.2,1.0,0.2,1.0,Pa,False,not_reviewed,,,
tropospheric,2016-09-01T13:57:01.771000,-0.021412,15412,15413,15413,385.320773,385.320773,2016-09-01T13:57:01.749588,2016-09-01T14:03:27.070361,2016-09-01T14:00:39.021000,3203.5074,326.2619576870902,0.4561766257217876,0.035435890915338226,0.09976127245223111,0.00469823736113817,97.09527013153645,4.572682510041354,15412,15413,15413,True,0.2647287827666753,True,True,infrasound,N4,S51A,EP,BDF,1045.1825957890803,345.1825219676263,0.2,1.0,0.2,1.0,Pa,False,not_reviewed,,,
stratospheric,2016-09-01T14:03:27.071000,-0.000639,25936,25935,25935,648.3763,648.3763,2016-09-01T14:03:27.070361,2016-09-01T14:14:15.446661,2016-09-01T14:08:58.146000,3702.6324,282.2809511927461,0.1567195992765953,0.035435890915338226,0.09976127245223111,0.0044773955956696025,35.00240171499914,1.5709462742833162,25936,25935,25935,True,0.283775447254781,True,True,infrasound,N4,S51A,EP,BDF,1045.1825957890803,345.1825219676263,0.2,1.0,0.2,1.0,Pa,False,not_reviewed,,,
stratospheric,2016-09-01T14:04:55.121000,-0.019682,26612,26612,26613,665.30533,665.30533,2016-09-01T14:04:55.101318,2016-09-01T14:16:00.406649,2016-09-01T14:07:41.696000,3626.1824,295.7579278763837,0.6288777879706707,0.2631880767715352,0.5004451547605772,0.017791805342804518,35.34648541020632,1.256636780251251,26612,26612,26613,True,0.2570269051555689,True,True,infrasound,N4,R58B,EP,BDF,1072.472192725812,12.830936355664868,0.2,1.0,0.2,1.0,Pa,False,not_reviewed,,,
stratospheric,2016-09-01T14:05:16.096000,-0.024056,26773,26773,26774,669.338143,669.338143,2016-09-01T14:05:16.071944,2016-09-01T14:16:25.410087,2016-09-01T14:13:48.546000,3993.0324,270.2139573607007,0.0484191685270303,0.029641307816910937,0.025367449952054533,0.005960272576989454,8.123650034724909,1.633503110797501,26773,26773,26774,True,0.23904680088148506,True,True,infrasound,N4,R55A,EP,BDF,1078.9730866734965,2.13724490136502,0.2,1.0,0.2,1.0,Pa,False,not_reviewed,,,
thermospheric_or_slow,2016-09-01T14:16:25.421000,-0.010913,73776,73776,73776,1844.398439,1844.398439,2016-09-01T14:16:25.410087,2016-09-01T14:47:09.808526,2016-09-01T14:27:18.371000,4802.8574,224.65232606604073,0.16229282810041268,0.04062001180838466,0.02581422859600146,0.005331425294822958,30.440795683286787,3.995390963104365,73776,73776,73776,True,0.2277163305139883,True,True,infrasound,N4,R55A,EP,BDF,1078.9730866734965,2.13724490136502,0.2,1.0,0.2,1.0,Pa,False,not_reviewed,,,
stratospheric,2016-09-01T14:05:23.666680,-0.752908,670,670,671,670.653879,670.653879,2016-09-01T14:05:22.913772,2016-09-01T14:16:33.567651,2016-09-01T14:15:33.666680,4098.15308,263.8003100957238,0.7932348216315493,0.5552285518187786,0.4839406103626975,0.1883148647704567,4.212279378998837,1.4286635999411892,670,670,671,True,0.21940298507462686,True,True,infrasound,IU,WVT,30,LDO,1081.0940533237456,322.75827445980894,0.2,1.0,0.2,0.45,Pa,False,not_reviewed,,,
stratospheric,2016-09-01T14:07:15.871000,-0.004336,27695,27695,27695,692.375589,692.375589,2016-09-01T14:07:15.866664,2016-09-01T14:18:48.242253,2016-09-01T14:10:35.821000,3800.3074,293.68925520393924,0.6942254993169897,0.4743813577615558,0.27330858455051776,0.0194702557473873,35.655694939197055,1.4634333494739413,27695,27695,27695,True,0.21086838779563097,True,True,infrasound,N4,T47A,EP,BDF,1116.1094498520188,328.5158334668639,0.2,1.0,0.2,1.0,Pa,False,not_reviewed,,,
thermospheric_or_slow,2016-09-01T14:18:48.246000,-0.003747,76316,76316,76315,1907.879401,1907.879401,2016-09-01T14:18:48.242253,2016-09-01T14:50:36.121655,2016-09-01T14:19:43.346000,4347.8324,256.70480073059366,1.0437271453284176,0.6815612723784688,0.7405790158901551,0.015438804710596837,67.60414195873774,1.4093393452066516,76316,76316,76315,True,0.23324073588762514,True,True,infrasound,N4,T47A,EP,BDF,1116.1094498520188,328.5158334668639,0.2,1.0,0.2,1.0,Pa,False,not_reviewed,,,
tropospheric,2016-09-01T14:01:11.971000,-0.015858,16704,16704,16705,417.60536,417.60536,2016-09-01T14:01:11.955142,2016-09-01T14:08:09.560502,2016-09-01T14:04:42.871000,3447.3574,328.5863367527543,1.6434218378917436,0.8223494631403108,0.9791274486873452,0.10996787227878446,14.944563387799588,1.6784554861524679,16704,16704,16705,True,0.26101532567049807,True,True,infrasound,N4,R50A,EP,BDF,1132.7545395434995,343.0825156070259,0.2,1.0,0.2,1.0,Pa,False,not_reviewed,,,
thermospheric_or_slow,2016-09-01T14:19:57.546000,-0.000644,77548,77547,77547,1938.680781,1938.680781,2016-09-01T14:19:57.545356,2016-09-01T14:52:16.226137,2016-09-01T14:50:29.421000,6193.9074,183.10384436978094,0.35902620560037574,0.2729484618591607,0.28364569564935377,0.030857455442917937,11.634990651271456,1.2657558746959032,77548,77547,77547,True,0.23469335121473153,True,True,infrasound,N4,143B,EP,BDF,1134.1282566104344,296.56021735016253,0.2,1.0,0.2,1.0,Pa,False,not_reviewed,,,
stratospheric,2016-09-01T14:09:25.221000,-0.002643,28690,28690,28690,717.250915,717.250915,2016-09-01T14:09:25.218357,2016-09-01T14:21:22.469272,2016-09-01T14:12:01.896000,3886.3824,297.5024986524533,0.49442855457047,0.13528329496066197,0.2925217706168966,0.0060108917933920855,82.25544088383141,1.6902282299460105,28690,28690,28690,True,0.23562216800278843,True,True,infrasound,N4,Q54A,EP,BDF,1156.2084747189183,358.89210271395285,0.2,1.0,0.2,1.0,Pa,False,not_reviewed,,,
thermospheric_or_slow,2016-09-01T14:22:35.696000,-0.019261,80358,80359,80359,2008.961395,2008.961395,2016-09-01T14:22:35.676739,2016-09-01T14:56:04.638134,2016-09-01T14:50:06.521000,6171.0074,190.44579594671595,0.11557561415649746,0.078583813384934,0.03283573015760786,0.005152113073082877,22.43266258272168,1.4707305382390043,80358,80359,80359,True,0.22797979043779087,True,True,infrasound,N4,342B,EP,BDF,1175.2424160860742,288.26563396729284,0.2,1.0,0.2,1.0,Pa,False,not_reviewed,,,
tropospheric,2016-09-01T14:03:51.146000,-0.010737,17526,17526,17526,438.144731,438.144731,2016-09-01T14:03:51.135263,2016-09-01T14:11:09.279993,2016-09-01T14:08:12.896000,3657.3824,324.95032019489537,0.9035908251963174,0.04205009049390544,0.6200887319640088,0.005261188864871835,171.74650984864982,1.4571960086008522,17526,17526,17526,True,0.24192628095401117,True,True,infrasound,N4,Q51A,EP,BDF,1188.4675819551749,348.2988092618442,0.2,1.0,0.2,1.0,Pa,False,not_reviewed,,,
tropospheric,2016-09-01T14:04:14.069538,-0.920658,441,441,441,440.985197,440.985197,2016-09-01T14:04:13.148880,2016-09-01T14:11:34.134078,2016-09-01T14:05:21.069538,3485.555938,343.17978804989934,0.5023609778136202,0.39715230152855197,0.22641619724225004,0.04431364898838546,11.336484114528421,1.2649076333692217,441,441,441,True,0.2585034013605442,True,True,infrasound,IU,WCI,31,LDO,1196.172348038908,335.15112284403176,0.2,1.0,0.2,0.45,Pa,False,not_reviewed,,,
stratospheric,2016-09-01T14:11:35.069538,-0.93546,742,742,742,742.0424,742.0424,2016-09-01T14:11:34.134078,2016-09-01T14:23:56.176477,2016-09-01T14:16:47.069538,4171.555938,286.7448898725298,0.8707815836083472,0.39715230152855197,0.3985912283600676,0.04435911838330896,19.63027254247679,2.184648134859923,742,742,742,True,0.24258760107816713,True,True,infrasound,IU,WCI,31,LDO,1196.172348038908,335.15112284403176,0.2,1.0,0.2,0.45,Pa,False,not_reviewed,,,
thermospheric_or_slow,2016-09-01T14:25:05.271000,-0.007783,83018,83017,83018,2075.444274,2075.444274,2016-09-01T14:25:05.263217,2016-09-01T14:59:40.707491,2016-09-01T14:47:19.496000,6003.9824,202.22159553045674,3.0418397519585985,0.8827902703287998,2.421298889652432,0.06273914076710448,48.48392430572627,1.2562842881389347,83018,83017,83018,True,0.25006625069262084,True,True,infrasound,N4,P53A,EP,BDF,1214.134900464781,356.6800319590057,0.2,1.0,0.2,1.0,Pa,False,not_reviewed,,,
tropospheric,2016-09-01T14:05:57.346000,-0.008461,18177,18177,18177,454.428895,454.428895,2016-09-01T14:05:57.337539,2016-09-01T14:13:31.766434,2016-09-01T14:08:12.471000,3656.9574,337.0666495945102,1.4594354975957633,1.153072077958192,0.6004713740254979,0.08425396954905374,17.321860387195894,1.2656932081644592,18177,18177,18177,True,0.2376629806898828,True,True,infrasound,N4,P51A,EP,BDF,1232.6383785278508,349.96017318017255,0.2,1.0,0.2,1.0,Pa,False,not_reviewed,,,
stratospheric,2016-09-01T14:13:31.771000,-0.004566,30587,30586,30586,764.664007,764.664007,2016-09-01T14:13:31.766434,2016-09-01T14:26:16.430440,2016-09-01T14:14:56.321000,4060.8074,303.545146841451,1.7329268788911958,1.153072077958192,0.9898057146195864,0.08305900955538126,20.863803796453077,1.5028781912400346,30587,30586,30586,True,0.21447019975806714,True,True,infrasound,N4,P51A,EP,BDF,1232.6383785278508,349.96017318017255,0.2,1.0,0.2,1.0,Pa,False,not_reviewed,,,
thermospheric_or_slow,2016-09-01T14:26:56.446000,-0.00978,84994,84994,84994,2124.854498,2124.854498,2016-09-01T14:26:56.436220,2016-09-01T15:02:21.290718,2016-09-01T14:40:41.596000,5606.0824,221.73057627647492,0.5319171680363698,0.26897658712069117,0.08707193135778726,0.008320036564144115,63.93207096333096,1.9775593620633451,84994,84994,84994,True,0.2809610090124009,True,True,infrasound,LD,MIDE,EP,BDF,1243.0398812054036,21.618016102828612,0.2,1.0,0.2,1.0,Pa,False,not_reviewed,,,
thermospheric_or_slow,2016-09-01T14:27:01.021000,-0.006074,85076,85076,85075,2126.889478,2126.889478,2016-09-01T14:27:01.014926,2016-09-01T15:02:27.904404,2016-09-01T14:33:18.021000,5162.5074,241.0127963622994,0.39581169904392655,0.07794306221887884,0.21049649964845024,0.006656982115566509,59.45812864937267,1.8803718812662957,85076,85076,85075,True,0.2581221496074098,True,True,infrasound,N4,441B,EP,BDF,1244.230344715064,284.3183213383813,0.2,1.0,0.2,1.0,Pa,False,not_reviewed,,,
thermospheric_or_slow,2016-09-01T14:29:44.946000,-0.006602,87990,87990,87990,2199.744799,2199.744799,2016-09-01T14:29:44.939398,2016-09-01T15:06:24.684198,2016-09-01T14:40:09.696000,5574.1824,230.85909560085338,4.082296989698655,2.5350094886603887,1.7206774547739334,0.057802950707057314,70.62437020538187,1.61036753825167,87990,87990,87990,True,0.23639049892033184,True,True,infrasound,N4,O52A,EP,BDF,1286.8507075781943,355.1837507830039,0.2,1.0,0.2,1.0,Pa,False,not_reviewed,,,
stratospheric,2016-09-01T14:16:32.421000,-0.011913,31976,31976,31976,799.402978,799.402978,2016-09-01T14:16:32.409087,2016-09-01T14:29:51.812066,2016-09-01T14:17:52.796000,4237.2824,304.1188855172808,0.0031362058380883977,0.0017121696529451738,0.0013859116776051344,0.0003558646440773811,8.812917749160954,1.8317144172563042,31976,31976,31976,True,0.2414310733049787,True,True,infrasound,N4,P48A,EP,BDF,1288.6376011099887,340.99541992581464,0.2,1.0,0.2,1.0,Pa,False,not_reviewed,,,
stratospheric,2016-09-01T14:16:34.096000,-0.001063,31990,31989,31989,799.72718,799.72718,2016-09-01T14:16:34.094937,2016-09-01T14:29:53.822117,2016-09-01T14:25:00.096000,4664.5824,276.37205301643536,1.517124013672524,0.45060318538470956,1.0756813045654547,0.015115140117667602,100.37115116777557,1.4103842906197943,31990,31989,31989,True,0.22757111597374177,True,True,infrasound,N4,O54A,EP,BDF,1289.1602143523314,0.7599790103272919,0.2,1.0,0.2,1.0,Pa,False,not_reviewed,,,
stratospheric,2016-09-01T14:17:01.971000,-0.011013,32203,32203,32203,805.085844,805.085844,2016-09-01T14:17:01.959987,2016-09-01T14:30:27.045831,2016-09-01T14:25:38.896000,4703.3824,275.9287401532212,1.4522537143585907,0.3054812235449686,0.14682067151131284,0.00869836733403263,166.95704591327194,4.753986832663091,32203,32203,32203,True,0.24966618016954942,True,True,infrasound,TA,O53A,EP,BDF,1297.7983800908341,357.59491824375743,0.2,1.0,0.2,1.0,Pa,False,not_reviewed,,,
thermospheric_or_slow,2016-09-01T14:30:27.046000,-0.000169,88739,88738,88738,2218.458769,2218.458769,2016-09-01T14:30:27.045831,2016-09-01T15:07:25.504601,2016-09-01T14:34:47.871000,5252.3574,247.08874154124283,1.3429692713047598,0.3054812235449686,0.3192406745231297,0.006889751850235573,194.9227345914993,4.206761163222197,88739,88738,88738,True,0.22808460766968303,True,True,infrasound,TA,O53A,EP,BDF,1297.7983800908341,357.59491824375743,0.2,1.0,0.2,1.0,Pa,False,not_reviewed,,,
tropospheric,2016-09-01T14:10:49.321000,-0.011435,19684,19684,19684,492.102705,492.102705,2016-09-01T14:10:49.309565,2016-09-01T14:19:01.412270,2016-09-01T14:17:34.246000,4218.7324,316.4051333582035,0.474960033935113,0.3037847430598311,0.3428926922043176,0.05797705189718457,8.1922074060854,1.3851564782025192,19684,19684,19684,True,0.2702702702702703,True,True,infrasound,N4,O49A,EP,BDF,1334.8285876245739,346.0338842877037,0.2,1.0,0.2,1.0,Pa,False,not_reviewed,,,
tropospheric,2016-09-01T14:12:10.871000,-0.006175,20105,20105,20105,502.625964,502.625964,2016-09-01T14:12:10.864825,2016-09-01T14:20:33.490789,2016-09-01T14:18:06.121000,4250.6074,320.7477897406967,1.5165392250753549,1.0001871167606964,0.8608202533915011,0.14570511018124907,10.40827753528249,1.5162555082562619,20105,20105,20105,True,0.3044018900770953,True,True,infrasound,TA,O48B,EP,BDF,1363.3729286054495,343.28852579414007,0.2,1.0,0.2,1.0,Pa,False,not_reviewed,,,
thermospheric_or_slow,2016-09-01T14:39:34.521001,-0.015979,98471,98471,98471,2461.773966,2461.773966,2016-09-01T14:39:34.505022,2016-09-01T15:20:36.278988,2016-09-01T14:45:59.971001,5924.457401,243.08348805128324,1.5771049820442884,0.5533820801290954,1.101404239540353,0.028078262831903296,56.16818218014322,1.4319038600236902,98471,98471,98471,True,0.30628306811142364,True,True,infrasound,TA,SFIN,EP,BDF,1440.13776984632,337.2390461299155,0.2,1.0,0.2,1.0,Pa,False,not_reviewed,,,
thermospheric_or_slow,2016-09-01T14:39:40.221000,-0.011644,98572,98572,98573,2464.309225,2464.309225,2016-09-01T14:39:40.209356,2016-09-01T15:20:44.518581,2016-09-01T15:17:17.196000,7801.6824,184.78333552584235,0.10485757591270173,0.02030763266951378,0.041028470138871925,0.0007742350447520142,135.43377637508954,2.5557271708592344,98572,98572,98573,True,0.37049060585156024,True,True,infrasound,N4,M52A,EP,BDF,1441.6208965852588,357.3908556989402,0.2,1.0,0.2,1.0,Pa,False,not_reviewed,,,
thermospheric_or_slow,2016-09-01T14:41:48.321000,-0.002547,100850,100850,100850,2521.246601,2521.246601,2016-09-01T14:41:48.318453,2016-09-01T15:23:49.565054,2016-09-01T15:03:35.346000,6979.8324,211.31299109453508,3.498624826532408,1.9588494961046998,2.784682469571164,0.036014130596499515,97.14589158713346,1.2563819626699448,100850,100850,100850,True,0.2514625681705503,True,True,infrasound,N4,O44A,EP,BDF,1474.9292617825474,332.7145810713595,0.2,1.0,0.2,1.0,Pa,False,not_reviewed,,,
stratospheric,2016-09-01T14:27:23.666680,-0.910182,924,924,925,924.469788,924.469788,2016-09-01T14:27:22.756498,2016-09-01T14:42:47.226286,2016-09-01T14:33:32.666680,5177.15308,287.8503446212018,1.5094750372699135,0.9027263914667685,1.0093374444567131,0.24210014202552643,6.234920081586562,1.4955107883492869,924,924,925,True,0.22186147186147187,True,True,infrasound,IU,HKT,30,LDO,1490.2452982347165,279.6835455210992,0.2,1.0,0.2,0.30000000000000004,Pa,False,not_reviewed,,,
thermospheric_or_slow,2016-09-01T14:44:31.796000,-0.00063,103757,103756,103756,2593.903009,2593.903009,2016-09-01T14:44:31.795370,2016-09-01T15:27:45.698379,2016-09-01T14:49:16.196000,6120.6824,247.9189673782318,0.06771226875718248,0.051843078262752175,0.04792867657952833,0.0076658173225907615,8.83301361195211,1.3061004675301442,103757,103756,103756,True,0.2675482136145031,True,True,infrasound,N4,N62A,EP,BDF,1517.4332602581176,23.411519646826328,0.2,1.0,0.2,1.0,Pa,False,not_reviewed,,,
tropospheric,2016-09-01T14:19:52.996000,-0.014209,22490,22490,22491,562.25396,562.25396,2016-09-01T14:19:52.981791,2016-09-01T14:29:15.235752,2016-09-01T14:26:52.396000,4776.8824,319.2697117730995,1.5638721333336458,1.0919296950920376,1.1500649852839988,0.08127866969617917,19.24086773540244,1.3598119700579014,22490,22490,22491,True,0.2614495331258337,True,True,infrasound,N4,L48A,EP,BDF,1525.113867021992,347.789868365384,0.2,1.0,0.2,1.0,Pa,False,not_reviewed,,,
thermospheric_or_slow,2016-09-01T14:45:01.346000,-0.009835,104281,104281,104282,2607.032251,2607.032251,2016-09-01T14:45:01.336165,2016-09-01T15:28:28.368417,2016-09-01T15:04:14.646000,7019.1324,217.27954113274626,1.737703646867588,1.0919296950920376,1.1500649852839988,0.05686478436939543,30.55851993703889,1.5109612666265784,104281,104281,104282,True,0.2493263394098637,True,True,infrasound,N4,L48A,EP,BDF,1525.113867021992,347.789868365384,0.2,1.0,0.2,1.0,Pa,False,not_reviewed,,,
stratospheric,2016-09-01T14:31:05.296000,-0.023516,38690,38690,38690,967.261324,967.261324,2016-09-01T14:31:05.272484,2016-09-01T14:47:12.533808,2016-09-01T14:31:55.021000,5079.5074,306.9638709738073,1.212008386316152,0.43703407907053465,0.7827817582283189,0.03369164982755489,35.97355405626069,1.5483349906611363,38690,38690,38690,True,0.2367536831222538,True,True,infrasound,N4,S39B,EP,BDF,1559.2252541440994,313.76338674137094,0.2,1.0,0.2,1.0,Pa,False,not_reviewed,,,
tropospheric,2016-09-01T14:22:30.550000,-0.023962,11652,11652,11651,582.58225,582.58225,2016-09-01T14:22:30.526038,2016-09-01T14:32:13.108288,2016-09-01T14:31:27.050000,5051.5364,312.826480514849,1.080736642661505,0.5489908445698123,0.36532079213561686,0.031011656668200157,34.84936823029224,1.968587733932735,11652,11652,11651,True,0.2900789564023344,True,True,infrasound,IM,I51H1,,BDF,1580.2543532046504,70.6090734245934,0.2,1.0,0.2,1.0,Pa,False,not_reviewed,,,
tropospheric,2016-09-01T14:22:32.550000,-0.773648,582,583,583,582.743581,582.743581,2016-09-01T14:22:31.776352,2016-09-01T14:32:14.519933,2016-09-01T14:29:39.550000,4944.0364,319.71689432304186,1.53110410130413,0.5684248961689269,0.38969927402214294,0.08268172714155846,18.51804690391559,2.693590853643944,582,583,583,True,0.26288659793814434,True,True,infrasound,IU,BBSR,30,LDO,1580.6919632280724,70.57185673716921,0.2,1.0,0.2,0.45,Pa,False,not_reviewed,,,
tropospheric,2016-09-01T14:22:33.400000,-0.002521,11660,11659,11659,582.952759,582.952759,2016-09-01T14:22:33.397479,2016-09-01T14:32:16.350238,2016-09-01T14:25:12.900000,4677.3864,338.0647273039166,0.08467923281139034,0.060218290533474085,0.05471105103275066,0.019368941888248566,4.371908042264638,1.40620452791364,11660,11659,11659,True,0.21269296740994853,True,True,infrasound,IM,I51H2,,BDF,1581.2593578110482,70.64730293269798,0.2,1.0,0.2,1.0,Pa,False,not_reviewed,,,
thermospheric_or_slow,2016-09-01T14:48:37.300000,-0.019639,54060,54060,54060,2703.007449,2703.007449,2016-09-01T14:48:37.280361,2016-09-01T15:33:40.287810,2016-09-01T15:11:28.200000,7452.6864,212.17307061397997,0.09290902662828134,0.0733309158565873,0.06291634242618832,0.015312971088375487,6.067341608109691,1.2669830390497616,54060,54060,54060,True,0.23677395486496486,True,True,infrasound,IM,I51H2,,BDF,1581.2593578110482,70.64730293269798,0.2,1.0,0.2,1.0,Pa,False,not_reviewed,,,
tropospheric,2016-09-01T14:23:56.046000,-0.018544,23744,23745,23745,593.614691,593.614691,2016-09-01T14:23:56.027456,2016-09-01T14:33:49.642147,2016-09-01T14:30:06.096000,4970.5824,323.94188848878355,1.4757120132942665,0.7000378213464524,0.7737160864433388,0.022202168409672953,66.46702187212192,1.9073042930746105,23744,23745,23745,True,0.2526954177897574,True,True,infrasound,N4,P40B,EP,BDF,1610.1798495451103,322.05257932636744,0.2,1.0,0.2,1.0,Pa,False,not_reviewed,,,
stratospheric,2016-09-01T14:33:49.646000,-0.003853,39955,39955,39955,998.870874,998.870874,2016-09-01T14:33:49.642147,2016-09-01T14:50:28.513021,2016-09-01T14:45:04.471000,5868.9574,274.3553479439313,1.1082865487325264,0.7000378213464524,0.8746045419158069,0.027525515077054488,40.26397128736762,1.2671859058779216,39955,39955,39955,True,0.26329620823426353,True,True,infrasound,N4,P40B,EP,BDF,1610.1798495451103,322.05257932636744,0.2,1.0,0.2,1.0,Pa,False,not_reviewed,,,
thermospheric_or_slow,2016-09-01T14:50:43.396000,-0.018911,110362,110362,110362,2759.05044,2759.05044,2016-09-01T14:50:43.377089,2016-09-01T15:36:42.427529,2016-09-01T14:55:17.571000,6482.0574,249.00188437662754,2.5018062575332625,1.9747380590002732,1.8804448611505138,0.09190018440364839,27.223082018472446,1.2669053731611482,110362,110362,110362,True,0.2580598394374875,True,True,infrasound,N4,K57A,EP,BDF,1614.0445072374628,12.010626574151306,0.2,1.0,0.2,1.0,Pa,False,not_reviewed,,,
stratospheric,2016-09-01T14:35:56.696000,-0.015363,40932,40933,40933,1023.301353,1023.301353,2016-09-01T14:35:56.680637,2016-09-01T14:52:59.981990,2016-09-01T14:45:17.446000,5881.9324,280.44555247354293,4.480364770562634,1.38643783146433,2.272079264755166,0.03707892293445037,120.83319621994428,1.9719227405763187,40932,40933,40933,True,0.34300791556728233,True,True,infrasound,TA,L44A,EP,BDF,1649.5617815300322,338.2546360935199,0.2,1.0,0.2,1.0,Pa,False,not_reviewed,,,
stratospheric,2016-09-01T14:35:58.646000,-0.006623,40947,40947,40948,1023.678034,1023.678034,2016-09-01T14:35:58.639377,2016-09-01T14:53:02.317411,2016-09-01T14:47:56.596000,6041.0824,273.15783523695126,2.0482010900327183,1.2780983274736282,1.5288530380603298,0.10036544346812136,20.407433268436456,1.3396978251299354,40947,40947,40948,True,0.24519500818130752,True,True,infrasound,N4,J55A,EP,BDF,1650.168990872046,7.891316746428012,0.2,1.0,0.2,1.0,Pa,False,not_reviewed,,,
tropospheric,2016-09-01T14:27:22.646000,-0.010177,24811,24811,24811,620.273835,620.273835,2016-09-01T14:27:22.635823,2016-09-01T14:37:42.909659,2016-09-01T14:32:01.046000,5085.5324,330.83906381648075,0.2606452282877961,0.15827516096535393,0.1026550346937792,0.020651206362486452,12.621307623038728,1.646785425445568,24811,24811,24811,True,0.2257063399298698,True,True,infrasound,N4,735B,EP,BDF,1682.4927782243803,275.2607239223049,0.2,1.0,0.2,1.0,Pa,False,not_reviewed,,,
stratospheric,2016-09-01T14:37:42.921000,-0.011341,41749,41749,41750,1043.730011,1043.730011,2016-09-01T14:37:42.909659,2016-09-01T14:55:06.639670,2016-09-01T14:53:52.671000,6397.1574,263.0063124950436,0.23749892912672788,0.18666781597684534,0.1026550346937792,0.024270942435292393,9.785319616653226,1.2723078581269078,41749,41749,41750,True,0.22515509353517446,True,True,infrasound,N4,735B,EP,BDF,1682.4927782243803,275.2607239223049,0.2,1.0,0.2,1.0,Pa,False,not_reviewed,,,
tropospheric,2016-09-01T14:28:38.496000,-0.012999,25202,25202,25202,630.060568,630.060568,2016-09-01T14:28:38.483001,2016-09-01T14:39:08.543569,2016-09-01T14:33:09.821000,5154.3074,331.5749639706225,2.488264163293321,0.925822741829985,1.8872972460078505,0.0363309102941673,68.48890223630858,1.3184272740060845,25202,25202,25202,True,0.2729942068089834,True,True,infrasound,N4,J58A,EP,BDF,1709.0392904485127,14.695552698108317,0.2,1.0,0.2,1.0,Pa,False,not_reviewed,,,
stratospheric,2016-09-01T14:39:08.546000,-0.002431,42408,42408,42408,1060.198071,1060.198071,2016-09-01T14:39:08.543569,2016-09-01T14:56:48.741640,2016-09-01T14:44:29.396000,5833.8824,292.9505898933637,2.3989422690172755,1.1074768430846027,1.8872972460078505,0.03288935171777355,72.93978578850724,1.2710993321755193,42408,42408,42408,True,0.21411054518015468,True,True,infrasound,N4,J58A,EP,BDF,1709.0392904485127,14.695552698108317,0.2,1.0,0.2,1.0,Pa,False,not_reviewed,,,
stratospheric,2016-09-01T14:40:01.846000,-0.005036,42818,42818,42818,1070.44757,1070.44757,2016-09-01T14:40:01.840964,2016-09-01T14:57:52.288534,2016-09-01T14:49:13.296000,6117.7824,282.05669471504467,0.064539538400873,0.03728852533628998,0.04244622644872197,0.0062754412809407035,10.284462161551508,1.5205012035366983,42818,42818,42818,True,0.2597038628614134,True,True,infrasound,N4,L64A,EP,BDF,1725.5614827298734,28.132957325065775,0.2,1.0,0.2,1.0,Pa,False,not_reviewed,,,
tropospheric,2016-09-01T14:30:28.666680,-0.189551,645,644,644,644.253359,644.253359,2016-09-01T14:30:28.477129,2016-09-01T14:41:12.730488,2016-09-01T14:38:41.666680,5486.15308,318.53599594262397,1.149304727567391,0.8251856698864911,0.7909906456225881,0.2060858035469849,5.576826291702157,1.3927831874800787,645,644,644,True,0.22170542635658913,True,True,infrasound,IU,HRV,30,LDO,1747.5372352314942,25.326023782905676,0.2,1.0,0.2,0.30000000000000004,Pa,False,not_reviewed,,,
stratospheric,2016-09-01T14:41:13.666680,-0.936192,1084,1084,1084,1084.080171,1084.080171,2016-09-01T14:41:12.730488,2016-09-01T14:59:16.810659,2016-09-01T14:48:47.666680,6092.15308,286.85051282911854,1.3487212791392271,0.8367711782915128,0.8654545993436511,0.20154142914189468,6.692029945811606,1.5583963389438091,1084,1084,1084,True,0.235239852398524,True,True,infrasound,IU,HRV,30,LDO,1747.5372352314942,25.326023782905676,0.2,1.0,0.2,0.30000000000000004,Pa,False,not_reviewed,,,
stratospheric,2016-09-01T14:42:57.946000,-0.011239,44173,44172,44173,1104.311762,1104.311762,2016-09-01T14:42:57.934761,2016-09-01T15:01:22.246523,2016-09-01T14:49:02.946000,6107.4324,291.4728225219352,0.24156531777901927,0.11717450035208712,0.1378277467189804,0.006258063561942852,38.60064944818552,1.752661010061721,44173,44172,44173,True,0.2698480972539787,True,True,infrasound,N4,L40A,EP,BDF,1780.1505599899167,330.0966482158728,0.2,1.0,0.2,1.0,Pa,False,not_reviewed,,,
thermospheric_or_slow,2016-09-01T15:01:22.271000,-0.024477,121719,121720,121720,3042.99241,3042.99241,2016-09-01T15:01:22.246523,2016-09-01T15:52:05.238933,2016-09-01T15:36:47.321000,8971.8074,198.4160471378283,0.5710796729790131,0.28970528246401017,0.19699532221469238,0.0055518381495055814,102.86317028710042,1.9712435621534026,121719,121720,121720,True,0.24581207535388885,True,True,infrasound,N4,L40A,EP,BDF,1780.1505599899167,330.0966482158728,0.2,1.0,0.2,1.0,Pa,False,not_reviewed,,,
tropospheric,2016-09-01T14:32:32.346000,-0.013785,26409,26409,26409,660.23466,660.23466,2016-09-01T14:32:32.332215,2016-09-01T14:43:32.566875,2016-09-01T14:38:06.621000,5451.1074,328.53627416936627,0.012699677728235076,0.006912880920615434,0.007333424494518111,0.0007767180072995344,16.3504355620502,1.7317527081281536,26409,26409,26409,True,0.32867583020939833,True,True,infrasound,N4,J61A,EP,BDF,1790.8865152930612,21.524103150194613,0.2,1.0,0.2,1.0,Pa,False,not_reviewed,,,
stratospheric,2016-09-01T14:43:32.571000,-0.004125,44439,44439,44439,1110.971784,1110.971784,2016-09-01T14:43:32.566875,2016-09-01T15:02:03.538659,2016-09-01T14:59:20.696000,6725.1824,266.2956049033051,0.022043889852052106,0.011642109348680272,0.007333424494518111,0.000809591229548748,27.22841978456089,1.8934618454301808,44439,44439,44439,True,0.22232723508629804,True,True,infrasound,N4,J61A,EP,BDF,1790.8865152930612,21.524103150194613,0.2,1.0,0.2,1.0,Pa,False,not_reviewed,,,
thermospheric_or_slow,2016-09-01T15:02:03.546000,-0.007341,122454,122454,122454,3061.344471,3061.344471,2016-09-01T15:02:03.538659,2016-09-01T15:53:04.883129,2016-09-01T15:06:40.971000,7165.4574,249.93331413749823,0.016093446703934047,0.011642109348680272,0.007333424494518111,0.00037009225732358196,43.48495918373969,1.382348011166754,122454,122454,122454,True,0.26556911166642166,True,True,infrasound,N4,J61A,EP,BDF,1790.8865152930612,21.524103150194613,0.2,1.0,0.2,1.0,Pa,False,not_reviewed,,,
ground_coupled_airwave,2016-09-01T13:19:26,-0.001252,19480,19480,19480,194.79604,194.79604,2016-09-01T13:19:25.998748,2016-09-01T13:22:40.794788,2016-09-01T13:20:37.100000,801.5864,346.29374499532406,2.8743492888986382e-06,1.5459286938290844e-06,1.7197916708374052e-06,3.6526681259093896e-07,7.86917724200039,1.6713357423687563,19480,19480,19480,True,2.448665297741273,True,True,seismic,N4,456A,,HHZ,277.58435639331987,330.08469329594095,0.5,5.0,0.5,5.0,m/s,False,not_reviewed,,,
P_candidate,2016-09-01T13:08:07.430000,-0.0039,8652,8652,8652,86.520834,86.520834,2016-09-01T13:08:07.426100,2016-09-01T13:09:33.946934,2016-09-01T13:09:11.180000,115.6664,3590.4982193253204,2.088841313596165e-06,6.079956744752292e-07,9.133256296689547e-07,1.9650382371907646e-07,10.630028841486517,2.2870718238283643,8652,8652,8652,True,0.6356911696717522,True,True,seismic,N4,255A,,HHZ,415.3000032357702,334.3699071311997,0.5,5.0,0.5,5.0,m/s,False,not_reviewed,,,
S_candidate,2016-09-01T13:08:47.810000,-0.00751,18458,18458,18458,184.577779,184.577779,2016-09-01T13:08:47.802490,2016-09-01T13:11:52.380269,2016-09-01T13:09:11.180000,115.6664,3590.4982193253204,2.088841313596165e-06,9.807691696940913e-07,1.017597070392512e-06,2.085509421274623e-07,10.015976395443497,2.0527194646801097,18458,18458,18458,True,2.389207931520208,True,True,seismic,N4,255A,,HHZ,415.3000032357702,334.3699071311997,0.5,5.0,0.5,5.0,m/s,False,not_reviewed,,,
surface_candidate,2016-09-01T13:09:14.180000,-0.009256,71194,71194,71194,711.942863,711.942863,2016-09-01T13:09:14.170744,2016-09-01T13:21:06.113606,2016-09-01T13:20:49.360000,813.8464,510.29285530509225,1.7050333684204639e-06,1.3634773933730591e-06,1.017597070392512e-06,1.9499528264830628e-07,8.743972393915108,1.250503584956727,71194,71194,71194,True,0.5183021041098969,True,True,seismic,N4,255A,,HHZ,415.3000032357702,334.3699071311997,0.5,5.0,0.5,5.0,m/s,False,not_reviewed,,,
