sensor_type,network,station,location,channel,latitude,longitude,elevation_m,sample_rate_hz,distance_km,source_to_station_azimuth_deg,station_to_source_back_azimuth_deg,metadata_start,metadata_end,is_dwpf,explicit_manifest_supplied
infrasound,IU,DWPF,30,LDO,28.1103,-81.4327,30.0,1.0,97.68282725822732,239.3800458947381,58.97398209969407,2010-09-24T00:00:00.000000Z,,True,False
infrasound,N4,060A,EP,BDF,27.0361,-80.361801,9.0,40.0,170.41442868169113,172.79423978290907,352.8947071773072,2014-02-04T18:00:21.000000Z,2019-03-17T00:00:00.000000Z,False,False
infrasound,N4,656A,EP,BDF,29.3689,-82.534798,28.0,40.0,210.72653368690598,295.5861346961097,114.6380138878582,2013-12-20T18:37:02.000000Z,2019-03-17T00:00:00.000000Z,False,False
infrasound,N4,456A,EP,BDF,30.7248,-82.022301,26.0,40.0,277.58435639331987,330.08469329594095,149.3697925771283,2013-12-19T18:10:45.000000Z,2019-03-17T00:00:00.000000Z,False,False
infrasound,N4,061Z,EP,BDF,25.8657,-80.906998,9.0,40.0,300.5423489834946,186.3168496798582,6.165989091701022,2014-02-07T18:05:56.000000Z,2019-03-17T00:00:00.000000Z,False,False
infrasound,N4,257A,EP,BDF,31.9746,-81.0261,9.0,40.0,380.7746904564904,353.59856379226915,173.37219705957096,2014-01-21T16:17:08.000000Z,2019-03-17T00:00:00.000000Z,False,False
infrasound,N4,255A,EP,BDF,31.9263,-82.4758,45.0,40.0,415.3000032357702,334.3699071311997,153.41313351836834,2014-02-03T22:45:52.000000Z,2018-09-18T16:05:00.000000Z,False,False
infrasound,N4,553A,EP,BDF,30.188999,-84.431702,16.0,40.0,415.36617625845753,296.66766452497995,114.77617987939749,2013-12-16T15:33:23.000000Z,2019-03-17T00:00:00.000000Z,False,False
infrasound,TA,TIGA,EP,BDF,31.4389,-83.589798,109.0,40.0,431.46200516679613,318.3969686873731,136.88991513686582,2015-07-17T13:30:00.000000Z,2018-08-15T20:35:16.000000Z,False,False
infrasound,N4,154A,EP,BDF,32.613098,-83.106598,111.0,40.0,510.40542994987766,332.2587604275699,150.97070595359048,2014-02-10T16:25:51.000000Z,2019-03-17T00:00:00.000000Z,False,False
infrasound,N4,352A,EP,BDF,31.4793,-84.927399,101.0,40.0,529.7102127278853,308.692082551164,126.51413404404855,2014-02-03T22:45:52.000000Z,2019-03-17T00:00:00.000000Z,False,False
infrasound,N4,451A,EP,BDF,30.615999,-85.746696,20.0,40.0,550.0671377568837,295.70858019005055,113.15428944068624,2013-12-16T19:05:00.000000Z,2017-07-23T18:00:00.000000Z,False,False
infrasound,N4,Y58A,EP,BDF,33.905701,-79.666496,19.0,40.0,598.7934653627814,8.097919197667187,188.57067377722825,2016-03-15T18:00:00.000000Z,2019-03-17T00:00:00.000000Z,False,False
infrasound,N4,152A,EP,BDF,32.668598,-84.718803,214.0,40.0,604.0073701589646,319.94043308271335,137.82919487042284,2014-02-03T22:45:20.000000Z,2019-03-17T00:00:00.000000Z,False,False
infrasound,US,GOGA,30,LDO,33.41476,-83.47327,150.0,1.0,604.8933867041543,333.52526189701126,152.03260610124028,2011-05-02T21:40:00.000000Z,2022-12-04T14:00:00.000000Z,False,False
infrasound,N4,Y57A,EP,BDF,34.016998,-80.391502,56.0,40.0,605.0871687226311,1.6268563581087911,181.72341334001985,2015-01-21T16:00:28.000000Z,2019-03-17T00:00:00.000000Z,False,False
infrasound,N4,Y59A,EP,BDF,33.9897,-78.873703,2.0,40.0,623.2483695006572,14.649698765518455,195.5351303801571,2015-01-25T19:38:16.000000Z,2016-12-13T18:30:00.000000Z,False,False
infrasound,N4,Y60A,EP,BDF,34.004601,-78.216301,7.0,40.0,643.904492454187,19.827904054323223,201.05536572258939,2015-01-30T15:56:27.000000Z,2019-03-17T00:00:00.000000Z,False,False
infrasound,N4,250A,EP,BDF,31.9778,-86.2677,152.0,40.0,665.5645986207622,306.07593292936497,123.20445729162446,2013-12-16T15:33:23.000000Z,2019-03-17T00:00:00.000000Z,False,False
infrasound,N4,X58A,EP,BDF,34.554798,-79.338799,45.0,40.0,674.7883373871122,9.714654753433663,190.36370416937808,2015-01-26T14:15:49.000000Z,2017-10-17T00:00:00.000000Z,False,False
infrasound,N4,Y52A,EP,BDF,33.863998,-84.062599,286.0,40.0,675.0641122186697,331.42254403883425,149.61399017967057,2014-05-25T15:16:37.000000Z,2019-03-17T00:00:00.000000Z,False,False
infrasound,N4,Z51A,EP,BDF,33.3167,-85.174698,249.0,40.0,686.0537297976008,321.3506707704629,138.9839808156718,2013-12-16T15:33:23.000000Z,2018-03-05T15:00:00.000000Z,False,False
infrasound,N4,W57A,EP,BDF,35.152901,-79.992798,85.0,40.0,732.9231206640999,4.1756116038820945,184.48458044639656,2015-01-30T20:52:15.000000Z,2019-03-17T00:00:00.000000Z,False,False
infrasound,TA,KMSC,EP,BDF,35.141998,-81.333298,240.0,40.0,733.1212184787873,354.59525238877336,174.19557717880394,2013-03-06T20:00:00.000000Z,2018-08-15T20:35:16.000000Z,False,False
infrasound,N4,X51A,EP,BDF,34.5658,-84.857399,214.0,40.0,779.7072116216483,329.6986760084218,147.4543649254266,2014-04-12T14:35:00.000000Z,2019-03-17T00:00:00.000000Z,False,False
infrasound,N4,W52A,EP,BDF,35.093498,-83.927696,519.0,40.0,790.5067194539882,337.2165924550854,155.44640574849956,2014-03-11T18:25:52.000000Z,2019-03-17T00:00:00.000000Z,False,False
infrasound,N4,Y49A,EP,BDF,33.8577,-86.411903,362.0,40.0,808.3156426679806,318.0400765488093,135.0115259113859,2013-12-16T15:33:23.000000Z,2019-03-17T00:00:00.000000Z,False,False
infrasound,N4,V55A,EP,BDF,35.851799,-81.214897,313.0,40.0,810.6069557707584,355.91400778729343,175.57343864524816,2014-12-19T16:59:36.000000Z,2019-03-17T00:00:00.000000Z,False,False
infrasound,N4,V58A,EP,BDF,35.793999,-79.114998,127.0,40.0,813.7034135148372,9.373377294388607,190.15366574010812,2015-02-05T19:34:59.000000Z,2019-03-17T00:00:00.000000Z,False,False
infrasound,N4,V53A,EP,BDF,35.669399,-82.812401,681.0,40.0,815.8067550026146,345.6006355534472,164.4099325678318,2014-03-14T15:52:30.000000Z,2019-03-17T00:00:00.000000Z,False,False
infrasound,N4,V52A,EP,BDF,35.841702,-83.595901,328.0,40.0,855.8233658433593,341.3687522571615,159.75654991831763,2014-03-08T15:49:03.000000Z,2018-08-20T17:45:00.000000Z,False,False
infrasound,N4,W50A,EP,BDF,35.200199,-85.311897,587.0,40.0,861.3849830474123,329.9003222788015,147.39441081529696,2014-03-09T15:00:40.000000Z,2019-03-17T00:00:00.000000Z,False,False
infrasound,N4,U56A,EP,BDF,36.347198,-80.382896,363.0,40.0,863.5434366648466,1.160934924888848,181.26544913404234,2015-04-13T16:32:58.000000Z,2019-03-17T00:00:00.000000Z,False,False
infrasound,N4,V51A,EP,BDF,35.803299,-84.351097,243.0,40.0,878.1170125937925,337.0823230573328,155.06771824674655,2014-03-10T18:18:01.000000Z,2018-03-07T15:30:00.000000Z,False,False
infrasound,N4,Z47B,EP,BDF,33.198898,-88.069603,64.0,40.0,881.3685452031069,307.5417134397606,123.689033381104,2014-02-28T00:00:00.000000Z,2019-03-17T00:00:00.000000Z,False,False
infrasound,N4,V61A,EP,BDF,35.791199,-76.577599,4.0,40.0,885.7262224103399,24.154653136421203,206.28944620552295,2015-02-02T15:25:49.000000Z,2019-03-17T00:00:00.000000Z,False,False
infrasound,N4,U54A,EP,BDF,36.520901,-81.820396,837.0,40.0,890.2903516736927,352.7921789589025,172.12181517607817,2015-04-13T16:59:00.000000Z,2019-03-17T00:00:00.000000Z,False,False
infrasound,N4,X48A,EP,BDF,34.451698,-87.045197,180.0,40.0,896.2027221839605,318.3960473576504,135.00876574507433,2013-12-16T15:33:23.000000Z,2019-03-17T00:00:00.000000Z,False,False
infrasound,N4,U59A,EP,BDF,36.3526,-77.792503,99.0,40.0,902.619647888204,16.125538963048804,197.62368835364637,2015-02-02T15:25:59.000000Z,2018-03-13T14:00:00.000000Z,False,False
infrasound,N4,346B,EP,BDF,31.3876,-89.464897,86.0,40.0,912.794624559488,292.24615169518586,107.79761506426323,2014-01-26T00:00:00.000000Z,2019-03-17T00:00:00.000000Z,False,False
infrasound,N4,146B,EP,BDF,32.636799,-89.057297,161.0,40.0,929.8231484750258,301.16464312269363,116.83938986623002,2014-03-02T00:00:00.000000Z,2019-03-17T00:00:00.000000Z,False,False
infrasound,N4,T57A,EP,BDF,36.998299,-79.253799,230.0,40.0,943.7503690170366,7.196300818879327,187.91478967418715,2015-03-18T16:47:41.000000Z,2019-03-17T00:00:00.000000Z,False,False
infrasound,N4,T59A,EP,BDF,36.9716,-77.5541,63.0,40.0,974.5395072810779,16.09174103685762,197.7326074744723,2015-02-04T16:49:08.000000Z,2019-03-17T00:00:00.000000Z,False,False
infrasound,N4,545B,EP,BDF,30.0441,-90.489403,8.0,40.0,976.5802669346509,282.0876559814668,97.22667126723573,2014-01-21T00:00:00.000000Z,2019-03-17T00:00:00.000000Z,False,False
infrasound,N4,V48A,EP,BDF,35.740002,-86.821899,278.0,40.0,989.7174432408955,325.11565936953656,141.78361019457498,2013-12-16T15:33:00.000000Z,2019-03-17T00:00:00.000000Z,False,False
infrasound,N4,U49A,EP,BDF,36.512901,-85.779602,234.0,40.0,1007.6665840833065,332.3699639527765,149.56370886338894,2014-02-24T17:02:38.000000Z,2019-03-17T00:00:00.000000Z,False,False
infrasound,N4,T60A,EP,BDF,37.139702,-76.734901,11.0,40.0,1016.7478166487299,19.690349059942385,201.78104627702436,2015-04-23T15:27:17.000000Z,2018-03-15T14:20:00.000000Z,False,False
infrasound,N4,T50A,EP,BDF,37.020401,-84.838402,302.0,40.0,1019.1203589652563,338.0790230162619,155.76417288451518,2014-04-17T23:40:00.000000Z,2019-03-17T00:00:00.000000Z,False,False
infrasound,N4,S54A,EP,BDF,37.799702,-81.311401,636.0,40.0,1026.822518520323,356.3739657275973,175.97083565448335,2015-04-28T16:00:55.000000Z,2019-03-17T00:00:00.000000Z,False,False
infrasound,N4,344B,EP,BDF,31.4527,-90.731903,85.0,40.0,1030.289212086036,290.61084325993767,105.52070957072269,2014-01-23T00:00:00.000000Z,2018-03-03T18:00:00.000000Z,False,False
infrasound,N4,S57A,EP,BDF,37.760502,-78.953598,264.0,40.0,1031.3235348441417,8.00803350007791,188.89906116799753,2015-04-28T14:18:52.000000Z,2019-03-17T00:00:00.000000Z,False,False
infrasound,N4,Y45B,EP,BDF,33.865601,-89.543098,101.0,40.0,1036.449989022384,306.80356823040165,122.14517202088521,2014-02-25T00:00:00.000000Z,2019-03-17T00:00:00.000000Z,False,False
infrasound,N4,S51A,EP,BDF,37.639198,-83.593498,286.0,40.0,1045.1825957890803,345.1825219676263,163.5298273605597,2014-04-21T14:25:51.000000Z,2019-03-17T00:00:00.000000Z,False,False
infrasound,N4,R58B,EP,BDF,37.9636,-77.8787,116.0,40.0,1072.472192725812,12.830936355664868,194.31621463558002,2015-04-28T14:18:52.000000Z,2019-03-17T00:00:00.000000Z,False,False
infrasound,N4,R55A,EP,BDF,38.282501,-80.119499,833.0,40.0,1078.9730866734965,2.13724490136502,182.39026502909937,2015-05-01T13:22:11.000000Z,2018-11-30T00:00:00.000000Z,False,False
infrasound,IU,WVT,30,LDO,36.1297,-87.83,170.0,1.0,1081.0940533237456,322.75827445980894,138.86559973280973,2011-01-23T00:00:00.000000Z,,False,False
infrasound,N4,R53A,EP,BDF,38.3307,-81.952202,294.0,40.0,1090.9624002523396,353.64255312638477,172.88192005118313,2014-12-09T14:48:27.000000Z,2018-03-09T16:00:00.000000Z,False,False
infrasound,N4,W45B,EP,BDF,35.156799,-89.185997,182.0,40.0,1093.8822971529517,314.12029538143514,129.56249685064333,2014-02-10T00:00:00.000000Z,2017-08-29T15:20:00.000000Z,False,False
infrasound,N4,S61A,EP,BDF,37.680401,-75.672699,58.0,40.0,1109.5931630296634,23.041990975001237,205.73155680200017,2015-02-09T21:01:28.000000Z,2019-03-17T00:00:00.000000Z,False,False
infrasound,N4,T47A,EP,BDF,36.988098,-87.105499,217.0,40.0,1116.1094498520188,328.5158334668639,144.9694713077856,2013-12-16T15:33:00.000000Z,2019-03-17T00:00:00.000000Z,False,False
infrasound,N4,R50A,EP,BDF,38.281601,-84.3274,255.0,40.0,1132.7545395434995,343.0825156070259,161.00892393465253,2014-04-23T16:25:00.000000Z,2019-03-17T00:00:00.000000Z,False,False
infrasound,N4,143B,EP,BDF,32.703201,-91.403603,31.0,40.0,1134.1282566104344,296.56021735016253,111.02797842533306,2016-04-08T16:00:00.000000Z,2018-01-30T17:00:00.000000Z,False,False
infrasound,N4,Q54A,EP,BDF,38.983601,-80.833801,254.0,40.0,1156.2084747189183,358.89210271395285,178.74886700996154,2014-12-08T17:52:24.000000Z,2019-03-17T00:00:00.000000Z,False,False
infrasound,N4,R49A,EP,BDF,38.291599,-85.171402,251.0,40.0,1160.2023931059343,339.6369261888512,157.09598966918787,2015-09-16T22:00:00.000000Z,2019-03-17T00:00:00.000000Z,False,False
infrasound,N4,Q52A,EP,BDF,38.9622,-82.266899,228.0,40.0,1164.0939417028378,352.73315881456585,171.79017926585348,2014-12-01T16:45:59.000000Z,2019-03-17T00:00:00.000000Z,False,False
infrasound,N4,Q56A,EP,BDF,39.0401,-79.187103,430.0,40.0,1169.2980685386992,5.940547348573529,186.71715613837492,2015-05-05T15:58:00.000000Z,2018-11-17T00:00:00.000000Z,False,False
infrasound,N4,342B,EP,BDF,31.374701,-92.324898,37.0,40.0,1175.2424160860742,288.26563396729284,102.38009084434944,2014-01-17T00:00:00.000000Z,2017-04-01T15:50:00.000000Z,False,False
infrasound,N4,R61A,EP,BDF,38.330299,-75.338997,76.0,40.0,1187.302092228739,22.796589725113556,205.6956033769518,2015-02-09T21:01:28.000000Z,2019-03-17T00:00:00.000000Z,False,False
infrasound,N4,Q51A,EP,BDF,39.026001,-83.345596,362.0,40.0,1188.4675819551749,348.2988092618442,166.75233774865012,2014-05-21T18:05:51.000000Z,2019-03-17T00:00:00.000000Z,False,False
infrasound,IU,WCI,31,LDO,38.2289,-86.2939,78.0,1.0,1196.172348038908,335.15112284403176,151.99147978701816,2013-01-03T18:25:00.000000Z,2023-05-12T13:48:00.000000Z,False,False
infrasound,N4,T45B,EP,BDF,37.0159,-88.645897,136.0,40.0,1203.2013903897086,323.2471121562244,138.86045604280145,2015-11-04T00:00:00.000000Z,2019-03-17T00:00:00.000000Z,False,False
infrasound,IU,TEIG,30,LDO,20.22624,-88.27633,32.0,1.0,1208.5324090536747,221.8902830870789,38.697998982010546,2014-10-30T00:00:00.000000Z,,False,False
infrasound,N4,P53A,EP,BDF,39.486801,-81.389603,270.0,40.0,1214.134900464781,356.6800319590057,176.22337316391418,2014-11-24T17:05:30.000000Z,2019-03-17T00:00:00.000000Z,False,False
infrasound,N4,P51A,EP,BDF,39.4818,-83.060097,211.0,40.0,1232.6383785278508,349.96017318017255,168.56447121850553,2014-12-01T16:45:59.000000Z,2018-09-27T22:15:00.000000Z,False,False
infrasound,N4,P57A,EP,BDF,39.483501,-78.012604,191.0,40.0,1234.239145989086,10.359916772754612,191.8015939356086,2015-05-05T19:08:58.000000Z,2019-03-17T00:00:00.000000Z,False,False
infrasound,TA,P52A,EP,BDF,39.633701,-82.1325,293.0,40.0,1236.4363175924432,353.7622082717012,172.886163401237,2014-11-28T15:50:00.000000Z,2018-09-27T17:30:00.000000Z,False,False
infrasound,LD,MIDE,EP,BDF,38.879902,-75.3256,5.0,40.0,1243.0398812054036,21.618016102828612,204.54674950644073,2016-02-01T00:00:00.000000Z,2016-10-26T17:24:00.000000Z,False,False
infrasound,N4,441B,EP,BDF,30.7498,-93.189796,33.0,40.0,1244.230344715064,284.3183213383813,98.05741504600854,2014-01-15T00:00:00.000000Z,2019-03-17T00:00:00.000000Z,False,False
infrasound,TA,P49A,EP,BDF,39.534199,-84.7164,272.0,40.0,1275.2644501360392,343.6998559941728,161.37097713947543,2014-01-14T18:00:00.000000Z,2018-11-27T16:43:00.000000Z,False,False
infrasound,N4,O52A,EP,BDF,40.115799,-81.836098,331.0,40.0,1286.8507075781943,355.1837507830039,174.46997113874093,2014-12-01T16:45:59.000000Z,2019-03-17T00:00:00.000000Z,False,False
infrasound,N4,P48A,EP,BDF,39.460499,-85.425797,300.0,40.0,1288.6376011099887,340.99541992581464,158.2698667874175,2014-05-02T21:06:00.000000Z,2019-03-17T00:00:00.000000Z,False,False
infrasound,N4,O54A,EP,BDF,40.182098,-80.3778,357.0,40.0,1289.1602143523314,0.7599790103272919,180.87313912091994,2014-11-24T17:05:30.000000Z,2019-03-17T00:00:00.000000Z,False,False
infrasound,N4,S44A,EP,BDF,37.6936,-89.255096,155.0,40.0,1295.3566388739137,323.653822154128,138.88974193806644,2013-12-16T15:33:00.000000Z,2019-03-17T00:00:00.000000Z,False,False
infrasound,TA,O53A,EP,BDF,40.249298,-81.212898,320.0,40.0,1297.7983800908341,357.59491824375743,177.23383681505683,2012-12-13T00:00:00.000000Z,2018-09-27T14:33:00.000000Z,False,False
infrasound,LD,GEDE,EP,BDF,39.811298,-75.635803,105.0,40.0,1327.7828046114985,18.698623316144303,201.48980616165662,2016-02-01T00:00:00.000000Z,,False,False
infrasound,N4,O49A,EP,BDF,40.188,-84.335297,292.0,40.0,1334.8285876245739,346.0338842877037,163.90051985644666,2014-05-08T22:13:57.000000Z,2019-03-17T00:00:00.000000Z,False,False
infrasound,N4,P61A,EP,BDF,39.673401,-74.791901,22.0,40.0,1342.3283329787478,21.833012191508242,205.09521803331492,2015-02-12T19:17:59.000000Z,2019-03-17T00:00:00.000000Z,False,False
infrasound,N4,N53A,EP,BDF,40.806499,-80.8377,360.0,40.0,1358.5746694025509,359.06589382441774,178.91680543274114,2014-10-24T15:03:35.000000Z,2019-03-17T00:00:00.000000Z,False,False
infrasound,N4,T42B,EP,BDF,37.029999,-91.092499,165.0,40.0,1359.1506443680742,316.3908774630533,130.66826610483093,2015-04-20T17:00:00.000000Z,2018-11-16T00:00:00.000000Z,False,False
infrasound,IU,SSPA,30,LDO,40.6358,-77.8876,270.0,1.0,1361.7419153192052,9.68932590402237,191.22529091245207,2013-01-03T00:00:00.000000Z,2017-09-25T00:00:00.000000Z,False,False
infrasound,TA,O48B,EP,BDF,40.257099,-85.155296,300.0,40.0,1363.3729286054495,343.28852579414007,160.68691305846122,2016-01-12T00:00:00.000000Z,2019-02-12T18:00:25.000000Z,False,False
infrasound,N4,P46A,EP,BDF,39.617802,-87.206703,194.0,40.0,1369.4606624454536,335.29378948355304,151.557731561738,2013-12-20T18:36:39.000000Z,2019-03-17T00:00:00.000000Z,False,False
infrasound,N4,N51A,EP,BDF,40.918301,-82.374802,343.0,40.0,1380.5381118167797,353.65398706566333,172.62355827678826,2014-11-03T19:32:15.000000Z,2019-03-17T00:00:00.000000Z,False,False
infrasound,N4,Q44B,EP,BDF,38.903301,-89.016899,168.0,40.0,1386.8041270840786,327.98335942377645,143.27153983103693,2014-02-16T00:00:00.000000Z,2019-03-17T00:00:00.000000Z,False,False
infrasound,N4,N58A,EP,BDF,40.8396,-76.715797,200.0,40.0,1406.8166578852292,13.485950499873827,195.69749493947694,2015-05-14T15:29:18.000000Z,2019-03-17T00:00:00.000000Z,False,False
infrasound,N4,N49A,EP,BDF,40.922001,-84.182503,225.0,40.0,1410.008303487468,347.46673707145163,165.3996384017122,2014-05-11T15:00:10.000000Z,2019-03-17T00:00:00.000000Z,False,False
infrasound,TA,M53A,EP,BDF,41.439301,-80.675003,334.0,40.0,1428.6711326378982,359.66944818014844,179.61299565170415,2013-01-14T00:00:00.000000Z,2018-09-27T15:45:00.000000Z,False,False
infrasound,TA,SFIN,EP,BDF,40.379002,-87.096703,165.0,40.0,1440.13776984632,337.2390461299155,153.52664423724687,2011-10-10T16:05:00.000000Z,2018-08-15T20:35:16.000000Z,False,False
infrasound,N4,M55A,EP,BDF,41.468601,-78.7649,531.0,40.0,1441.320204296907,6.080280561269974,187.12688080372297,2014-10-14T17:51:43.000000Z,2018-08-03T16:05:00.000000Z,False,False
infrasound,N4,M52A,EP,BDF,41.540501,-81.357002,382.0,40.0,1441.6208965852588,357.3908556989402,176.94011073900282,2014-10-28T15:28:24.000000Z,2019-03-17T00:00:00.000000Z,False,False
infrasound,N4,M50A,EP,BDF,41.4035,-83.042801,176.0,40.0,1442.1619353410238,351.7122391810303,170.28954431105694,2014-05-14T17:23:37.000000Z,2019-03-17T00:00:00.000000Z,False,False
infrasound,N4,N47A,EP,BDF,40.8801,-85.694199,252.0,40.0,1443.9505722434474,342.4904524254662,159.55762273334855,2014-05-12T17:32:28.000000Z,2019-03-17T00:00:00.000000Z,False,False
infrasound,IU,CCM,30,LDO,38.0557,-91.2446,171.0,1.0,1445.5264430743505,319.49681798178034,133.60667625229928,2011-07-14T00:00:00.000000Z,,False,False
infrasound,N4,M57A,EP,BDF,41.3372,-77.127998,319.0,40.0,1451.547164416597,11.566895685577487,193.55557446173728,2015-05-18T15:02:39.000000Z,2017-07-24T18:00:00.000000Z,False,False
infrasound,N4,Z38B,EP,BDF,33.259899,-94.985199,115.0,40.0,1470.8478789796231,294.32785738284673,106.89118755610815,2014-02-12T00:00:00.000000Z,2019-03-17T00:00:00.000000Z,False,False
infrasound,N4,O44A,EP,BDF,40.152599,-88.467102,213.0,40.0,1474.9292617825474,332.7145810713595,148.23413922223344,2013-11-08T22:51:00.000000Z,2018-04-28T15:32:00.000000Z,False,False
infrasound,N4,P43A,EP,BDF,39.6409,-89.521301,176.0,40.0,1478.4946565021962,328.54410187497365,143.49888402598265,2013-11-08T22:51:00.000000Z,2019-03-17T00:00:00.000000Z,False,False
infrasound,IU,HKT,30,LDO,29.9618,-95.8384,-394.0,1.0,1490.2452982347165,279.6835455210992,92.18939169544494,2013-07-09T15:45:00.000000Z,2018-01-26T16:50:00.000000Z,False,False
infrasound,N4,237B,EP,BDF,32.001499,-95.808403,116.0,40.0,1512.7283322558433,288.35901391765253,100.64112558720564,2014-02-05T00:00:00.000000Z,2019-03-05T22:26:59.000000Z,False,False
infrasound,N4,N62A,EP,BDF,40.931301,-73.467697,34.0,40.0,1517.4332602581176,23.411519646826328,207.49089357118456,2015-06-05T16:12:59.000000Z,2019-03-17T00:00:00.000000Z,False,False
infrasound,N4,L48A,EP,BDF,41.943802,-84.432899,369.0,40.0,1525.113867021992,347.789868365384,165.54854672189822,2014-05-23T15:22:07.000000Z,2019-02-21T23:59:40.000000Z,False,False
infrasound,N4,R40B,EP,BDF,38.290901,-92.268402,218.0,40.0,1529.307657917157,317.888557095897,131.40924535435997,2014-03-10T00:00:00.000000Z,2019-03-17T00:00:00.000000Z,False,False
infrasound,N4,L56A,EP,BDF,42.136501,-77.559097,688.0,40.0,1530.5719170620125,9.469628218553945,191.228410132821,2015-06-15T14:38:46.000000Z,2019-03-17T00:00:00.000000Z,False,False
infrasound,OK,X37A,EP,BDF,34.5892,-95.3713,207.0,40.0,1553.029194627493,299.2091749632129,111.42036426513577,2012-02-24T00:00:00.000000Z,,False,False
infrasound,N4,S39B,EP,BDF,37.690899,-93.322601,340.0,40.0,1559.2252541440994,313.76338674137094,126.75564534856278,2015-07-28T14:00:00.000000Z,2019-03-17T00:00:00.000000Z,False,False
infrasound,N4,U38B,EP,BDF,36.4394,-94.385696,389.0,40.0,1561.6752606704995,307.52998043568584,120.06716489766272,2014-02-15T00:00:00.000000Z,2019-03-17T00:00:00.000000Z,False,False
infrasound,N4,M44A,EP,BDF,41.388199,-88.043198,207.0,40.0,1576.2658202033967,336.47835760114197,152.16758472007166,2015-11-17T16:00:00.000000Z,2019-03-17T00:00:00.000000Z,False,False
infrasound,IM,I51H4,,BDF,32.34957,-64.71104,12.6,20.0,1578.8592751380247,70.64847854259321,258.7335830358086,2008-11-10T00:00:00.000000Z,2020-12-15T00:00:00.000000Z,False,False
infrasound,N4,L46A,EP,BDF,42.012699,-86.295502,223.0,40.0,1579.3793032404888,342.392219585257,159.06410005592068,2014-05-27T13:41:56.000000Z,2018-07-18T14:45:00.000000Z,False,False
infrasound,IM,I51H3,,BDF,32.34124,-64.70222,26.8,20.0,1579.4934907517722,70.68762473704223,258.7762506764369,2008-11-10T00:00:00.000000Z,2020-12-15T00:00:00.000000Z,False,False
infrasound,IM,I51H1,,BDF,32.36154,-64.69874,34.6,20.0,1580.2543532046504,70.6090734245934,258.7019664738,2008-11-10T00:00:00.000000Z,2020-12-15T00:00:00.000000Z,False,False
infrasound,IU,BBSR,30,LDO,32.371299,-64.696299,30.0,1.0,1580.6919632280724,70.57185673716921,258.66719681507084,2008-08-01T00:00:00.000000Z,,False,False
infrasound,IM,I51H2,,BDF,32.35408,-64.6861,33.3,20.0,1581.2593578110482,70.64730293269798,258.74578923703405,2008-11-10T00:00:00.000000Z,2020-12-15T00:00:00.000000Z,False,False
infrasound,N4,K50A,EP,BDF,42.774899,-82.6231,191.0,40.0,1587.6951054742335,353.8845230831559,172.6822290440738,2014-07-23T16:47:43.000000Z,2019-03-17T00:00:00.000000Z,False,False
infrasound,N4,L59A,EP,BDF,42.190201,-75.042603,677.0,40.0,1592.5255097926051,16.836192622887037,200.06492465893402,2015-06-11T01:04:00.000000Z,2019-03-17T00:00:00.000000Z,False,False
infrasound,N4,P40B,EP,BDF,39.5298,-92.048302,320.0,40.0,1610.1798495451103,322.05257932636744,135.58596084681042,2014-03-19T00:00:00.000000Z,2019-03-17T00:00:00.000000Z,False,False
infrasound,N4,K57A,EP,BDF,42.7313,-76.516296,408.0,40.0,1614.0445072374628,12.010626574151306,194.39617932109977,2015-05-23T15:01:04.000000Z,2019-03-17T00:00:00.000000Z,False,False
infrasound,N4,M63A,EP,BDF,41.403801,-72.046402,44.0,40.0,1621.6750943866377,26.29675537335045,211.22479889660997,2015-06-05T15:23:56.000000Z,2019-03-17T00:00:00.000000Z,False,False
infrasound,N4,J54A,EP,BDF,43.2728,-78.639198,112.0,40.0,1641.521825521599,5.5602029478228445,186.706604067805,2014-10-17T19:27:46.000000Z,2018-08-28T15:15:00.000000Z,False,False
infrasound,N4,N41A,EP,BDF,40.707699,-90.855202,226.0,40.0,1641.560723405369,327.85067463039474,141.96550109782595,2013-11-08T22:51:00.000000Z,2019-03-17T00:00:00.000000Z,False,False
infrasound,TA,TUL1,EP,BDF,35.9104,-95.791901,256.0,40.0,1646.4217266451758,303.5295003070404,115.36261754960438,2012-01-24T17:00:00.000000Z,2017-04-25T18:59:59.000000Z,False,False
infrasound,TA,L44A,EP,BDF,42.1782,-87.911903,202.0,40.0,1649.5617815300322,338.2546360935199,153.9747936776943,2011-10-10T00:00:00.000000Z,2019-03-14T19:55:00.000000Z,False,False
infrasound,N4,J55A,EP,BDF,43.265701,-77.816704,97.0,40.0,1650.168990872046,7.891316746428012,189.52420459186033,2014-10-10T19:26:06.000000Z,2019-03-17T00:00:00.000000Z,False,False
infrasound,TA,WHTX,EP,BDF,31.991301,-97.4561,190.0,40.0,1666.008196957145,287.3607828487195,98.80065074394065,2011-07-29T14:54:00.000000Z,2018-08-15T20:35:16.000000Z,False,False
infrasound,N4,J56A,EP,BDF,43.276001,-76.857903,93.0,40.0,1666.332839376248,10.552593511476381,192.75315520392317,2015-06-18T14:14:45.000000Z,2018-09-01T18:40:00.000000Z,False,False
infrasound,N4,J47A,EP,BDF,43.238201,-84.821404,236.0,40.0,1672.3064062968551,347.9749692130454,165.46492360187665,2014-06-23T15:26:51.000000Z,2019-03-17T00:00:00.000000Z,False,False
infrasound,N4,Z35B,EP,BDF,33.330898,-97.252998,234.0,40.0,1676.5963265183927,292.54352144613745,103.91578171615464,2014-02-10T00:00:00.000000Z,2019-03-17T00:00:00.000000Z,False,False
infrasound,N4,735B,EP,BDF,28.855301,-97.808197,109.0,40.0,1682.4927782243803,275.2607239223049,86.93517130874038,2014-02-27T00:00:00.000000Z,2019-03-17T00:00:00.000000Z,False,False
infrasound,TA,L61B,EP,BDF,42.449799,-72.680199,261.0,40.0,1697.3354227264997,22.71084221099508,207.3361412758489,2013-09-10T00:00:00.000000Z,2019-03-14T19:55:00.000000Z,False,False
infrasound,N4,J57A,EP,BDF,43.409901,-75.996803,191.0,40.0,1697.7926710413897,12.761271417644899,195.47641343591818,2015-06-22T14:39:27.000000Z,2019-03-17T00:00:00.000000Z,False,False
infrasound,TA,M65A,EP,BDF,41.562,-70.6466,22.0,40.0,1700.3811287315,29.37550564894152,215.1269050171873,2012-07-24T00:00:00.000000Z,2022-01-18T16:40:00.000000Z,False,False
infrasound,N4,L42A,EP,BDF,42.004002,-89.667,257.0,40.0,1702.8237488561224,333.5341367961838,148.2399171385566,2013-11-20T00:00:00.000000Z,2019-03-17T00:00:00.000000Z,False,False
infrasound,N4,J58A,EP,BDF,43.360298,-75.285202,436.0,40.0,1709.0392904485127,14.695552698108317,197.83083136667886,2015-08-10T15:11:16.000000Z,2018-08-30T16:45:00.000000Z,False,False
infrasound,N4,P38B,EP,BDF,39.624802,-93.532097,248.0,40.0,1709.585522797716,319.2403648741555,131.9231338621099,2014-03-09T00:00:00.000000Z,2019-03-17T00:00:00.000000Z,False,False
infrasound,N4,K43A,EP,BDF,42.704399,-88.332001,264.0,40.0,1717.2723166547682,338.07748900768877,153.5202884222832,2013-11-27T16:19:00.000000Z,2019-03-17T00:00:00.000000Z,False,False
infrasound,N4,I49A,EP,BDF,43.939999,-82.8246,217.0,40.0,1718.1631688868868,353.8994648401352,172.5583252373769,2015-08-15T20:00:00.000000Z,2019-03-13T23:00:00.000000Z,False,False
infrasound,N4,L64A,EP,BDF,41.935902,-70.839104,17.0,40.0,1725.5614827298734,28.132957325065775,213.80078915926387,2015-09-26T16:54:42.000000Z,2019-03-17T00:00:00.000000Z,False,False
infrasound,N4,K62A,EP,BDF,42.6651,-72.234497,289.0,40.0,1735.5750243793966,23.427219304005273,208.32813783682633,2015-09-23T22:36:34.000000Z,2019-03-17T00:00:00.000000Z,False,False
infrasound,N4,J59A,EP,BDF,43.464699,-74.504097,541.0,40.0,1740.614157451622,16.580021454520587,200.18354257402075,2015-06-15T16:16:00.000000Z,2019-03-17T00:00:00.000000Z,False,False
infrasound,IU,HRV,30,LDO,42.5064,-71.5583,200.0,1.0,1747.5372352314942,25.326023782905676,210.61407667495678,2013-01-07T00:00:00.000000Z,,False,False
infrasound,N4,T35B,EP,BDF,36.916199,-96.511902,413.0,40.0,1753.8185837446458,305.9646681163505,117.28426034407097,2014-02-19T00:00:00.000000Z,2019-02-28T18:38:00.000000Z,False,False
infrasound,N4,L40A,EP,BDF,42.062801,-91.221802,242.0,40.0,1780.1505599899167,330.0966482158728,143.88877718450416,2013-11-27T16:19:00.000000Z,2019-03-17T00:00:00.000000Z,False,False
infrasound,N4,N38B,EP,BDF,40.793098,-93.235001,322.0,40.0,1781.1506575123526,322.9354178885808,135.67238342804495,2014-08-31T18:00:00.000000Z,2019-03-17T00:00:00.000000Z,False,False
infrasound,N4,I45A,EP,BDF,44.036098,-86.234802,215.0,40.0,1789.5596995033638,345.145928303576,161.76400118138918,2014-07-14T19:34:08.000000Z,2019-03-17T00:00:00.000000Z,False,False
infrasound,N4,J61A,EP,BDF,43.346199,-72.553497,253.0,40.0,1790.8865152930612,21.524103150194613,206.2797798315254,2015-09-21T15:27:35.000000Z,2019-03-17T00:00:00.000000Z,False,False
seismic,IU,DWPF,10,HHZ,28.1103,-81.4327,30.0,100.0,97.68282725822732,239.3800458947381,58.97398209969407,2012-06-24T22:00:00.000000Z,2018-12-08T00:00:00.000000Z,True,False
seismic,N4,060A,,HHZ,27.0361,-80.361801,9.0,100.0,170.41442868169113,172.79423978290907,352.8947071773072,2014-02-04T18:00:21.000000Z,2019-02-07T12:50:00.000000Z,False,False
seismic,N4,656A,,HHZ,29.3689,-82.534798,28.0,100.0,210.72653368690598,295.5861346961097,114.6380138878582,2013-12-20T18:37:02.000000Z,2017-10-05T19:00:00.000000Z,False,False
seismic,N4,456A,,HHZ,30.7248,-82.022301,26.0,100.0,277.58435639331987,330.08469329594095,149.3697925771283,2013-12-19T18:10:45.000000Z,2017-10-07T15:00:00.000000Z,False,False
seismic,N4,061Z,,HHZ,25.8657,-80.906998,9.0,100.0,300.5423489834946,186.3168496798582,6.165989091701022,2016-02-12T19:00:00.000000Z,2019-03-17T00:00:00.000000Z,False,False
seismic,N4,257A,,HHZ,31.9746,-81.0261,9.0,100.0,380.7746904564904,353.59856379226915,173.37219705957096,2014-01-21T16:17:08.000000Z,2019-03-17T00:00:00.000000Z,False,False
seismic,N4,255A,,HHZ,31.9263,-82.4758,45.0,100.0,415.3000032357702,334.3699071311997,153.41313351836834,2014-02-03T22:45:52.000000Z,2018-09-18T16:05:00.000000Z,False,False
seismic,N4,553A,,HHZ,30.188999,-84.431702,16.0,100.0,415.36617625845753,296.66766452497995,114.77617987939749,2015-10-16T18:00:00.000000Z,2019-03-17T00:00:00.000000Z,False,False
seismic,TA,TIGA,,HHZ,31.4389,-83.589798,109.0,100.0,431.46200516679613,318.3969686873731,136.88991513686582,2015-10-16T18:00:00.000000Z,2018-08-15T20:35:16.000000Z,False,False
seismic,CO,CSB,00,HHZ,32.98698,-80.071545,-24.0,100.0,492.96622099278443,5.507054178532019,185.76597511690397,2016-04-27T18:00:00.000000Z,2017-10-12T00:00:00.000000Z,False,False
seismic,CO,SUMMV,00,HHZ,33.0634,-80.2793,-82.9,100.0,499.8743305700468,3.193685661707232,183.34640091078944,2016-05-16T16:40:00.000000Z,2017-10-05T12:00:00.000000Z,False,False
seismic,US,NHSC,00,BHZ,33.1067,-80.1778,11.0,40.0,505.309142057085,4.235430295915968,184.44031057380744,2015-06-26T17:30:00.000000Z,2018-10-28T15:30:00.000000Z,False,False
seismic,N4,154A,,HHZ,32.613098,-83.106598,111.0,100.0,510.40542994987766,332.2587604275699,150.97070595359048,2016-02-16T00:00:00.000000Z,2019-03-17T00:00:00.000000Z,False,False
seismic,N4,352A,,HHZ,31.4793,-84.927399,101.0,100.0,529.7102127278853,308.692082551164,126.51413404404855,2016-02-23T18:00:00.000000Z,2019-03-17T00:00:00.000000Z,False,False
seismic,CO,HAW,00,HHZ,33.36,-81.61,-143.0,100.0,541.0207665648014,349.75393103805646,169.22212732917717,2015-09-10T15:40:00.000000Z,2022-05-19T16:00:00.000000Z,False,False
seismic,N4,451A,,HHZ,30.615999,-85.746696,20.0,100.0,550.0671377568837,295.70858019005055,113.15428944068624,2014-02-26T18:00:00.000000Z,2017-07-23T18:00:00.000000Z,False,False
