sensor_type,network,station,location,channel,distance_km,source_to_station_azimuth_deg,request_start_utc,request_end_utc,status,response_removed,attempted_seed_ids,effective_band_low_hz,effective_band_high_hz,phase,peak_time_utc,apparent_speed_mps,peak_snr,event_to_control_peak_ratio,dominant_frequency_hz,data_complete,automatic_candidate,error
infrasound,IU,DWPF,30,LDO,97.68282725822732,239.3800458947381,2016-09-01T13:07:07.628200,2016-09-01T13:21:05.175166,screened,True,IU.DWPF.30.LDO,0.2,0.45,thermospheric_or_slow,2016-09-01T13:15:42.666680,192.61014299317145,3.333690609023299,1.3432093929249604,0.23353293413173654,,True,
infrasound,N4,060A,EP,BDF,170.41442868169113,172.79423978290907,2016-09-01T13:08:31.105252,2016-09-01T13:29:53.567142,screened,True,N4.060A.EP.BDF,0.2,1.0,thermospheric_or_slow,2016-09-01T13:18:45.396000,247.0195335925241,26.387774182167057,1.16708273591813,0.28149673875729486,,False,
infrasound,N4,656A,EP,BDF,210.72653368690598,295.5861346961097,2016-09-01T13:09:17.373114,2016-09-01T13:34:46.432862,screened,True,N4.656A.EP.BDF,0.2,1.0,stratospheric,2016-09-01T13:19:25.346000,288.73277438341455,21.55291162746861,4.1790145153368385,0.4130808950086059,,True,
infrasound,N4,456A,EP,BDF,277.58435639331987,330.08469329594095,2016-09-01T13:10:34.108588,2016-09-01T13:42:52.152086,screened,True,N4.456A.EP.BDF,0.2,1.0,thermospheric_or_slow,2016-09-01T13:28:51.746000,214.14705911788644,37.70913483049062,2.0299159165813188,0.2823876508087034,,True,
infrasound,N4,061Z,EP,BDF,300.5423489834946,186.3168496798582,2016-09-01T13:11:00.458421,2016-09-01T13:45:38.940922,screened,True,N4.061Z.EP.BDF,0.2,1.0,thermospheric_or_slow,2016-09-01T13:32:35.196000,197.76655239508904,9.654033330049776,0.9768870232967097,0.24720194647201948,,False,
infrasound,N4,257A,EP,BDF,380.7746904564904,353.59856379226915,2016-09-01T13:12:32.544380,2016-09-01T13:55:21.825454,screened,True,N4.257A.EP.BDF,0.2,1.0,thermospheric_or_slow,2016-09-01T13:40:11.346000,192.71608789110374,31.04032200390535,1.946962612108466,0.24274082040251957,,True,
infrasound,N4,255A,EP,BDF,415.3000032357702,334.3699071311997,2016-09-01T13:13:12.170503,2016-09-01T13:59:32.650375,screened,True,N4.255A.EP.BDF,0.2,1.0,tropospheric,2016-09-01T13:28:59.196000,318.55918530139724,21.755557461938213,3.22638384902623,0.27433050293925537,,True,
infrasound,N4,553A,EP,BDF,415.36617625845753,296.66766452497995,2016-09-01T13:13:12.246452,2016-09-01T13:59:33.131120,failed,False,,,,,,,,,,,,"RuntimeError: All prioritized channels failed: N4.553A.EP.BDF: FDSNNoDataException: No data available for request.
HTTP Status code: 204
Detailed response of server:

 | N4.553A.EP.LDF: FDSNNoDataException: No data available for request.
HTTP Status code: 204
Detailed response of server:

 | N4.553A.EP.BDO: FDSNNoDataException: No data available for request.
HTTP Status code: 204
Detailed response of server:

 | N4.553A.EP.LDO: FDSNNoDataException: No data available for request.
HTTP Status code: 204
Detailed response of server:

"
infrasound,TA,TIGA,EP,BDF,431.46200516679613,318.3969686873731,2016-09-01T13:13:30.720297,2016-09-01T14:01:30.066629,screened,True,TA.TIGA.EP.BDF,0.2,1.0,thermospheric_or_slow,2016-09-01T13:45:24.496000,188.49511694226928,19.02033749621442,0.4572065180196156,0.2698122161209409,,False,
infrasound,N4,154A,EP,BDF,510.40542994987766,332.2587604275699,2016-09-01T13:15:01.326914,2016-09-01T14:11:03.587236,screened,True,N4.154A.EP.BDF,0.2,1.0,stratospheric,2016-09-01T13:36:16.096000,293.23830342641503,9.390722465229807,1.2207609709812006,0.2684563758389262,,False,
infrasound,N4,352A,EP,BDF,529.7102127278853,308.692082551164,2016-09-01T13:15:23.483808,2016-09-01T14:13:23.835658,screened,True,N4.352A.EP.BDF,0.2,1.0,stratospheric,2016-09-01T13:40:26.246000,266.0881054268696,13.638954016345242,2.1647658349516297,0.2556299452221546,,True,
infrasound,N4,451A,EP,BDF,550.0671377568837,295.70858019005055,2016-09-01T13:15:46.848288,2016-09-01T14:15:51.727849,screened,True,N4.451A.EP.BDF,0.2,1.0,stratospheric,2016-09-01T13:36:59.221000,308.3841765509767,7.136660980980155,0.7803196962332328,0.24617188072386254,,False,
infrasound,N4,Y58A,EP,BDF,598.7934653627814,8.097919197667187,2016-09-01T13:16:42.773499,2016-09-01T14:21:45.722536,screened,True,N4.Y58A.EP.BDF,0.2,1.0,thermospheric_or_slow,2016-09-01T13:56:55.746000,200.9217352857386,14.082752193845277,0.4397786543098988,0.2510807708277361,,False,
infrasound,N4,152A,EP,BDF,604.0073701589646,319.94043308271335,2016-09-01T13:16:48.757712,2016-09-01T14:22:23.601332,screened,True,N4.152A.EP.BDF,0.2,1.0,thermospheric_or_slow,2016-09-01T13:51:49.246000,225.90419675468067,22.784131506670427,1.4035588033943476,0.22953995157384988,,True,
infrasound,US,GOGA,30,LDO,604.8933867041543,333.52526189701126,2016-09-01T13:16:49.774630,2016-09-01T14:22:30.038204,screened,True,US.GOGA.30.LDO,0.2,0.30000000000000004,thermospheric_or_slow,2016-09-01T13:55:53.000001,207.33374678175724,3.855996582829197,0.9548798304687388,0.2195357833655706,,False,
infrasound,N4,Y57A,EP,BDF,605.0871687226311,1.6268563581087911,2016-09-01T13:16:49.997041,2016-09-01T14:22:31.446023,screened,True,N4.Y57A.EP.BDF,0.2,1.0,thermospheric_or_slow,2016-09-01T13:56:08.571000,206.29912279337972,32.51108721423239,1.4208781404366304,0.26780750731153163,,True,
infrasound,N4,Y59A,EP,BDF,623.2483695006572,14.649698765518455,2016-09-01T13:17:10.841399,2016-09-01T14:24:43.386370,screened,True,N4.Y59A.EP.BDF,0.2,1.0,tropospheric,2016-09-01T13:39:40.771000,320.3937789932876,23.49007363104767,1.897087404561053,0.27856365614798695,,True,
infrasound,N4,Y60A,EP,BDF,643.904492454187,19.827904054323223,2016-09-01T13:17:34.549281,2016-09-01T14:27:13.452220,screened,True,N4.Y60A.EP.BDF,0.2,1.0,stratospheric,2016-09-01T13:44:52.271000,285.32286742659494,19.49697079702219,1.9388452444874902,0.24785629342179383,,True,
infrasound,N4,250A,EP,BDF,665.5645986207622,306.07593292936497,2016-09-01T13:17:59.409476,2016-09-01T14:29:50.811966,screened,True,N4.250A.EP.BDF,0.2,1.0,thermospheric_or_slow,2016-09-01T13:51:55.696000,248.3280983491132,48.892930682153946,0.5799967142772264,0.2724795640326975,,False,
infrasound,N4,X58A,EP,BDF,674.7883373871122,9.714654753433663,2016-09-01T13:18:09.995941,2016-09-01T14:30:57.822034,screened,True,N4.X58A.EP.BDF,0.2,1.0,thermospheric_or_slow,2016-09-01T14:05:56.221000,191.6627145405813,16.83236133650194,0.6678376398853126,0.22627278441231927,,False,
infrasound,N4,Y52A,EP,BDF,675.0641122186697,331.42254403883425,2016-09-01T13:18:10.312459,2016-09-01T14:30:59.825526,screened,True,N4.Y52A.EP.BDF,0.2,1.0,thermospheric_or_slow,2016-09-01T13:54:56.296000,235.97184889653605,11.51244241581931,0.4822882006011036,0.21924693444256682,,False,
infrasound,N4,Z51A,EP,BDF,686.0537297976008,321.3506707704629,2016-09-01T13:18:22.925696,2016-09-01T14:32:19.664628,screened,True,N4.Z51A.EP.BDF,0.2,1.0,thermospheric_or_slow,2016-09-01T13:53:46.271000,245.83065865832722,7.316203903710373,0.653766837496858,0.23108079300788742,,False,
infrasound,N4,W57A,EP,BDF,732.9231206640999,4.1756116038820945,2016-09-01T13:19:16.719624,2016-09-01T14:38:00.168750,screened,True,N4.W57A.EP.BDF,0.2,1.0,stratospheric,2016-09-01T13:50:10.346000,284.6488651704476,21.002413562612755,0.9686728830435121,0.23093418375762906,,False,
infrasound,TA,KMSC,EP,BDF,733.1212184787873,354.59525238877336,2016-09-01T13:19:16.946989,2016-09-01T14:38:01.607922,screened,True,TA.KMSC.EP.BDF,0.2,1.0,tropospheric,2016-09-01T13:43:40.321000,335.55416302543983,23.76809742813449,1.5403677703013812,0.25159559707705115,,True,
infrasound,N4,X51A,EP,BDF,779.7072116216483,329.6986760084218,2016-09-01T13:20:10.415650,2016-09-01T14:43:40.053171,screened,True,N4.X51A.EP.BDF,0.2,1.0,tropospheric,2016-09-01T13:46:07.196000,334.3968336432304,18.75187787647208,1.6633845941158274,0.2504783440598365,,True,
infrasound,N4,W52A,EP,BDF,790.5067194539882,337.2165924550854,2016-09-01T13:20:22.810689,2016-09-01T14:44:58.511135,screened,True,N4.W52A.EP.BDF,0.2,1.0,thermospheric_or_slow,2016-09-01T14:10:14.746000,209.17123790904955,17.568215587207284,1.1294081522814712,0.2560544670773899,,False,
infrasound,N4,Y49A,EP,BDF,808.3156426679806,318.0400765488093,2016-09-01T13:20:43.250724,2016-09-01T14:47:07.892200,screened,True,N4.Y49A.EP.BDF,0.2,1.0,thermospheric_or_slow,2016-09-01T14:07:40.521000,222.98317037035028,48.95162014259248,0.694358445754949,0.25764429165912794,,False,
infrasound,N4,V55A,EP,BDF,810.6069557707584,355.91400778729343,2016-09-01T13:20:45.880558,2016-09-01T14:47:24.538493,screened,True,N4.V55A.EP.BDF,0.2,1.0,tropospheric,2016-09-01T13:47:28.721000,335.9043883964381,11.427516535915357,1.349640329809907,0.2275388991132675,,True,
infrasound,N4,V58A,EP,BDF,813.7034135148372,9.373377294388607,2016-09-01T13:20:49.434490,2016-09-01T14:47:47.034126,screened,True,N4.V58A.EP.BDF,0.2,1.0,thermospheric_or_slow,2016-09-01T14:11:59.596000,209.49694927039582,26.84659199145544,0.7322256625218022,0.20849059994967467,,False,
infrasound,N4,V53A,EP,BDF,815.8067550026146,345.6006355534472,2016-09-01T13:20:51.848581,2016-09-01T14:48:02.314812,screened,True,N4.V53A.EP.BDF,0.2,1.0,thermospheric_or_slow,2016-09-01T14:13:21.721000,205.68938351600443,30.71690204962579,2.018286607908892,0.23520131942203576,,True,
infrasound,N4,V52A,EP,BDF,855.8233658433593,341.3687522571615,2016-09-01T13:21:37.777292,2016-09-01T14:52:53.033780,screened,True,N4.V52A.EP.BDF,0.2,1.0,thermospheric_or_slow,2016-09-01T14:19:39.846000,196.9976712286931,297.93394358305693,19.71239754128944,0.639803137496155,,True,
infrasound,N4,W50A,EP,BDF,861.3849830474123,329.9003222788015,2016-09-01T13:21:44.160590,2016-09-01T14:53:33.438690,screened,True,N4.W50A.EP.BDF,0.2,1.0,thermospheric_or_slow,2016-09-01T14:25:44.446000,182.92574831768925,49.66052390074308,1.0216100608019747,0.22615368942918262,,False,
infrasound,N4,U56A,EP,BDF,863.5434366648466,1.160934924888848,2016-09-01T13:21:46.637935,2016-09-01T14:53:49.119764,screened,True,N4.U56A.EP.BDF,0.2,1.0,thermospheric_or_slow,2016-09-01T14:03:37.196000,255.35911848636246,19.499940523389732,0.8862294368117904,0.24116790299088844,,False,
infrasound,N4,V51A,EP,BDF,878.1170125937925,337.0823230573328,2016-09-01T13:22:03.364628,2016-09-01T14:55:34.996170,screened,True,N4.V51A.EP.BDF,0.2,1.0,thermospheric_or_slow,2016-09-01T14:18:23.171000,205.7608965034992,10.186000573616163,0.8328873415260678,0.22784051164185068,,False,
infrasound,N4,Z47B,EP,BDF,881.3685452031069,307.5417134397606,2016-09-01T13:22:07.096545,2016-09-01T14:55:58.618416,screened,True,N4.Z47B.EP.BDF,0.2,1.0,thermospheric_or_slow,2016-09-01T14:10:08.746000,233.58448453986216,23.15370479333218,1.0579946948527923,0.2422633369285655,,False,
infrasound,N4,V61A,EP,BDF,885.7262224103399,24.154653136421203,2016-09-01T13:22:12.098031,2016-09-01T14:56:30.276755,screened,True,N4.V61A.EP.BDF,0.2,1.0,thermospheric_or_slow,2016-09-01T14:10:32.571000,233.2664822002269,15.913556157132822,0.4278709516710564,0.2536243849278425,,False,
infrasound,N4,U54A,EP,BDF,890.2903516736927,352.7921789589025,2016-09-01T13:22:17.336470,2016-09-01T14:57:03.434958,screened,True,N4.U54A.EP.BDF,0.2,1.0,thermospheric_or_slow,2016-09-01T14:27:36.021000,184.68809977839524,4.189707079305164,0.501720483967778,0.25757700205338807,,False,
infrasound,N4,X48A,EP,BDF,896.2027221839605,318.3960473576504,2016-09-01T13:22:24.122341,2016-09-01T14:57:46.388077,screened,True,N4.X48A.EP.BDF,0.2,1.0,thermospheric_or_slow,2016-09-01T14:12:20.146000,229.5229436153735,48.193034483101556,1.6425626175277381,0.23042527497633736,,True,
infrasound,N4,U59A,EP,BDF,902.619647888204,16.125538963048804,2016-09-01T13:22:31.487311,2016-09-01T14:58:33.006768,screened,True,N4.U59A.EP.BDF,0.2,1.0,stratospheric,2016-09-01T14:01:40.070998,276.4906656078969,21.114353968250025,2.133534034315168,0.25180819716046077,,True,
infrasound,N4,346B,EP,BDF,912.794624559488,292.24615169518586,2016-09-01T13:22:43.165550,2016-09-01T14:59:46.927540,screened,True,N4.346B.EP.BDF,0.2,1.0,stratospheric,2016-09-01T14:04:30.671000,265.721339161777,16.43563191717619,1.3512149211439932,0.2543046357615894,,True,
infrasound,N4,146B,EP,BDF,929.8231484750258,301.16464312269363,2016-09-01T13:23:02.709888,2016-09-01T15:01:50.639037,screened,True,N4.146B.EP.BDF,0.2,1.0,stratospheric,2016-09-01T13:58:07.196000,304.6919785869676,20.308688864174446,1.7000471421101833,0.2097689940623239,,True,
infrasound,N4,T57A,EP,BDF,943.7503690170366,7.196300818879327,2016-09-01T13:23:18.694732,2016-09-01T15:03:31.819700,screened,True,N4.T57A.EP.BDF,0.2,1.0,thermospheric_or_slow,2016-09-01T14:10:41.896000,247.93892726517353,33.53937965157908,1.1228541603662654,0.3068340306834031,,False,
infrasound,N4,T59A,EP,BDF,974.5395072810779,16.09174103685762,2016-09-01T13:23:54.032692,2016-09-01T15:07:15.501474,screened,True,N4.T59A.EP.BDF,0.2,1.0,thermospheric_or_slow,2016-09-01T14:34:42.996000,185.71563141995063,27.58275173276282,0.8632025098081115,0.3313524221141725,,False,
infrasound,N4,545B,EP,BDF,976.5802669346509,282.0876559814668,2016-09-01T13:23:56.374956,2016-09-01T15:07:30.327505,screened,True,N4.545B.EP.BDF,0.2,1.0,thermospheric_or_slow,2016-09-01T14:28:58.171001,199.1940670248459,56.26135368754083,0.8838553927430207,0.21505054286783976,,False,
infrasound,N4,V48A,EP,BDF,989.7174432408955,325.11565936953656,2016-09-01T13:24:11.453035,2016-09-01T15:09:05.768529,screened,True,N4.V48A.EP.BDF,0.2,1.0,tropospheric,2016-09-01T13:58:17.946000,323.1801763986351,25.925972786721054,1.981844792504326,0.35080507022953067,,True,
infrasound,N4,U49A,EP,BDF,1007.6665840833065,332.3699639527765,2016-09-01T13:24:32.054002,2016-09-01T15:11:16.168270,screened,True,N4.U49A.EP.BDF,0.2,1.0,thermospheric_or_slow,2016-09-01T14:38:49.846000,183.40109602457005,18.665059753073972,0.9042805717493554,0.2386066763425254,,False,
infrasound,N4,T60A,EP,BDF,1016.7478166487299,19.690349059942385,2016-09-01T13:24:42.476906,2016-09-01T15:12:22.143037,screened,True,N4.T60A.EP.BDF,0.2,1.0,tropospheric,2016-09-01T14:00:15.396000,319.7438423033285,21.56955398362839,4.547064779352386,0.274794904288668,,True,
infrasound,N4,T50A,EP,BDF,1019.1203589652563,338.0790230162619,2016-09-01T13:24:45.199970,2016-09-01T15:12:39.379456,screened,True,N4.T50A.EP.BDF,0.2,1.0,thermospheric_or_slow,2016-09-01T14:35:37.471000,192.21587087162493,79.67923591697065,0.7895181542012809,0.2652009815880487,,False,
infrasound,N4,S54A,EP,BDF,1026.822518520323,356.3739657275973,2016-09-01T13:24:54.040056,2016-09-01T15:13:35.335315,screened,True,N4.S54A.EP.BDF,0.2,1.0,thermospheric_or_slow,2016-09-01T14:34:08.121000,196.98827088345902,68.1206602927452,2.905961847706345,0.22731804586241275,,True,
infrasound,N4,344B,EP,BDF,1030.289212086036,290.61084325993767,2016-09-01T13:24:58.018923,2016-09-01T15:14:00.520696,screened,True,N4.344B.EP.BDF,0.2,1.0,thermospheric_or_slow,2016-09-01T14:23:06.946000,226.36592649075402,33.70519278524327,0.961228584186324,0.22768890087583574,,False,
infrasound,N4,S57A,EP,BDF,1031.3235348441417,8.00803350007791,2016-09-01T13:24:59.206058,2016-09-01T15:14:08.035007,screened,True,N4.S57A.EP.BDF,0.2,1.0,tropospheric,2016-09-01T14:01:21.796000,317.6937209295598,117.63037561247607,1.4947086978018527,0.24723829563387686,,True,
infrasound,N4,Y45B,EP,BDF,1036.449989022384,306.80356823040165,2016-09-01T13:25:05.089900,2016-09-01T15:14:45.278478,screened,True,N4.Y45B.EP.BDF,0.2,1.0,thermospheric_or_slow,2016-09-01T14:41:52.796000,182.5609360250221,46.768992396211665,1.296381303165536,0.251735621154823,,True,
infrasound,N4,S51A,EP,BDF,1045.1825957890803,345.1825219676263,2016-09-01T13:25:15.112672,2016-09-01T15:15:48.720493,screened,True,N4.S51A.EP.BDF,0.2,1.0,tropospheric,2016-09-01T14:00:39.021000,326.2619576870902,97.09527013153645,4.572682510041354,0.2647287827666753,,True,
infrasound,N4,R58B,EP,BDF,1072.472192725812,12.830936355664868,2016-09-01T13:25:46.434065,2016-09-01T15:19:06.978248,screened,True,N4.R58B.EP.BDF,0.2,1.0,stratospheric,2016-09-01T14:07:41.696000,295.7579278763837,35.34648541020632,1.256636780251251,0.2570269051555689,,True,
infrasound,N4,R55A,EP,BDF,1078.9730866734965,2.13724490136502,2016-09-01T13:25:53.895409,2016-09-01T15:19:54.206965,screened,True,N4.R55A.EP.BDF,0.2,1.0,thermospheric_or_slow,2016-09-01T14:27:18.371000,224.65232606604073,30.440795683286787,3.995390963104365,0.2277163305139883,,True,
infrasound,IU,WVT,30,LDO,1081.0940533237456,322.75827445980894,2016-09-01T13:25:56.329729,2016-09-01T15:20:09.615697,screened,True,IU.WVT.30.LDO,0.2,0.45,stratospheric,2016-09-01T14:15:33.666680,263.8003100957238,4.212279378998837,1.4286635999411892,0.21940298507462686,,True,
infrasound,N4,R53A,EP,BDF,1090.9624002523396,353.64255312638477,2016-09-01T13:26:07.656037,2016-09-01T15:21:21.308816,screened,True,N4.R53A.EP.BDF,0.2,1.0,thermospheric_or_slow,2016-09-01T14:26:32.221000,229.35242984513607,8.197608390263914,0.5368154901202136,0.256853676519874,,False,
infrasound,N4,W45B,EP,BDF,1093.8822971529517,314.12029538143514,2016-09-01T13:26:11.007323,2016-09-01T15:21:42.521742,screened,True,N4.W45B.EP.BDF,0.2,1.0,thermospheric_or_slow,2016-09-01T14:27:22.946000,227.53981879244972,85.62363943021231,1.2288813563262193,0.23263587138177685,,False,
infrasound,N4,S61A,EP,BDF,1109.5931630296634,23.041990975001237,2016-09-01T13:26:29.039330,2016-09-01T15:23:36.660511,screened,True,N4.S61A.EP.BDF,0.2,1.0,thermospheric_or_slow,2016-09-01T14:27:56.071000,229.22838659648238,45.42875987290797,0.6297247345029057,0.2694117491992777,,False,
infrasound,N4,T47A,EP,BDF,1116.1094498520188,328.5158334668639,2016-09-01T13:26:36.518341,2016-09-01T15:24:24.001056,screened,True,N4.T47A.EP.BDF,0.2,1.0,thermospheric_or_slow,2016-09-01T14:19:43.346000,256.70480073059366,67.60414195873774,1.4093393452066516,0.23324073588762514,,True,
infrasound,N4,R50A,EP,BDF,1132.7545395434995,343.0825156070259,2016-09-01T13:26:55.622596,2016-09-01T15:26:24.926921,screened,True,N4.R50A.EP.BDF,0.2,1.0,tropospheric,2016-09-01T14:04:42.871000,328.5863367527543,14.944563387799588,1.6784554861524679,0.26101532567049807,,True,
infrasound,N4,143B,EP,BDF,1134.1282566104344,296.56021735016253,2016-09-01T13:26:57.199266,2016-09-01T15:26:34.906918,screened,True,N4.143B.EP.BDF,0.2,1.0,thermospheric_or_slow,2016-09-01T14:50:29.421000,183.10384436978094,11.634990651271456,1.2657558746959032,0.23469335121473153,,True,
infrasound,N4,Q54A,EP,BDF,1156.2084747189183,358.89210271395285,2016-09-01T13:27:22.541642,2016-09-01T15:29:15.318758,screened,True,N4.Q54A.EP.BDF,0.2,1.0,stratospheric,2016-09-01T14:12:01.896000,297.5024986524533,82.25544088383141,1.6902282299460105,0.23562216800278843,,True,
infrasound,N4,R49A,EP,BDF,1160.2023931059343,339.6369261888512,2016-09-01T13:27:27.125626,2016-09-01T15:29:44.334405,screened,True,N4.R49A.EP.BDF,0.2,1.0,thermospheric_or_slow,2016-09-01T14:42:19.746000,203.3932546482388,24.660163847704947,1.1170950836731186,0.20824404386738937,,False,
infrasound,N4,Q52A,EP,BDF,1164.0939417028378,352.73315881456585,2016-09-01T13:27:31.592117,2016-09-01T15:30:12.606339,screened,True,N4.Q52A.EP.BDF,0.2,1.0,thermospheric_or_slow,2016-09-01T14:26:35.521000,244.55717058398642,33.38495302094943,0.6906675839058758,0.2623247399366802,,False,
infrasound,N4,Q56A,EP,BDF,1169.2980685386992,5.940547348573529,2016-09-01T13:27:37.565107,2016-09-01T15:30:50.414098,screened,True,N4.Q56A.EP.BDF,0.2,1.0,thermospheric_or_slow,2016-09-01T14:33:39.471000,225.56089456651384,19.270877649610952,0.5897650063402549,0.22313388032819692,,False,
infrasound,N4,342B,EP,BDF,1175.2424160860742,288.26563396729284,2016-09-01T13:27:44.387680,2016-09-01T15:31:33.599529,screened,True,N4.342B.EP.BDF,0.2,1.0,thermospheric_or_slow,2016-09-01T14:50:06.521000,190.44579594671595,22.43266258272168,1.4707305382390043,0.22797979043779087,,True,
infrasound,N4,R61A,EP,BDF,1187.302092228739,22.796589725113556,2016-09-01T13:27:58.229066,2016-09-01T15:33:01.212561,screened,True,N4.R61A.EP.BDF,0.2,1.0,thermospheric_or_slow,2016-09-01T14:57:09.421000,180.06047404134597,4.825958564858439,0.14095224102457557,0.24142985600433586,,False,
infrasound,N4,Q51A,EP,BDF,1188.4675819551749,348.2988092618442,2016-09-01T13:27:59.566747,2016-09-01T15:33:09.679794,screened,True,N4.Q51A.EP.BDF,0.2,1.0,tropospheric,2016-09-01T14:08:12.896000,324.95032019489537,171.74650984864982,1.4571960086008522,0.24192628095401117,,True,
infrasound,IU,WCI,31,LDO,1196.172348038908,335.15112284403176,2016-09-01T13:28:08.409824,2016-09-01T15:34:05.654590,screened,True,IU.WCI.31.LDO,0.2,0.45,stratospheric,2016-09-01T14:16:47.069538,286.7448898725298,19.63027254247679,2.184648134859923,0.24258760107816713,,True,
infrasound,N4,T45B,EP,BDF,1203.2013903897086,323.2471121562244,2016-09-01T13:28:16.477345,2016-09-01T15:34:56.720282,screened,True,N4.T45B.EP.BDF,0.2,1.0,thermospheric_or_slow,2016-09-01T14:53:33.521000,188.64847826763395,65.55434078617947,0.9076168642663093,0.24650540901908352,,False,
infrasound,IU,TEIG,30,LDO,1208.5324090536747,221.8902830870789,2016-09-01T13:28:22.595974,2016-09-01T15:35:35.449905,screened,True,IU.TEIG.30.LDO,0.2,0.45,thermospheric_or_slow,2016-09-01T14:50:06.666680,195.8357527980289,5.465641197592964,0.9472467775926237,0.21694915254237288,,False,
infrasound,N4,P53A,EP,BDF,1214.134900464781,356.6800319590057,2016-09-01T13:28:29.026184,2016-09-01T15:36:16.151765,screened,True,N4.P53A.EP.BDF,0.2,1.0,thermospheric_or_slow,2016-09-01T14:47:19.496000,202.22159553045674,48.48392430572627,1.2562842881389347,0.25006625069262084,,True,
infrasound,N4,P51A,EP,BDF,1232.6383785278508,349.96017318017255,2016-09-01T13:28:50.263388,2016-09-01T15:38:30.578743,screened,True,N4.P51A.EP.BDF,0.2,1.0,stratospheric,2016-09-01T14:14:56.321000,303.545146841451,20.863803796453077,1.5028781912400346,0.21447019975806714,,True,
infrasound,N4,P57A,EP,BDF,1234.239145989086,10.359916772754612,2016-09-01T13:28:52.100654,2016-09-01T15:38:42.208250,screened,True,N4.P57A.EP.BDF,0.2,1.0,thermospheric_or_slow,2016-09-01T14:51:03.346000,198.18117552249575,303.08328289932933,1.0097007542202738,0.2696906141504627,,False,
infrasound,TA,P52A,EP,BDF,1236.4363175924432,353.7622082717012,2016-09-01T13:28:54.622438,2016-09-01T15:38:58.170608,screened,True,TA.P52A.EP.BDF,0.2,1.0,thermospheric_or_slow,2016-09-01T14:59:13.846000,184.03916983810493,88.74274136675841,0.7429976086594859,0.2342003477520315,,False,
infrasound,LD,MIDE,EP,BDF,1243.0398812054036,21.618016102828612,2016-09-01T13:29:02.201620,2016-09-01T15:39:46.145216,screened,True,LD.MIDE.EP.BDF,0.2,1.0,thermospheric_or_slow,2016-09-01T14:40:41.596000,221.73057627647492,63.93207096333096,1.9775593620633451,0.2809610090124009,,True,
infrasound,N4,441B,EP,BDF,1244.230344715064,284.3183213383813,2016-09-01T13:29:03.567964,2016-09-01T15:39:54.793882,screened,True,N4.441B.EP.BDF,0.2,1.0,thermospheric_or_slow,2016-09-01T14:33:18.021000,241.0127963622994,59.45812864937267,1.8803718812662957,0.2581221496074098,,True,
infrasound,TA,P49A,EP,BDF,1275.2644501360392,343.6998559941728,2016-09-01T13:29:39.187084,2016-09-01T15:43:40.255332,screened,True,TA.P49A.EP.BDF,0.2,1.0,thermospheric_or_slow,2016-09-01T14:41:13.896001,226.17558715241867,149.22449337869762,0.8742763351389505,0.25826576602406043,,False,
infrasound,N4,O52A,EP,BDF,1286.8507075781943,355.1837507830039,2016-09-01T13:29:52.485108,2016-09-01T15:45:04.428997,screened,True,N4.O52A.EP.BDF,0.2,1.0,thermospheric_or_slow,2016-09-01T14:40:09.696000,230.85909560085338,70.62437020538187,1.61036753825167,0.23639049892033184,,True,
infrasound,N4,P48A,EP,BDF,1288.6376011099887,340.99541992581464,2016-09-01T13:29:54.535999,2016-09-01T15:45:17.410702,screened,True,N4.P48A.EP.BDF,0.2,1.0,stratospheric,2016-09-01T14:17:52.796000,304.1188855172808,8.812917749160954,1.8317144172563042,0.2414310733049787,,True,
infrasound,N4,O54A,EP,BDF,1289.1602143523314,0.7599790103272919,2016-09-01T13:29:55.135824,2016-09-01T15:45:21.207465,screened,True,N4.O54A.EP.BDF,0.2,1.0,stratospheric,2016-09-01T14:25:00.096000,276.37205301643536,100.37115116777557,1.4103842906197943,0.22757111597374177,,True,
infrasound,N4,S44A,EP,BDF,1295.3566388739137,323.653822154128,2016-09-01T13:30:02.247715,2016-09-01T15:46:06.224225,screened,True,N4.S44A.EP.BDF,0.2,1.0,thermospheric_or_slow,2016-09-01T14:52:22.271000,205.39186093854084,75.04743258860152,0.637460294322697,0.26058190604148085,,False,
infrasound,TA,O53A,EP,BDF,1297.7983800908341,357.59491824375743,2016-09-01T13:30:05.050203,2016-09-01T15:46:23.963370,screened,True,TA.O53A.EP.BDF,0.2,1.0,thermospheric_or_slow,2016-09-01T14:34:47.871000,247.08874154124283,194.9227345914993,4.206761163222197,0.22808460766968303,,True,
infrasound,LD,GEDE,EP,BDF,1327.7828046114985,18.698623316144303,2016-09-01T13:30:39.464560,2016-09-01T15:50:01.798933,screened,True,LD.GEDE.EP.BDF,0.2,1.0,thermospheric_or_slow,2016-09-01T14:51:57.021000,211.3796450532715,5.170517681843698,0.185222779495686,0.23483021070834573,,False,
infrasound,N4,O49A,EP,BDF,1334.8285876245739,346.0338842877037,2016-09-01T13:30:47.551296,2016-09-01T15:50:52.986245,screened,True,N4.O49A.EP.BDF,0.2,1.0,tropospheric,2016-09-01T14:17:34.246000,316.4051333582035,8.1922074060854,1.3851564782025192,0.2702702702702703,,True,
infrasound,N4,P61A,EP,BDF,1342.3283329787478,21.833012191508242,2016-09-01T13:30:56.159062,2016-09-01T15:51:47.471575,screened,True,N4.P61A.EP.BDF,0.2,1.0,thermospheric_or_slow,2016-09-01T14:50:21.321000,217.0013138428377,29.89279297056978,0.41302060344516917,0.24361809921227237,,False,
infrasound,N4,N53A,EP,BDF,1358.5746694025509,359.06589382441774,2016-09-01T13:31:14.805651,2016-09-01T15:53:45.500514,screened,True,N4.N53A.EP.BDF,0.2,1.0,thermospheric_or_slow,2016-09-01T14:42:08.396000,238.6444289456165,18.95723198926656,1.2474474117304613,0.2648179645617586,,False,
infrasound,N4,T42B,EP,BDF,1359.1506443680742,316.3908774630533,2016-09-01T13:31:15.466720,2016-09-01T15:53:49.684948,failed,False,,,,,,,,,,,,"RuntimeError: All prioritized channels failed: N4.T42B.EP.BDF: FDSNNoDataException: No data available for request.
HTTP Status code: 204
Detailed response of server:

 | N4.T42B.EP.LDF: FDSNNoDataException: No data available for request.
HTTP Status code: 204
Detailed response of server:

 | N4.T42B.EP.BDO: FDSNNoDataException: No data available for request.
HTTP Status code: 204
Detailed response of server:

 | N4.T42B.EP.LDO: FDSNNoDataException: No data available for request.
HTTP Status code: 204
Detailed response of server:

"
infrasound,IU,SSPA,30,LDO,1361.7419153192052,9.68932590402237,2016-09-01T13:31:18.440829,2016-09-01T15:54:08.510421,screened,True,IU.SSPA.30.LDO,0.2,0.30000000000000004,thermospheric_or_slow,2016-09-01T14:45:27.666680,231.11108907564318,3.6895470122346454,0.844011359680775,0.22508591065292097,,False,
infrasound,TA,O48B,EP,BDF,1363.3729286054495,343.28852579414007,2016-09-01T13:31:20.312810,2016-09-01T15:54:20.359663,screened,True,TA.O48B.EP.BDF,0.2,1.0,tropospheric,2016-09-01T14:18:06.121000,320.7477897406967,10.40827753528249,1.5162555082562619,0.3044018900770953,,True,
infrasound,N4,P46A,EP,BDF,1369.4606624454536,335.29378948355304,2016-09-01T13:31:27.299953,2016-09-01T15:55:04.586788,screened,True,N4.P46A.EP.BDF,0.2,1.0,thermospheric_or_slow,2016-09-01T15:04:58.096000,193.90367218164474,46.259072055338905,1.2155246489616809,0.41307574835271627,,False,
infrasound,N4,N51A,EP,BDF,1380.5381118167797,353.65398706566333,2016-09-01T13:31:40.013997,2016-09-01T15:56:25.063985,screened,True,N4.N51A.EP.BDF,0.2,1.0,thermospheric_or_slow,2016-09-01T15:04:02.471000,197.02390538535022,48.057788278574556,0.7583107829712417,0.2682345463213094,,False,
infrasound,N4,Q44B,EP,BDF,1386.8041270840786,327.98335942377645,2016-09-01T13:31:47.205761,2016-09-01T15:57:10.586318,screened,True,N4.Q44B.EP.BDF,0.2,1.0,thermospheric_or_slow,2016-09-01T14:40:03.746000,249.05643792527025,79.19306311402639,0.23671985715964228,0.23917995444191345,,False,
infrasound,N4,N58A,EP,BDF,1406.8166578852292,13.485950499873827,2016-09-01T13:32:10.174965,2016-09-01T15:59:35.976499,screened,True,N4.N58A.EP.BDF,0.2,1.0,thermospheric_or_slow,2016-09-01T14:52:34.821000,222.62196928182814,110.88737232630805,1.0887140803998918,0.2490851630073187,,False,
infrasound,N4,N49A,EP,BDF,1410.008303487468,347.46673707145163,2016-09-01T13:32:13.838149,2016-09-01T15:59:59.163668,screened,True,N4.N49A.EP.BDF,0.2,1.0,thermospheric_or_slow,2016-09-01T14:41:42.846000,248.79576562113562,24.708565487352224,0.6186629901189108,0.22570272793278703,,False,
infrasound,TA,M53A,EP,BDF,1428.6711326378982,359.66944818014844,2016-09-01T13:32:35.258246,2016-09-01T16:02:14.748324,screened,True,TA.M53A.EP.BDF,0.2,1.0,thermospheric_or_slow,2016-09-01T14:50:58.846000,229.56690094809946,64.52838958797324,0.8545614791192698,0.2325795653464637,,False,
infrasound,TA,SFIN,EP,BDF,1440.13776984632,337.2390461299155,2016-09-01T13:32:48.418976,2016-09-01T16:03:38.052954,screened,True,TA.SFIN.EP.BDF,0.2,1.0,thermospheric_or_slow,2016-09-01T14:45:59.971001,243.08348805128324,56.16818218014322,1.4319038600236902,0.30628306811142364,,True,
infrasound,N4,M55A,EP,BDF,1441.320204296907,6.080280561269974,2016-09-01T13:32:49.776106,2016-09-01T16:03:46.643289,screened,True,N4.M55A.EP.BDF,0.2,1.0,thermospheric_or_slow,2016-09-01T15:16:55.996000,185.2481800224761,114.3724428583696,0.838133772410897,0.32064290932705575,,False,
infrasound,N4,M52A,EP,BDF,1441.6208965852588,357.3908556989402,2016-09-01T13:32:50.121222,2016-09-01T16:03:48.827806,screened,True,N4.M52A.EP.BDF,0.2,1.0,thermospheric_or_slow,2016-09-01T15:17:17.196000,184.78333552584235,135.43377637508954,2.5557271708592344,0.37049060585156024,,True,
infrasound,N4,M50A,EP,BDF,1442.1619353410238,351.7122391810303,2016-09-01T13:32:50.742194,2016-09-01T16:03:52.758430,screened,True,N4.M50A.EP.BDF,0.2,1.0,thermospheric_or_slow,2016-09-01T15:16:17.771000,186.271504657159,13.727325160481113,0.8538555927653119,0.20809248554913293,,False,
infrasound,N4,N47A,EP,BDF,1443.9505722434474,342.4904524254662,2016-09-01T13:32:52.795088,2016-09-01T16:04:05.752800,screened,True,N4.N47A.EP.BDF,0.2,1.0,thermospheric_or_slow,2016-09-01T14:40:26.521000,258.26304079716425,16.280055784008773,0.8719464899951088,0.235384677713406,,False,
infrasound,IU,CCM,30,LDO,1445.5264430743505,319.49681798178034,2016-09-01T13:32:54.603779,2016-09-01T16:04:17.201435,screened,True,IU.CCM.30.LDO,0.2,0.45,thermospheric_or_slow,2016-09-01T14:49:08.666681,236.46167925470775,5.363178408434615,0.9250635580952303,0.2274382840955079,,False,
infrasound,N4,M57A,EP,BDF,1451.547164416597,11.566895685577487,2016-09-01T13:33:01.514009,2016-09-01T16:05:00.941717,screened,True,N4.M57A.EP.BDF,0.2,1.0,thermospheric_or_slow,2016-09-01T15:20:04.096000,182.15876947154325,15.681312043588493,0.3429626893275869,0.2897703801473033,,False,
infrasound,N4,Z38B,EP,BDF,1470.8478789796231,294.32785738284673,2016-09-01T13:33:23.666232,2016-09-01T16:07:21.160584,screened,True,N4.Z38B.EP.BDF,0.2,1.0,thermospheric_or_slow,2016-09-01T14:47:59.721000,243.34834687830585,20.79478101116468,0.9122279586510457,0.3213650058167861,,False,
infrasound,N4,O44A,EP,BDF,1474.9292617825474,332.7145810713595,2016-09-01T13:33:28.350604,2016-09-01T16:07:50.811655,screened,True,N4.O44A.EP.BDF,0.2,1.0,thermospheric_or_slow,2016-09-01T15:03:35.346000,211.31299109453508,97.14589158713346,1.2563819626699448,0.2514625681705503,,True,
infrasound,N4,P43A,EP,BDF,1478.4946565021962,328.54410187497365,2016-09-01T13:33:32.442754,2016-09-01T16:08:16.714096,screened,True,N4.P43A.EP.BDF,0.2,1.0,thermospheric_or_slow,2016-09-01T15:24:00.346000,180.1980326255289,21.24621207087216,0.7518053875971993,0.2108928324133974,,False,
infrasound,IU,HKT,30,LDO,1490.2452982347165,279.6835455210992,2016-09-01T13:33:45.929449,2016-09-01T16:09:42.082006,screened,True,IU.HKT.30.LDO,0.2,0.30000000000000004,stratospheric,2016-09-01T14:33:32.666680,287.8503446212018,6.234920081586562,1.4955107883492869,0.22186147186147187,,True,
infrasound,N4,237B,EP,BDF,1512.7283322558433,288.35901391765253,2016-09-01T13:34:11.734152,2016-09-01T16:12:25.420287,screened,True,N4.237B.EP.BDF,0.2,1.0,thermospheric_or_slow,2016-09-01T14:48:47.146000,248.32889329563668,22.815674149630144,0.6385479538267105,0.22468433977222185,,False,
infrasound,N4,N62A,EP,BDF,1517.4332602581176,23.411519646826328,2016-09-01T13:34:17.134192,2016-09-01T16:12:59.601388,screened,True,N4.N62A.EP.BDF,0.2,1.0,thermospheric_or_slow,2016-09-01T14:49:16.196000,247.9189673782318,8.83301361195211,1.3061004675301442,0.2675482136145031,,True,
infrasound,N4,L48A,EP,BDF,1525.113867021992,347.789868365384,2016-09-01T13:34:25.949540,2016-09-01T16:13:55.400668,screened,True,N4.L48A.EP.BDF,0.2,1.0,thermospheric_or_slow,2016-09-01T15:04:14.646000,217.27954113274626,30.55851993703889,1.5109612666265784,0.2493263394098637,,True,
infrasound,N4,R40B,EP,BDF,1529.307657917157,317.888557095897,2016-09-01T13:34:30.762926,2016-09-01T16:14:25.868380,screened,True,N4.R40B.EP.BDF,0.2,1.0,thermospheric_or_slow,2016-09-01T15:13:05.646000,202.55375361591766,89.40376205256746,0.46920326723229894,0.22110014535995712,,False,
infrasound,N4,L56A,EP,BDF,1530.5719170620125,9.469628218553945,2016-09-01T13:34:32.213969,2016-09-01T16:14:35.053168,screened,True,N4.L56A.EP.BDF,0.2,1.0,thermospheric_or_slow,2016-09-01T14:47:17.471000,255.01212605441225,14.149792356536814,0.6249681962499821,0.24423337856173674,,False,
infrasound,OK,X37A,EP,BDF,1553.029194627493,299.2091749632129,2016-09-01T13:34:57.989110,2016-09-01T16:17:18.204330,screened,True,OK.X37A.EP.BDF,0.2,1.0,thermospheric_or_slow,2016-09-01T15:28:24.396000,183.38065417315195,99.25985011650378,0.4609063247364434,0.23354364817779452,,False,
infrasound,N4,S39B,EP,BDF,1559.2252541440994,313.76338674137094,2016-09-01T13:35:05.100583,2016-09-01T16:18:03.218438,screened,True,N4.S39B.EP.BDF,0.2,1.0,stratospheric,2016-09-01T14:31:55.021000,306.9638709738073,35.97355405626069,1.5483349906611363,0.2367536831222538,,True,
infrasound,N4,U38B,EP,BDF,1561.6752606704995,307.52998043568584,2016-09-01T13:35:07.912556,2016-09-01T16:18:21.017630,screened,True,N4.U38B.EP.BDF,0.2,1.0,thermospheric_or_slow,2016-09-01T14:55:31.346000,240.41187710915992,40.21888530532181,0.9830037355988247,0.26971090362517675,,False,
infrasound,N4,M44A,EP,BDF,1576.2658202033967,336.47835760114197,2016-09-01T13:35:24.658741,2016-09-01T16:20:07.017422,screened,True,N4.M44A.EP.BDF,0.2,1.0,thermospheric_or_slow,2016-09-01T15:29:33.296000,184.62239330477627,153.4264288628473,0.7134405294935325,0.24865928111488428,,False,
infrasound,IM,I51H4,,BDF,1578.8592751380247,70.64847854259321,2016-09-01T13:35:27.635356,2016-09-01T16:20:25.858761,failed,False,,,,,,,,,,,,"RuntimeError: All prioritized channels failed: IM.I51H4.--.BDF: FDSNNoDataException: No data available for request.
HTTP Status code: 204
Detailed response of server:

"
infrasound,N4,L46A,EP,BDF,1579.3793032404888,342.392219585257,2016-09-01T13:35:28.232214,2016-09-01T16:20:29.636743,failed,False,,,,,,,,,,,,"RuntimeError: All prioritized channels failed: N4.L46A.EP.BDF: FDSNNoDataException: No data available for request.
HTTP Status code: 204
Detailed response of server:

 | N4.L46A.EP.LDF: FDSNNoDataException: No data available for request.
HTTP Status code: 204
Detailed response of server:

 | N4.L46A.EP.BDO: FDSNNoDataException: No data available for request.
HTTP Status code: 204
Detailed response of server:

 | N4.L46A.EP.LDO: FDSNNoDataException: No data available for request.
HTTP Status code: 204
Detailed response of server:

"
infrasound,IM,I51H3,,BDF,1579.4934907517722,70.68762473704223,2016-09-01T13:35:28.363272,2016-09-01T16:20:30.466311,screened,True,IM.I51H3.--.BDF,0.2,1.0,thermospheric_or_slow,2016-09-01T15:31:02.200000,183.09388072247208,10.0302082773929,1.1957701372945262,0.24777777777777776,,False,
infrasound,IM,I51H1,,BDF,1580.2543532046504,70.6090734245934,2016-09-01T13:35:29.236545,2016-09-01T16:20:35.993944,screened,True,IM.I51H1.--.BDF,0.2,1.0,tropospheric,2016-09-01T14:31:27.050000,312.826480514849,34.84936823029224,1.968587733932735,0.2900789564023344,,True,
infrasound,IU,BBSR,30,LDO,1580.6919632280724,70.57185673716921,2016-09-01T13:35:29.738808,2016-09-01T16:20:39.173162,screened,True,IU.BBSR.30.LDO,0.2,0.45,tropospheric,2016-09-01T14:29:39.550000,319.71689432304186,18.51804690391559,2.693590853643944,0.26288659793814434,,True,
infrasound,IM,I51H2,,BDF,1581.2593578110482,70.64730293269798,2016-09-01T13:35:30.390030,2016-09-01T16:20:43.295259,screened,True,IM.I51H2.--.BDF,0.2,1.0,thermospheric_or_slow,2016-09-01T15:11:28.200000,212.17307061397997,6.067341608109691,1.2669830390497616,0.23677395486496486,,True,
infrasound,N4,K50A,EP,BDF,1587.6951054742335,353.8845230831559,2016-09-01T13:35:37.776603,2016-09-01T16:21:30.050691,screened,True,N4.K50A.EP.BDF,0.2,1.0,thermospheric_or_slow,2016-09-01T15:25:33.946000,191.32470193698677,5.970671361201434,0.8797690186699951,0.29403095062638174,,False,
infrasound,N4,L59A,EP,BDF,1592.5255097926051,16.836192622887037,2016-09-01T13:35:43.320656,2016-09-01T16:22:05.143372,screened,True,N4.L59A.EP.BDF,0.2,1.0,thermospheric_or_slow,2016-09-01T15:31:21.346000,184.19574149882956,37.998716063097746,0.785076467725254,0.5943558237136218,,False,
infrasound,N4,P40B,EP,BDF,1610.1798495451103,322.05257932636744,2016-09-01T13:36:03.583269,2016-09-01T16:24:13.401396,screened,True,N4.P40B.EP.BDF,0.2,1.0,tropospheric,2016-09-01T14:30:06.096000,323.94188848878355,66.46702187212192,1.9073042930746105,0.2526954177897574,,True,
infrasound,N4,K57A,EP,BDF,1614.0445072374628,12.010626574151306,2016-09-01T13:36:08.018895,2016-09-01T16:24:41.477969,screened,True,N4.K57A.EP.BDF,0.2,1.0,thermospheric_or_slow,2016-09-01T14:55:17.571000,249.00188437662754,27.223082018472446,1.2669053731611482,0.2580598394374875,,True,
infrasound,N4,M63A,EP,BDF,1621.6750943866377,26.29675537335045,2016-09-01T13:36:16.776835,2016-09-01T16:25:36.913858,screened,True,N4.M63A.EP.BDF,0.2,1.0,thermospheric_or_slow,2016-09-01T15:21:26.796000,201.4182354834104,5.135631556227413,0.959089015710157,0.23808879629880142,,False,
infrasound,N4,J54A,EP,BDF,1641.521825521599,5.5602029478228445,2016-09-01T13:36:39.555744,2016-09-01T16:28:01.099512,screened,True,N4.J54A.EP.BDF,0.2,1.0,thermospheric_or_slow,2016-09-01T15:00:05.746000,242.4616657947516,41.66214135963236,0.9230070917274033,0.2248732637806149,,False,
infrasound,N4,N41A,EP,BDF,1641.560723405369,327.85067463039474,2016-09-01T13:36:39.600388,2016-09-01T16:28:01.382104,screened,True,N4.N41A.EP.BDF,0.2,1.0,thermospheric_or_slow,2016-09-01T15:20:53.446000,204.73616407708414,45.067660162290224,0.7058854011242014,0.2391240433701879,,False,
infrasound,TA,TUL1,EP,BDF,1646.4217266451758,303.5295003070404,2016-09-01T13:36:45.179562,2016-09-01T16:28:36.697084,screened,True,TA.TUL1.EP.BDF,0.2,1.0,thermospheric_or_slow,2016-09-01T15:37:57.221001,182.09190517081808,64.10221951170927,0.6905179246391551,0.23841671404206935,,False,
infrasound,TA,L44A,EP,BDF,1649.5617815300322,338.2546360935199,2016-09-01T13:36:48.783533,2016-09-01T16:28:59.509449,screened,True,TA.L44A.EP.BDF,0.2,1.0,stratospheric,2016-09-01T14:45:17.446000,280.44555247354293,120.83319621994428,1.9719227405763187,0.34300791556728233,,True,
infrasound,N4,J55A,EP,BDF,1650.168990872046,7.891316746428012,2016-09-01T13:36:49.480451,2016-09-01T16:29:03.920799,screened,True,N4.J55A.EP.BDF,0.2,1.0,stratospheric,2016-09-01T14:47:56.596000,273.15783523695126,20.407433268436456,1.3396978251299354,0.24519500818130752,,True,
infrasound,TA,WHTX,EP,BDF,1666.008196957145,287.3607828487195,2016-09-01T13:37:07.659760,2016-09-01T16:30:58.991954,screened,True,TA.WHTX.EP.BDF,0.2,1.0,thermospheric_or_slow,2016-09-01T15:39:11.971000,182.74732430133935,37.12168246375542,0.6119503978490242,0.23666769082210423,,False,
infrasound,N4,J56A,EP,BDF,1666.332839376248,10.552593511476381,2016-09-01T13:37:08.032366,2016-09-01T16:31:01.350467,screened,True,N4.J56A.EP.BDF,0.2,1.0,thermospheric_or_slow,2016-09-01T15:32:20.496000,191.42288436749143,6.735526034688266,0.9469067375257514,0.2833144632560099,,False,
infrasound,N4,J47A,EP,BDF,1672.3064062968551,347.9749692130454,2016-09-01T13:37:14.888474,2016-09-01T16:31:44.748176,screened,True,N4.J47A.EP.BDF,0.2,1.0,thermospheric_or_slow,2016-09-01T15:16:25.271000,215.78822664782447,16.673992363589587,0.8106072913336428,0.2511675091389292,,False,
infrasound,N4,Z35B,EP,BDF,1676.5963265183927,292.54352144613745,2016-09-01T13:37:19.812192,2016-09-01T16:32:15.914263,screened,True,N4.Z35B.EP.BDF,0.2,1.0,stratospheric,2016-09-01T14:54:20.371000,260.9546363656869,5.650658968938839,0.47663347584002896,0.2153690839602913,,False,
infrasound,N4,735B,EP,BDF,1682.4927782243803,275.2607239223049,2016-09-01T13:37:26.579792,2016-09-01T16:32:58.751732,screened,True,N4.735B.EP.BDF,0.2,1.0,tropospheric,2016-09-01T14:32:01.046000,330.83906381648075,12.621307623038728,1.646785425445568,0.2257063399298698,,True,
infrasound,TA,L61B,EP,BDF,1697.3354227264997,22.71084221099508,2016-09-01T13:37:43.615306,2016-09-01T16:34:46.582910,screened,True,TA.L61B.EP.BDF,0.2,1.0,thermospheric_or_slow,2016-09-01T15:41:59.321000,182.8275134969409,10.151042840979104,0.28201006948484253,0.23298896232023916,,False,
infrasound,N4,J57A,EP,BDF,1697.7926710413897,12.761271417644899,2016-09-01T13:37:44.140109,2016-09-01T16:34:49.904800,screened,True,N4.J57A.EP.BDF,0.2,1.0,thermospheric_or_slow,2016-09-01T15:02:11.646000,246.19490644370308,72.1320411395672,0.48407504369171644,0.22155606091930258,,False,
infrasound,TA,M65A,EP,BDF,1700.3811287315,29.37550564894152,2016-09-01T13:37:47.110988,2016-09-01T16:35:08.709834,screened,True,TA.M65A.EP.BDF,0.2,1.0,thermospheric_or_slow,2016-09-01T15:09:22.421000,232.07351149701987,5.211149434734927,0.8534574728481499,0.24736380369153493,,False,
infrasound,N4,L42A,EP,BDF,1702.8237488561224,333.5341367961838,2016-09-01T13:37:49.914484,2016-09-01T16:35:26.455365,screened,True,N4.L42A.EP.BDF,0.2,1.0,thermospheric_or_slow,2016-09-01T15:08:57.746000,233.19221514452516,39.45368908457323,1.0994082676902779,0.27621272502404837,,False,
infrasound,N4,J58A,EP,BDF,1709.0392904485127,14.695552698108317,2016-09-01T13:37:57.048316,2016-09-01T16:36:11.611010,screened,True,N4.J58A.EP.BDF,0.2,1.0,stratospheric,2016-09-01T14:44:29.396000,292.9505898933637,72.93978578850724,1.2710993321755193,0.21411054518015468,,True,
infrasound,N4,P38B,EP,BDF,1709.585522797716,319.2403648741555,2016-09-01T13:37:57.675250,2016-09-01T16:36:15.579364,screened,True,N4.P38B.EP.BDF,0.2,1.0,thermospheric_or_slow,2016-09-01T15:14:37.271000,223.7162779857047,26.779653487097956,0.4153743006004028,0.2340562042858976,,False,
infrasound,N4,K43A,EP,BDF,1717.2723166547682,338.07748900768877,2016-09-01T13:38:06.497699,2016-09-01T16:37:11.423593,screened,True,N4.K43A.EP.BDF,0.2,1.0,stratospheric,2016-09-01T14:54:32.096000,266.7987776641791,17.690772274683567,1.135313864546657,0.2356143809255609,,False,
infrasound,N4,I49A,EP,BDF,1718.1631688868868,353.8994648401352,2016-09-01T13:38:07.520167,2016-09-01T16:37:17.895596,screened,True,N4.I49A.EP.BDF,0.2,1.0,thermospheric_or_slow,2016-09-01T15:24:24.171000,208.80237022468413,15.663906655531875,0.5532246639005945,0.23186728066666099,,False,
infrasound,N4,L64A,EP,BDF,1725.5614827298734,28.132957325065775,2016-09-01T13:38:16.011517,2016-09-01T16:38:11.644030,screened,True,N4.L64A.EP.BDF,0.2,1.0,stratospheric,2016-09-01T14:49:13.296000,282.05669471504467,10.284462161551508,1.5205012035366983,0.2597038628614134,,True,
infrasound,N4,K62A,EP,BDF,1735.5750243793966,23.427219304005273,2016-09-01T13:38:27.504471,2016-09-01T16:39:24.391982,screened,True,N4.K62A.EP.BDF,0.2,1.0,stratospheric,2016-09-01T14:55:54.946000,266.21566386352845,10.73588555764787,0.7477187296340017,0.23126755984860797,,False,
infrasound,N4,J59A,EP,BDF,1740.614157451622,16.580021454520587,2016-09-01T13:38:33.288091,2016-09-01T16:40:01.001069,screened,True,N4.J59A.EP.BDF,0.2,1.0,thermospheric_or_slow,2016-09-01T15:34:14.796000,197.36460162015248,37.57799539996071,0.6602858072535397,0.2386233783692949,,False,
infrasound,IU,HRV,30,LDO,1747.5372352314942,25.326023782905676,2016-09-01T13:38:41.233992,2016-09-01T16:40:51.296933,screened,True,IU.HRV.30.LDO,0.2,0.30000000000000004,stratospheric,2016-09-01T14:48:47.666680,286.85051282911854,6.692029945811606,1.5583963389438091,0.235239852398524,,True,
infrasound,N4,T35B,EP,BDF,1753.8185837446458,305.9646681163505,2016-09-01T13:38:48.443354,2016-09-01T16:41:36.930661,screened,True,N4.T35B.EP.BDF,0.2,1.0,thermospheric_or_slow,2016-09-01T15:11:36.046000,235.07954790795438,10.641460148852675,0.8811258620844744,0.2781854569713142,,False,
infrasound,N4,L40A,EP,BDF,1780.1505599899167,330.0966482158728,2016-09-01T13:39:18.665647,2016-09-01T16:44:48.231343,screened,True,N4.L40A.EP.BDF,0.2,1.0,thermospheric_or_slow,2016-09-01T15:36:47.321000,198.4160471378283,102.86317028710042,1.9712435621534026,0.24581207535388885,,True,
infrasound,N4,N38B,EP,BDF,1781.1506575123526,322.9354178885808,2016-09-01T13:39:19.813500,2016-09-01T16:44:55.497010,screened,True,N4.N38B.EP.BDF,0.2,1.0,thermospheric_or_slow,2016-09-01T15:44:30.221000,188.78705846376886,38.3094075752451,0.49868043626142716,0.24600124807041743,,False,
infrasound,N4,I45A,EP,BDF,1789.5596995033638,345.145928303576,2016-09-01T13:39:29.464904,2016-09-01T16:45:56.588340,screened,True,N4.I45A.EP.BDF,0.2,1.0,thermospheric_or_slow,2016-09-01T15:02:44.471000,258.2725792921405,45.46510228173861,1.0466174417362795,0.24615284031937756,,False,
infrasound,N4,J61A,EP,BDF,1790.8865152930612,21.524103150194613,2016-09-01T13:39:30.987744,2016-09-01T16:46:06.227600,screened,True,N4.J61A.EP.BDF,0.2,1.0,thermospheric_or_slow,2016-09-01T15:06:40.971000,249.93331413749823,43.48495918373969,1.382348011166754,0.26556911166642166,,True,
seismic,IU,DWPF,10,BHZ,97.68282725822732,239.3800458947381,2016-09-01T13:02:40.267678,2016-09-01T13:17:28.579299,screened,True,IU.DWPF.10.HHZ;IU.DWPF.10.BHZ,0.5,5.0,surface_candidate,2016-09-01T13:09:21.344538,776.3021464421358,6.346617301534349,1.140443082808909,0.5733054643177067,,False,
seismic,N4,060A,,HHZ,170.41442868169113,172.79423978290907,2016-09-01T13:00:44.676383,2016-09-01T13:23:35.700717,screened,True,N4.060A.--.HHZ,0.5,5.0,surface_candidate,2016-09-01T13:08:53.500000,1739.1640950345266,5.19513845310931,1.040667833899871,0.7325255014718971,,False,
seismic,N4,656A,,HHZ,210.72653368690598,295.5861346961097,2016-09-01T12:59:40.608931,2016-09-01T13:26:59.180865,screened,True,N4.656A.--.HHZ,0.5,5.0,surface_candidate,2016-09-01T13:14:16.960000,500.0079101088679,5.210898827828817,1.0801125844441288,0.5647215147824162,,False,
seismic,N4,456A,,HHZ,277.58435639331987,330.08469329594095,2016-09-01T12:57:54.352748,2016-09-01T13:32:36.653685,screened,True,N4.456A.--.HHZ,0.5,5.0,ground_coupled_airwave,2016-09-01T13:20:37.100000,346.29374499532406,7.86917724200039,1.6713357423687563,2.448665297741273,,True,
seismic,N4,061Z,,HHZ,300.5423489834946,186.3168496798582,2016-09-01T12:57:17.865939,2016-09-01T13:34:32.536885,screened,True,N4.061Z.--.HHZ,0.5,5.0,surface_candidate,2016-09-01T13:09:00.270000,2868.96408222786,4.080972660476963,0.8648327242464993,0.6870984647037129,,False,
seismic,N4,257A,,HHZ,380.7746904564904,353.59856379226915,2016-09-01T12:55:10.353824,2016-09-01T13:41:17.519180,screened,True,N4.257A.--.HHZ,0.5,5.0,ground_coupled_airwave,2016-09-01T13:26:54.900000,322.8583019581118,4.348854250214446,0.8655575785608135,0.5538714868455522,,False,
seismic,N4,255A,,HHZ,415.3000032357702,334.3699071311997,2016-09-01T12:54:15.483237,2016-09-01T13:44:11.789807,screened,True,N4.255A.--.HHZ,0.5,5.0,P_candidate,2016-09-01T13:09:11.180000,3590.4982193253204,10.630028841486517,2.2870718238283643,0.6356911696717522,,True,
seismic,N4,553A,,HHZ,415.36617625845753,296.66766452497995,2016-09-01T12:54:15.378070,2016-09-01T13:44:12.123823,failed,False,,,,,,,,,,,,"RuntimeError: All prioritized channels failed: N4.553A.--.HHZ: FDSNNoDataException: No data available for request.
HTTP Status code: 204
Detailed response of server:

 | N4.553A.--.BHZ: FDSNNoDataException: No data available for request.
HTTP Status code: 204
Detailed response of server:

 | N4.553A.--.LHZ: FDSNNoDataException: No data available for request.
HTTP Status code: 204
Detailed response of server:

"
seismic,TA,TIGA,,HHZ,431.46200516679613,318.3969686873731,2016-09-01T12:53:49.797199,2016-09-01T13:45:33.369436,screened,True,TA.TIGA.--.HHZ,0.5,5.0,ground_coupled_airwave,2016-09-01T13:30:10.490000,313.7959350915377,8.51845032703604,0.9941699041522799,3.632880874533505,,False,
seismic,CO,CSB,00,HHZ,492.96622099278443,5.507054178532019,2016-09-01T12:52:12.049428,2016-09-01T13:50:43.819287,failed,False,,,,,,,,,,,,RuntimeError: All prioritized channels failed: CO.CSB.00.HHZ: RuntimeError: Prioritized channel lacks complete finite requested coverage
seismic,CO,SUMMV,00,HHZ,499.8743305700468,3.193685661707232,2016-09-01T12:52:01.070467,2016-09-01T13:51:18.688793,screened,True,CO.SUMMV.00.HHZ,0.5,5.0,surface_candidate,2016-09-01T13:19:41.988391,669.646633211016,5.538609597764794,1.0061988087233231,0.5694747528969694,,False,
seismic,US,NHSC,00,BHZ,505.309142057085,4.235430295915968,2016-09-01T12:51:52.432999,2016-09-01T13:51:46.121651,screened,True,US.NHSC.00.BHZ,0.5,5.0,surface_candidate,2016-09-01T13:22:51.625000,539.7959495601539,5.221937463122854,0.917399318740351,0.5956709956709957,,False,
seismic,N4,154A,,HHZ,510.40542994987766,332.2587604275699,2016-09-01T12:51:44.333542,2016-09-01T13:52:11.845770,screened,True,N4.154A.--.HHZ,0.5,5.0,surface_candidate,2016-09-01T13:22:27.380000,559.7370732706871,4.283401908350224,0.5149027160769412,0.5268691855813847,,False,
seismic,N4,352A,,HHZ,529.7102127278853,308.692082551164,2016-09-01T12:51:13.652727,2016-09-01T13:53:49.288959,screened,True,N4.352A.--.HHZ,0.5,5.0,surface_candidate,2016-09-01T13:21:16.820000,629.6281743819911,5.17919759120094,1.0495911138821359,0.5440049334860364,,False,
seismic,CO,HAW,00,HHZ,541.0207665648014,349.75393103805646,2016-09-01T12:50:55.677025,2016-09-01T13:54:46.380326,screened,True,CO.HAW.00.HHZ,0.5,5.0,surface_candidate,2016-09-01T13:12:04.348393,1873.1149420935637,5.067475840730845,1.0493873694319535,0.6048778383973432,,False,
seismic,N4,451A,,HHZ,550.0671377568837,295.70858019005055,2016-09-01T12:50:41.299756,2016-09-01T13:55:32.042962,screened,True,N4.451A.--.HHZ,0.5,5.0,surface_candidate,2016-09-01T13:11:26.540000,2191.2720644397705,5.02394753189313,0.7925547726686683,0.5917473514533865,,False,
