representative_event_number,perturbed_sensor,offset_radius_m,offset_direction_from_east_deg,conditional_back_azimuth_deg,conditional_speed_mps,back_azimuth_change_deg,speed_change_mps,baseline_matrix_condition_number
13,nominal,0.0,0.0,200.2999999999999,352.5,0.0,0.0,2.6027900790960583
13,DD1,1.0,0.0,200.20421212003296,356.86375486917683,-0.0957878799669345,4.36375486917683,2.5110994240516153
13,DD1,1.0,45.0,200.04853488518276,363.9537223627744,-0.25146511481713674,11.453722362774386,2.5374852602786397
13,DD1,1.0,90.0,200.03944004678974,364.36784364020366,-0.2605599532101621,11.86784364020366,2.6012203786513672
13,DD1,1.0,135.0,200.1835924935017,357.80298161537496,-0.11640750649820575,5.302981615374961,2.667646384962867
13,DD1,1.0,180.0,200.3966616034176,348.09544269314875,0.09666160341771501,-4.404557306851245,2.6993892141917977
13,DD1,1.0,225.0,200.55248447177775,340.99301698503075,0.25248447177784783,-11.50698301496925,2.6751177012482583
13,DD1,1.0,270.0,200.55968626084828,340.6646971635143,0.2596862608483832,-11.83530283648571,2.6074470877049527
13,DD1,1.0,315.0,200.4153881184484,347.2420208884765,0.11538811844849306,-5.257979111523525,2.538910116437631
13,DD3,1.0,0.0,201.0917843832781,348.669382063814,0.7917843832782125,-3.8306179361860018,2.6956647973812715
13,DD3,1.0,45.0,202.3306174384656,342.5426533005188,2.030617438465697,-9.957346699481207,2.7356043853714813
13,DD3,1.0,90.0,202.33552707335997,342.5180518997617,2.035527073360072,-9.981948100238299,2.6965867138982484
13,DD3,1.0,135.0,201.1883136806698,348.19780917686336,0.8883136806699099,-4.302190823136641,2.60688303733308
13,DD3,1.0,180.0,199.56325909091558,356.00387559018975,-0.7367409090843182,3.5038755901897503,2.519936989697844
13,DD3,1.0,225.0,198.33346947788246,361.72123351069234,-1.9665305221174378,9.221233510692343,2.481708531470673
13,DD3,1.0,270.0,198.20955256804473,362.2881316060234,-2.0904474319551696,9.788131606023398,2.513470081905978
13,DD3,1.0,315.0,199.34747628746484,357.0190007719174,-0.9525237125350543,4.519000771917376,2.6014645843164788
13,DD1,2.0,0.0,200.10928669870694,361.18723523876946,-0.19071330129295916,8.68723523876946,2.4240736781933063
13,DD1,2.0,45.0,199.79809259545695,375.3538895358725,-0.5019074045429477,22.853889535872497,2.4785946253321924
13,DD1,2.0,90.0,199.77801281599014,376.26761617930146,-0.5219871840097596,23.767616179301456,2.60246168464252
13,DD1,2.0,135.0,200.0661530043215,363.1514788399673,-0.23384699567839107,10.651478839967297,2.7334475197273735
13,DD1,2.0,180.0,200.49420838164247,343.6495464724522,0.19420838164256793,-8.850453527547813,2.801160678419803
13,DD1,2.0,225.0,200.80598464585958,329.43308192542014,0.5059846458596837,-23.06691807457986,2.7551688435162105
13,DD1,2.0,270.0,200.81849260108382,328.86253422514903,0.5184926010839206,-23.637465774850966,2.6155013935238722
13,DD1,2.0,315.0,200.5297692569378,342.0285375828665,0.22976925693791372,-10.471462417133523,2.4760404883728144
13,DD3,2.0,0.0,201.94468093310095,344.46863549436017,1.644680933101057,-8.031364505639829,2.7999853630479987
13,DD3,2.0,45.0,204.42316008268523,331.83169814771435,4.123160082685331,-20.66830185228565,2.881815844913385
13,DD3,2.0,90.0,204.31334030742758,332.40495593319974,4.013340307427683,-20.095044066800256,2.795068967450815
13,DD3,2.0,135.0,202.0183113426383,344.1023931955123,1.7183113426384011,-8.39760680448768,2.6135613073398343
13,DD3,2.0,180.0,198.8762347847481,359.2182773331621,-1.423765215251791,6.718277333162121,2.4459255269929137
13,DD3,2.0,225.0,196.4324508305397,370.2303651257352,-3.8675491694602044,17.730365125735204,2.370963798896679
13,DD3,2.0,270.0,196.06771383413144,371.81664580115773,-4.232286165868459,19.316645801157733,2.4284325087425485
13,DD3,2.0,315.0,198.3241079056963,361.7641201752614,-1.975892094303589,9.264120175261382,2.6031026030102966
