file,variable,class,size_text,numel,bytes,is_complex,is_global,is_sparse
arrivals.mat,arrivalobj,Arrival,1 x 1,1,195808,0,0,0
arrivals_with_waveforms.mat,arrivalobj,Arrival,1 x 1,1,5679713,0,0,0
arrivals_with_waveforms_and_amplitudes.mat,arrivalobj,Arrival,1 x 1,1,6811740,0,0,0
catalog.mat,catalogobj,Catalog,1 x 1,1,5151209,0,0,0
currentstuff.mat,w,waveform,6 x 1,6,43218507,0,0,0
currentstuff.mat,wfilt,waveform,6 x 1,6,43214583,0,0,0
currentstuff.mat,wf,waveform,6 x 1,6,28814595,0,0,0
currentstuff.mat,wevent,cell,1 x 153,153,3165903,0,0,0
currentstuff.mat,thisframe,uint8,720 x 1280 x 3,2764800,2764800,0,0,0
currentstuff.mat,infrasoundEvent,struct,1 x 153,153,550039,0,0,0
currentstuff.mat,tr2,threecomp,1 x 1,1,298392,0,0,0
currentstuff.mat,tr,threecomp,1 x 1,1,278907,0,0,0
currentstuff.mat,wzrt,waveform,1 x 3,3,278027,0,0,0
currentstuff.mat,wf2,waveform,6 x 1,6,127395,0,0,0
currentstuff.mat,wf3,waveform,6 x 1,6,84195,0,0,0
currentstuff.mat,tc2,threecomp,1 x 1,1,58392,0,0,0
currentstuff.mat,tc,threecomp,1 x 1,1,38907,0,0,0
currentstuff.mat,tc1,threecomp,1 x 1,1,38907,0,0,0
currentstuff.mat,wsz,waveform,1 x 3,3,38027,0,0,0
currentstuff.mat,wsz2,waveform,3 x 1,3,37389,0,0,0
currentstuff.mat,wiz,waveform,3 x 1,3,37353,0,0,0
currentstuff.mat,wf4,waveform,6 x 1,6,20595,0,0,0
currentstuff.mat,a,double,3 x 459,1377,11016,0,0,0
currentstuff.mat,p2p,double,1 x 918,918,7344,0,0,0
currentstuff.mat,snrall,double,1 x 918,918,7344,0,0,0
currentstuff.mat,rl,waveform,1 x 1,1,3679,0,0,0
currentstuff.mat,pl,waveform,1 x 1,1,3643,0,0,0
currentstuff.mat,ev,struct,1 x 1,1,3544,0,0,0
currentstuff.mat,exc,MException,1 x 1,1,3042,0,0,0
currentstuff.mat,tv,double,200 x 1,200,1600,0,0,0
currentstuff.mat,p2p_good,double,1 x 162,162,1296,0,0,0
currentstuff.mat,snr_good,double,1 x 162,162,1296,0,0,0
currentstuff.mat,backaz,double,1 x 153,153,1224,0,0,0
currentstuff.mat,e,double,1 x 153,153,1224,0,0,0
currentstuff.mat,etime,double,1 x 153,153,1224,0,0,0
currentstuff.mat,meanCorrAll,double,1 x 153,153,1224,0,0,0
currentstuff.mat,meanSecsDiff,double,1 x 153,153,1224,0,0,0
currentstuff.mat,p2p1,double,1 x 153,153,1224,0,0,0
currentstuff.mat,p2p2,double,1 x 153,153,1224,0,0,0
currentstuff.mat,p2p3,double,1 x 153,153,1224,0,0,0
currentstuff.mat,p2pbest,double,1 x 153,153,1224,0,0,0
currentstuff.mat,t,double,1 x 153,153,1224,0,0,0
currentstuff.mat,y,double,1 x 153,153,1224,0,0,0
currentstuff.mat,ds,datasource,1 x 1,1,1043,0,0,0
currentstuff.mat,df,struct,1 x 1,1,966,0,0,0
currentstuff.mat,masterEvent,struct,1 x 1,1,706,0,0,0
currentstuff.mat,reallygood,double,1 x 47,47,376,0,0,0
currentstuff.mat,source,struct,1 x 1,1,278,0,0,0
currentstuff.mat,bestbackazAll,double,1 x 27,27,216,0,0,0
currentstuff.mat,bestsoundspeedAll,double,1 x 27,27,216,0,0,0
currentstuff.mat,etime_good,double,1 x 27,27,216,0,0,0
currentstuff.mat,good,double,1 x 27,27,216,0,0,0
currentstuff.mat,meanSecsDiff_good,double,1 x 27,27,216,0,0,0
currentstuff.mat,p2pbestgood,double,1 x 27,27,216,0,0,0
currentstuff.mat,ratio1v3,double,1 x 27,27,216,0,0,0
currentstuff.mat,ratio2v3,double,1 x 27,27,216,0,0,0
currentstuff.mat,fname,char,1 x 81,81,162,0,0,0
currentstuff.mat,scnl,scnlobject,1 x 1,1,153,0,0,0
currentstuff.mat,filepattern,char,1 x 65,65,130,0,0,0
currentstuff.mat,jpgfile,char,1 x 65,65,130,0,0,0
currentstuff.mat,pngfile,char,1 x 65,65,130,0,0,0
currentstuff.mat,ax,matlab.graphics.axis.Axes,1 x 11,11,88,0,0,0
currentstuff.mat,lh6,matlab.graphics.primitive.Line,1 x 11,11,88,0,0,0
currentstuff.mat,lh7,matlab.graphics.primitive.Line,1 x 11,11,88,0,0,0
currentstuff.mat,lh8,matlab.graphics.primitive.Line,1 x 11,11,88,0,0,0
currentstuff.mat,OUTDIR,char,1 x 39,39,78,0,0,0
currentstuff.mat,matfilename,char,1 x 38,38,76,0,0,0
currentstuff.mat,dbpath,char,1 x 37,37,74,0,0,0
currentstuff.mat,MdistanceDiff,double,3 x 3,9,72,0,0,0
currentstuff.mat,MspeedMatrix,double,3 x 3,9,72,0,0,0
currentstuff.mat,d,double,3 x 3,9,72,0,0,0
currentstuff.mat,distDiff,double,3 x 3,9,72,0,0,0
currentstuff.mat,distanceDiff,double,3 x 3,9,72,0,0,0
currentstuff.mat,speedMatrix,double,3 x 3,9,72,0,0,0
currentstuff.mat,xticks,double,1 x 9,9,72,0,0,0
currentstuff.mat,cwd,char,1 x 35,35,70,0,0,0
currentstuff.mat,outfile,char,1 x 34,34,68,0,0,0
currentstuff.mat,coords,double,4 x 2,8,64,0,0,0
currentstuff.mat,yticks,double,1 x 7,7,56,0,0,0
currentstuff.mat,GISMO,char,1 x 27,27,54,0,0,0
currentstuff.mat,arclen,double,1 x 6,6,48,0,0,0
currentstuff.mat,array_distance_in_km,double,1 x 6,6,48,0,0,0
currentstuff.mat,easting,double,1 x 6,6,48,0,0,0
currentstuff.mat,effective_speed,double,1 x 6,6,48,0,0,0
currentstuff.mat,lat,double,6 x 1,6,48,0,0,0
currentstuff.mat,lon,double,6 x 1,6,48,0,0,0
currentstuff.mat,northing,double,1 x 6,6,48,0,0,0
currentstuff.mat,predicted_traveltime_seconds,double,1 x 6,6,48,0,0,0
currentstuff.mat,figureOutDirectory,char,1 x 21,21,42,0,0,0
currentstuff.mat,MFILES_SEISMICLAB,char,1 x 17,17,34,0,0,0
currentstuff.mat,home,char,1 x 17,17,34,0,0,0
currentstuff.mat,infrasoundEnergy,double,1 x 3,3,24,0,0,0
currentstuff.mat,dstr,char,1 x 10,10,20,0,0,0
currentstuff.mat,chantag,ChannelTag,1 x 1,1,16,0,0,0
currentstuff.mat,pylims,double,1 x 2,2,16,0,0,0
currentstuff.mat,sylims,double,1 x 2,2,16,0,0,0
currentstuff.mat,xlims,double,1 x 2,2,16,0,0,0
currentstuff.mat,chan,char,1 x 6,6,12,0,0,0
currentstuff.mat,cols,char,1 x 6,6,12,0,0,0
currentstuff.mat,FPS,double,1 x 1,1,8,0,0,0
currentstuff.mat,Mbestbackaz,double,1 x 1,1,8,0,0,0
currentstuff.mat,Mbestsoundspeed,double,1 x 1,1,8,0,0,0
currentstuff.mat,SECONDS_PER_DAY,double,1 x 1,1,8,0,0,0
currentstuff.mat,X,double,1 x 1,1,8,0,0,0
currentstuff.mat,ans,double,1 x 1,1,8,0,0,0
currentstuff.mat,axnum,double,1 x 1,1,8,0,0,0
currentstuff.mat,bestbackaz,double,1 x 1,1,8,0,0,0
currentstuff.mat,bestsoundspeed,double,1 x 1,1,8,0,0,0
currentstuff.mat,c,double,1 x 1,1,8,0,0,0
currentstuff.mat,chanNum,double,1 x 1,1,8,0,0,0
currentstuff.mat,col,double,1 x 1,1,8,0,0,0
currentstuff.mat,deg2m,double,1 x 1,1,8,0,0,0
currentstuff.mat,densityAir,double,1 x 1,1,8,0,0,0
currentstuff.mat,densityEarth,double,1 x 1,1,8,0,0,0
currentstuff.mat,end_recording_time,double,1 x 1,1,8,0,0,0
currentstuff.mat,endtime,double,1 x 1,1,8,0,0,0
currentstuff.mat,enum,double,1 x 1,1,8,0,0,0
currentstuff.mat,eventnum,double,1 x 1,1,8,0,0,0
currentstuff.mat,fh,matlab.ui.Figure,1 x 1,1,8,0,0,0
currentstuff.mat,fignum,double,1 x 1,1,8,0,0,0
currentstuff.mat,figureHeight,double,1 x 1,1,8,0,0,0
currentstuff.mat,figureWidth,double,1 x 1,1,8,0,0,0
currentstuff.mat,fout,double,1 x 1,1,8,0,0,0
currentstuff.mat,h2,double,1 x 1,1,8,0,0,0
currentstuff.mat,hfigs,matlab.ui.Figure,1 x 1,1,8,0,0,0
currentstuff.mat,hi1,matlab.graphics.chart.primitive.Line,1 x 1,1,8,0,0,0
currentstuff.mat,hi2,matlab.graphics.chart.primitive.Line,1 x 1,1,8,0,0,0
currentstuff.mat,hi3,matlab.graphics.chart.primitive.Line,1 x 1,1,8,0,0,0
currentstuff.mat,hpl,matlab.graphics.chart.primitive.Line,1 x 1,1,8,0,0,0
currentstuff.mat,hrl,matlab.graphics.chart.primitive.Line,1 x 1,1,8,0,0,0
currentstuff.mat,hs1,matlab.graphics.chart.primitive.Line,1 x 1,1,8,0,0,0
currentstuff.mat,hs2,matlab.graphics.chart.primitive.Line,1 x 1,1,8,0,0,0
currentstuff.mat,hs3,matlab.graphics.chart.primitive.Line,1 x 1,1,8,0,0,0
currentstuff.mat,imacaspectratio,double,1 x 1,1,8,0,0,0
currentstuff.mat,ind,double,1 x 1,1,8,0,0,0
currentstuff.mat,infratime,double,1 x 1,1,8,0,0,0
currentstuff.mat,k,double,1 x 1,1,8,0,0,0
currentstuff.mat,kmax,double,1 x 1,1,8,0,0,0
currentstuff.mat,lh1,matlab.graphics.primitive.Line,1 x 1,1,8,0,0,0
currentstuff.mat,lh2,matlab.graphics.primitive.Line,1 x 1,1,8,0,0,0
currentstuff.mat,lh3,matlab.graphics.primitive.Line,1 x 1,1,8,0,0,0
currentstuff.mat,lh4,matlab.graphics.primitive.Line,1 x 1,1,8,0,0,0
currentstuff.mat,lh5,matlab.graphics.primitive.Line,1 x 1,1,8,0,0,0
currentstuff.mat,maxTimeDiffForAssoc,double,1 x 1,1,8,0,0,0
currentstuff.mat,nfigs,double,1 x 1,1,8,0,0,0
currentstuff.mat,numEvents,double,1 x 1,1,8,0,0,0
currentstuff.mat,pWaveSpeed,double,1 x 1,1,8,0,0,0
currentstuff.mat,ph1,matlab.graphics.chart.primitive.Line,1 x 1,1,8,0,0,0
currentstuff.mat,ph2,matlab.graphics.chart.primitive.Line,1 x 1,1,8,0,0,0
currentstuff.mat,posttrigger,double,1 x 1,1,8,0,0,0
currentstuff.mat,pretrigger,double,1 x 1,1,8,0,0,0
currentstuff.mat,r1,double,1 x 1,1,8,0,0,0
currentstuff.mat,r2,double,1 x 1,1,8,0,0,0
currentstuff.mat,realtime,double,1 x 1,1,8,0,0,0
currentstuff.mat,relativeHumidity,double,1 x 1,1,8,0,0,0
currentstuff.mat,rf,double,1 x 1,1,8,0,0,0
currentstuff.mat,row,double,1 x 1,1,8,0,0,0
currentstuff.mat,savedframes,double,1 x 1,1,8,0,0,0
currentstuff.mat,seismicEnergy,double,1 x 1,1,8,0,0,0
currentstuff.mat,seismictime,double,1 x 1,1,8,0,0,0
currentstuff.mat,skippedframes,double,1 x 1,1,8,0,0,0
currentstuff.mat,snum,double,1 x 1,1,8,0,0,0
currentstuff.mat,spacer,double,1 x 1,1,8,0,0,0
currentstuff.mat,speed_of_sound,double,1 x 1,1,8,0,0,0
currentstuff.mat,start_recording_time,double,1 x 1,1,8,0,0,0
currentstuff.mat,startsecs,double,1 x 1,1,8,0,0,0
currentstuff.mat,starttime,double,1 x 1,1,8,0,0,0
currentstuff.mat,temperatureC,double,1 x 1,1,8,0,0,0
currentstuff.mat,temperatureF,double,1 x 1,1,8,0,0,0
currentstuff.mat,th1,matlab.graphics.primitive.Text,1 x 1,1,8,0,0,0
currentstuff.mat,theta1,double,1 x 1,1,8,0,0,0
currentstuff.mat,theta2,double,1 x 1,1,8,0,0,0
currentstuff.mat,traceHeight,double,1 x 1,1,8,0,0,0
currentstuff.mat,tt,double,1 x 1,1,8,0,0,0
currentstuff.mat,tt1,double,1 x 1,1,8,0,0,0
currentstuff.mat,tt2,double,1 x 1,1,8,0,0,0
currentstuff.mat,tt3,double,1 x 1,1,8,0,0,0
currentstuff.mat,v,VideoWriter,1 x 1,1,8,0,0,0
currentstuff.mat,v1,double,1 x 1,1,8,0,0,0
currentstuff.mat,v2,double,1 x 1,1,8,0,0,0
currentstuff.mat,v3,double,1 x 1,1,8,0,0,0
currentstuff.mat,vh,double,1 x 1,1,8,0,0,0
currentstuff.mat,vw,double,1 x 1,1,8,0,0,0
currentstuff.mat,wind_direction,double,1 x 1,1,8,0,0,0
currentstuff.mat,wind_direction_from,double,1 x 1,1,8,0,0,0
currentstuff.mat,wind_speed,double,1 x 1,1,8,0,0,0
currentstuff.mat,wind_speed_knots,double,1 x 1,1,8,0,0,0
currentstuff.mat,windowlength,double,1 x 1,1,8,0,0,0
currentstuff.mat,x1,double,1 x 1,1,8,0,0,0
currentstuff.mat,x2,double,1 x 1,1,8,0,0,0
currentstuff.mat,x3,double,1 x 1,1,8,0,0,0
currentstuff.mat,y1,double,1 x 1,1,8,0,0,0
currentstuff.mat,y2,double,1 x 1,1,8,0,0,0
currentstuff.mat,zoombottom,double,1 x 1,1,8,0,0,0
currentstuff.mat,zoomspacer,double,1 x 1,1,8,0,0,0
currentstuff.mat,zoomtraceHeight,double,1 x 1,1,8,0,0,0
currentstuff.mat,done,logical,1 x 1,1,1,0,0,0
currentstuff.mat,make_figures,logical,1 x 1,1,1,0,0,0
currentstuff.mat,arrivals,Arrival,1 x 1,1,0,0,0,0
eventmatfile.mat,exc,MException,1 x 1,1,4039,0,0,0
eventmatfile.mat,ds,datasource,1 x 1,1,1031,0,0,0
eventmatfile.mat,source,struct,1 x 1,1,278,0,0,0
eventmatfile.mat,scnl,scnlobject,1 x 1,1,153,0,0,0
eventmatfile.mat,w,waveform,0 x 1,0,147,0,0,0
eventmatfile.mat,TESTDATA,char,1 x 44,44,88,0,1,0
eventmatfile.mat,cwd,char,1 x 42,42,84,0,0,0
eventmatfile.mat,ans,char,2 x 20,40,80,0,0,0
eventmatfile.mat,coords,double,4 x 2,8,64,0,0,0
eventmatfile.mat,matfilename,char,1 x 32,32,64,0,0,0
eventmatfile.mat,dbpath,char,1 x 31,31,62,0,0,0
eventmatfile.mat,gismopath,char,1 x 27,27,54,0,1,0
eventmatfile.mat,easting,double,1 x 6,6,48,0,0,0
eventmatfile.mat,lat,double,6 x 1,6,48,0,0,0
eventmatfile.mat,lon,double,6 x 1,6,48,0,0,0
eventmatfile.mat,northing,double,1 x 6,6,48,0,0,0
eventmatfile.mat,MFILES_SEISMICLAB,char,1 x 17,17,34,0,0,0
eventmatfile.mat,home,char,1 x 17,17,34,0,0,0
eventmatfile.mat,figureOutDirectory,char,1 x 15,15,30,0,0,0
eventmatfile.mat,enum,double,1 x 1,1,8,0,0,0
eventmatfile.mat,relativeHumidity,double,1 x 1,1,8,0,0,0
eventmatfile.mat,snum,double,1 x 1,1,8,0,0,0
eventmatfile.mat,speed_of_sound,double,1 x 1,1,8,0,0,0
eventmatfile.mat,temperatureC,double,1 x 1,1,8,0,0,0
eventmatfile.mat,temperatureF,double,1 x 1,1,8,0,0,0
eventmatfile.mat,wind_direction,double,1 x 1,1,8,0,0,0
eventmatfile.mat,wind_direction_from,double,1 x 1,1,8,0,0,0
eventmatfile.mat,wind_speed,double,1 x 1,1,8,0,0,0
eventmatfile.mat,wind_speed_knots,double,1 x 1,1,8,0,0,0
eventmatfile.mat,make_figures,logical,1 x 1,1,1,0,0,0
filtered_waveforms.mat,wfilt,waveform,6 x 1,6,28822275,0,0,0
legacy_infrasound_event_catalogue.mat,infrasoundEvent,struct,1 x 153,153,550039,0,0,0
legacy_infrasound_event_catalogue.mat,legacyEventCatalogue,table,153 x 21,3213,53315,0,0,0
manual_arrival_picks.mat,manualArrivalPicks,table,890 x 14,12460,449993,0,0,0
manual_arrival_picks.mat,arrivals,Arrival,1 x 1,1,253198,0,0,0
matlab.mat,w,waveform,6 x 1,6,43216875,0,0,0
matlab.mat,wfilt,waveform,6 x 1,6,43212951,0,0,0
matlab.mat,arrivals,Arrival,1 x 1,1,129504,0,0,0
matlab.mat,exc,MException,1 x 1,1,4039,0,0,0
matlab.mat,ds,datasource,1 x 1,1,1043,0,0,0
matlab.mat,source,struct,1 x 1,1,278,0,0,0
matlab.mat,scnl,scnlobject,1 x 1,1,153,0,0,0
matlab.mat,TESTDATA,char,1 x 44,44,88,0,1,0
matlab.mat,cwd,char,1 x 42,42,84,0,0,0
matlab.mat,matfilename,char,1 x 38,38,76,0,0,0
matlab.mat,dbpath,char,1 x 37,37,74,0,0,0
matlab.mat,outfile,char,1 x 34,34,68,0,0,0
matlab.mat,coords,double,4 x 2,8,64,0,0,0
matlab.mat,gismopath,char,1 x 27,27,54,0,1,0
matlab.mat,arclen,double,1 x 6,6,48,0,0,0
matlab.mat,backaz,double,1 x 6,6,48,0,0,0
matlab.mat,easting,double,1 x 6,6,48,0,0,0
matlab.mat,effective_speed,double,1 x 6,6,48,0,0,0
matlab.mat,lat,double,6 x 1,6,48,0,0,0
matlab.mat,lon,double,6 x 1,6,48,0,0,0
matlab.mat,northing,double,1 x 6,6,48,0,0,0
matlab.mat,predicted_traveltime_seconds,double,1 x 6,6,48,0,0,0
matlab.mat,figureOutDirectory,char,1 x 21,21,42,0,0,0
matlab.mat,MFILES_SEISMICLAB,char,1 x 17,17,34,0,0,0
matlab.mat,home,char,1 x 17,17,34,0,0,0
matlab.mat,chan,char,1 x 6,6,12,0,0,0
matlab.mat,cols,char,1 x 6,6,12,0,0,0
matlab.mat,ans,double,1 x 1,1,8,0,0,0
matlab.mat,c,double,1 x 1,1,8,0,0,0
matlab.mat,enum,double,1 x 1,1,8,0,0,0
matlab.mat,fout,double,1 x 1,1,8,0,0,0
matlab.mat,relativeHumidity,double,1 x 1,1,8,0,0,0
matlab.mat,snum,double,1 x 1,1,8,0,0,0
matlab.mat,speed_of_sound,double,1 x 1,1,8,0,0,0
matlab.mat,temperatureC,double,1 x 1,1,8,0,0,0
matlab.mat,temperatureF,double,1 x 1,1,8,0,0,0
matlab.mat,wind_direction,double,1 x 1,1,8,0,0,0
matlab.mat,wind_direction_from,double,1 x 1,1,8,0,0,0
matlab.mat,wind_speed,double,1 x 1,1,8,0,0,0
matlab.mat,wind_speed_knots,double,1 x 1,1,8,0,0,0
matlab.mat,make_figures,logical,1 x 1,1,1,0,0,0
rocketseismograms.mat,wf,waveform,6 x 1,6,28812963,0,0,0
rocketseismograms.mat,ds,datasource,1 x 1,1,1033,0,0,0
rocketseismograms.mat,scnl,scnlobject,1 x 1,1,153,0,0,0
rocketseismograms.mat,TESTDATA,char,1 x 44,44,88,0,1,0
rocketseismograms.mat,cwd,char,1 x 36,36,72,0,0,0
rocketseismograms.mat,dbpath,char,1 x 32,32,64,0,0,0
rocketseismograms.mat,gismopath,char,1 x 27,27,54,0,1,0
rocketseismograms.mat,MFILES_SEISMICLAB,char,1 x 17,17,34,0,0,0
rocketseismograms.mat,home,char,1 x 17,17,34,0,0,0
rocketseismograms.mat,enum,double,1 x 1,1,8,0,0,0
rocketseismograms.mat,snum,double,1 x 1,1,8,0,0,0
rocketseismograms_raw_rotated_integrated.mat,wf,waveform,6 x 1,6,28814595,0,0,0
rocketseismograms_raw_rotated_integrated.mat,wzrti,waveform,1 x 3,3,14408939,0,0,0
rocketseismograms_raw_rotated_integrated.mat,wzrt,waveform,1 x 3,3,14408027,0,0,0
spacex_results.mat,w,waveform,6 x 1,6,43218507,0,0,0
spacex_results.mat,wfilt,waveform,6 x 1,6,43214583,0,0,0
spacex_results.mat,wf,waveform,6 x 1,6,28814595,0,0,0
spacex_results.mat,wevent,cell,1 x 153,153,3165903,0,0,0
spacex_results.mat,thisframe,uint8,720 x 1280 x 3,2764800,2764800,0,0,0
spacex_results.mat,infrasoundEvent,struct,1 x 153,153,550039,0,0,0
spacex_results.mat,tr2,threecomp,1 x 1,1,298392,0,0,0
spacex_results.mat,tr,threecomp,1 x 1,1,278907,0,0,0
spacex_results.mat,wzrt,waveform,1 x 3,3,278027,0,0,0
spacex_results.mat,wf2,waveform,6 x 1,6,127395,0,0,0
spacex_results.mat,wf3,waveform,6 x 1,6,84195,0,0,0
spacex_results.mat,tc2,threecomp,1 x 1,1,58392,0,0,0
spacex_results.mat,tc,threecomp,1 x 1,1,38907,0,0,0
spacex_results.mat,tc1,threecomp,1 x 1,1,38907,0,0,0
spacex_results.mat,wsz,waveform,1 x 3,3,38027,0,0,0
spacex_results.mat,wsz2,waveform,3 x 1,3,37389,0,0,0
spacex_results.mat,wiz,waveform,3 x 1,3,37353,0,0,0
spacex_results.mat,wf4,waveform,6 x 1,6,20595,0,0,0
spacex_results.mat,a,double,3 x 459,1377,11016,0,0,0
spacex_results.mat,t,double,1250 x 1,1250,10000,0,0,0
spacex_results.mat,p2p,double,1 x 918,918,7344,0,0,0
spacex_results.mat,snrall,double,1 x 918,918,7344,0,0,0
spacex_results.mat,rl,waveform,1 x 1,1,3679,0,0,0
spacex_results.mat,pl,waveform,1 x 1,1,3643,0,0,0
spacex_results.mat,ev,struct,1 x 1,1,3544,0,0,0
spacex_results.mat,exc,MException,1 x 1,1,3042,0,0,0
spacex_results.mat,tv,double,200 x 1,200,1600,0,0,0
spacex_results.mat,p2p_good,double,1 x 162,162,1296,0,0,0
spacex_results.mat,snr_good,double,1 x 162,162,1296,0,0,0
spacex_results.mat,backaz,double,1 x 153,153,1224,0,0,0
spacex_results.mat,etime,double,1 x 153,153,1224,0,0,0
spacex_results.mat,meanCorrAll,double,1 x 153,153,1224,0,0,0
spacex_results.mat,meanSecsDiff,double,1 x 153,153,1224,0,0,0
spacex_results.mat,p2p1,double,1 x 153,153,1224,0,0,0
spacex_results.mat,p2p2,double,1 x 153,153,1224,0,0,0
spacex_results.mat,p2p3,double,1 x 153,153,1224,0,0,0
spacex_results.mat,p2pbest,double,1 x 153,153,1224,0,0,0
spacex_results.mat,ds,datasource,1 x 1,1,1043,0,0,0
spacex_results.mat,df,struct,1 x 1,1,966,0,0,0
spacex_results.mat,masterEvent,struct,1 x 1,1,706,0,0,0
spacex_results.mat,source,struct,1 x 1,1,278,0,0,0
spacex_results.mat,bestbackazAll,double,1 x 27,27,216,0,0,0
spacex_results.mat,bestsoundspeedAll,double,1 x 27,27,216,0,0,0
spacex_results.mat,etime_good,double,1 x 27,27,216,0,0,0
spacex_results.mat,good,double,1 x 27,27,216,0,0,0
spacex_results.mat,meanSecsDiff_good,double,1 x 27,27,216,0,0,0
spacex_results.mat,p2pbestgood,double,1 x 27,27,216,0,0,0
spacex_results.mat,ratio1v3,double,1 x 27,27,216,0,0,0
spacex_results.mat,ratio2v3,double,1 x 27,27,216,0,0,0
spacex_results.mat,fname,char,1 x 81,81,162,0,0,0
spacex_results.mat,scnl,scnlobject,1 x 1,1,153,0,0,0
spacex_results.mat,filepattern,char,1 x 65,65,130,0,0,0
spacex_results.mat,jpgfile,char,1 x 65,65,130,0,0,0
spacex_results.mat,pngfile,char,1 x 65,65,130,0,0,0
spacex_results.mat,ax,matlab.graphics.axis.Axes,1 x 11,11,88,0,0,0
spacex_results.mat,lh6,matlab.graphics.primitive.Line,1 x 11,11,88,0,0,0
spacex_results.mat,lh7,matlab.graphics.primitive.Line,1 x 11,11,88,0,0,0
spacex_results.mat,lh8,matlab.graphics.primitive.Line,1 x 11,11,88,0,0,0
spacex_results.mat,OUTDIR,char,1 x 39,39,78,0,0,0
spacex_results.mat,matfilename,char,1 x 38,38,76,0,0,0
spacex_results.mat,dbpath,char,1 x 37,37,74,0,0,0
spacex_results.mat,MdistanceDiff,double,3 x 3,9,72,0,0,0
spacex_results.mat,MspeedMatrix,double,3 x 3,9,72,0,0,0
spacex_results.mat,d,double,3 x 3,9,72,0,0,0
spacex_results.mat,distDiff,double,3 x 3,9,72,0,0,0
spacex_results.mat,distanceDiff,double,3 x 3,9,72,0,0,0
spacex_results.mat,speedMatrix,double,3 x 3,9,72,0,0,0
spacex_results.mat,xticks,double,1 x 9,9,72,0,0,0
spacex_results.mat,cwd,char,1 x 35,35,70,0,0,0
spacex_results.mat,outfile,char,1 x 34,34,68,0,0,0
spacex_results.mat,coords,double,4 x 2,8,64,0,0,0
spacex_results.mat,yticks,double,1 x 7,7,56,0,0,0
spacex_results.mat,GISMO,char,1 x 27,27,54,0,0,0
spacex_results.mat,arclen,double,1 x 6,6,48,0,0,0
spacex_results.mat,array_distance_in_km,double,1 x 6,6,48,0,0,0
spacex_results.mat,easting,double,1 x 6,6,48,0,0,0
spacex_results.mat,effective_speed,double,1 x 6,6,48,0,0,0
spacex_results.mat,lat,double,6 x 1,6,48,0,0,0
spacex_results.mat,lon,double,6 x 1,6,48,0,0,0
spacex_results.mat,northing,double,1 x 6,6,48,0,0,0
spacex_results.mat,predicted_traveltime_seconds,double,1 x 6,6,48,0,0,0
spacex_results.mat,figureOutDirectory,char,1 x 21,21,42,0,0,0
spacex_results.mat,MFILES_SEISMICLAB,char,1 x 17,17,34,0,0,0
spacex_results.mat,home,char,1 x 17,17,34,0,0,0
spacex_results.mat,infrasoundEnergy,double,1 x 3,3,24,0,0,0
spacex_results.mat,dstr,char,1 x 10,10,20,0,0,0
spacex_results.mat,chantag,ChannelTag,1 x 1,1,16,0,0,0
spacex_results.mat,pylims,double,1 x 2,2,16,0,0,0
spacex_results.mat,sylims,double,1 x 2,2,16,0,0,0
spacex_results.mat,xlims,double,1 x 2,2,16,0,0,0
spacex_results.mat,chan,char,1 x 6,6,12,0,0,0
spacex_results.mat,cols,char,1 x 6,6,12,0,0,0
spacex_results.mat,FPS,double,1 x 1,1,8,0,0,0
spacex_results.mat,Mbestbackaz,double,1 x 1,1,8,0,0,0
spacex_results.mat,Mbestsoundspeed,double,1 x 1,1,8,0,0,0
spacex_results.mat,SECONDS_PER_DAY,double,1 x 1,1,8,0,0,0
spacex_results.mat,ans,matlab.ui.Figure,1 x 1,1,8,0,0,0
spacex_results.mat,axnum,double,1 x 1,1,8,0,0,0
spacex_results.mat,bestbackaz,double,1 x 1,1,8,0,0,0
spacex_results.mat,bestsoundspeed,double,1 x 1,1,8,0,0,0
spacex_results.mat,c,double,1 x 1,1,8,0,0,0
spacex_results.mat,chanNum,double,1 x 1,1,8,0,0,0
spacex_results.mat,col,double,1 x 1,1,8,0,0,0
spacex_results.mat,deg2m,double,1 x 1,1,8,0,0,0
spacex_results.mat,densityAir,double,1 x 1,1,8,0,0,0
spacex_results.mat,densityEarth,double,1 x 1,1,8,0,0,0
spacex_results.mat,end_recording_time,double,1 x 1,1,8,0,0,0
spacex_results.mat,endtime,double,1 x 1,1,8,0,0,0
spacex_results.mat,enum,double,1 x 1,1,8,0,0,0
spacex_results.mat,eventnum,double,1 x 1,1,8,0,0,0
spacex_results.mat,fh,matlab.ui.Figure,1 x 1,1,8,0,0,0
spacex_results.mat,fignum,double,1 x 1,1,8,0,0,0
spacex_results.mat,figureHeight,double,1 x 1,1,8,0,0,0
spacex_results.mat,figureWidth,double,1 x 1,1,8,0,0,0
spacex_results.mat,fout,double,1 x 1,1,8,0,0,0
spacex_results.mat,hfigs,matlab.ui.Figure,1 x 1,1,8,0,0,0
spacex_results.mat,hi1,matlab.graphics.chart.primitive.Line,1 x 1,1,8,0,0,0
spacex_results.mat,hi2,matlab.graphics.chart.primitive.Line,1 x 1,1,8,0,0,0
spacex_results.mat,hi3,matlab.graphics.chart.primitive.Line,1 x 1,1,8,0,0,0
spacex_results.mat,hpl,matlab.graphics.chart.primitive.Line,1 x 1,1,8,0,0,0
spacex_results.mat,hrl,matlab.graphics.chart.primitive.Line,1 x 1,1,8,0,0,0
spacex_results.mat,hs1,matlab.graphics.chart.primitive.Line,1 x 1,1,8,0,0,0
spacex_results.mat,hs2,matlab.graphics.chart.primitive.Line,1 x 1,1,8,0,0,0
spacex_results.mat,hs3,matlab.graphics.chart.primitive.Line,1 x 1,1,8,0,0,0
spacex_results.mat,imacaspectratio,double,1 x 1,1,8,0,0,0
spacex_results.mat,ind,double,1 x 1,1,8,0,0,0
spacex_results.mat,infratime,double,1 x 1,1,8,0,0,0
spacex_results.mat,k,double,1 x 1,1,8,0,0,0
spacex_results.mat,kmax,double,1 x 1,1,8,0,0,0
spacex_results.mat,lh1,matlab.graphics.primitive.Line,1 x 1,1,8,0,0,0
spacex_results.mat,lh2,matlab.graphics.primitive.Line,1 x 1,1,8,0,0,0
spacex_results.mat,lh3,matlab.graphics.primitive.Line,1 x 1,1,8,0,0,0
spacex_results.mat,lh4,matlab.graphics.primitive.Line,1 x 1,1,8,0,0,0
spacex_results.mat,lh5,matlab.graphics.primitive.Line,1 x 1,1,8,0,0,0
spacex_results.mat,maxTimeDiffForAssoc,double,1 x 1,1,8,0,0,0
spacex_results.mat,nfigs,double,1 x 1,1,8,0,0,0
spacex_results.mat,numEvents,double,1 x 1,1,8,0,0,0
spacex_results.mat,pWaveSpeed,double,1 x 1,1,8,0,0,0
spacex_results.mat,ph1,matlab.graphics.chart.primitive.Line,1 x 1,1,8,0,0,0
spacex_results.mat,ph2,matlab.graphics.chart.primitive.Line,1 x 1,1,8,0,0,0
spacex_results.mat,posttrigger,double,1 x 1,1,8,0,0,0
spacex_results.mat,pretrigger,double,1 x 1,1,8,0,0,0
spacex_results.mat,realtime,double,1 x 1,1,8,0,0,0
spacex_results.mat,relativeHumidity,double,1 x 1,1,8,0,0,0
spacex_results.mat,rf,double,1 x 1,1,8,0,0,0
spacex_results.mat,row,double,1 x 1,1,8,0,0,0
spacex_results.mat,savedframes,double,1 x 1,1,8,0,0,0
spacex_results.mat,seismicEnergy,double,1 x 1,1,8,0,0,0
spacex_results.mat,seismictime,double,1 x 1,1,8,0,0,0
spacex_results.mat,skippedframes,double,1 x 1,1,8,0,0,0
spacex_results.mat,snum,double,1 x 1,1,8,0,0,0
spacex_results.mat,spacer,double,1 x 1,1,8,0,0,0
spacex_results.mat,speed_of_sound,double,1 x 1,1,8,0,0,0
spacex_results.mat,start_recording_time,double,1 x 1,1,8,0,0,0
spacex_results.mat,startsecs,double,1 x 1,1,8,0,0,0
spacex_results.mat,starttime,double,1 x 1,1,8,0,0,0
spacex_results.mat,temperatureC,double,1 x 1,1,8,0,0,0
spacex_results.mat,temperatureF,double,1 x 1,1,8,0,0,0
spacex_results.mat,th1,matlab.graphics.primitive.Text,1 x 1,1,8,0,0,0
spacex_results.mat,traceHeight,double,1 x 1,1,8,0,0,0
spacex_results.mat,v,VideoWriter,1 x 1,1,8,0,0,0
spacex_results.mat,vh,double,1 x 1,1,8,0,0,0
spacex_results.mat,vw,double,1 x 1,1,8,0,0,0
spacex_results.mat,wind_direction,double,1 x 1,1,8,0,0,0
spacex_results.mat,wind_direction_from,double,1 x 1,1,8,0,0,0
spacex_results.mat,wind_speed,double,1 x 1,1,8,0,0,0
spacex_results.mat,wind_speed_knots,double,1 x 1,1,8,0,0,0
spacex_results.mat,windowlength,double,1 x 1,1,8,0,0,0
spacex_results.mat,zoombottom,double,1 x 1,1,8,0,0,0
spacex_results.mat,zoomspacer,double,1 x 1,1,8,0,0,0
spacex_results.mat,zoomtraceHeight,double,1 x 1,1,8,0,0,0
spacex_results.mat,done,logical,1 x 1,1,1,0,0,0
spacex_results.mat,make_figures,logical,1 x 1,1,1,0,0,0
spacex_results.mat,arrivals,Arrival,1 x 1,1,0,0,0,0
spacexplosion.mat,w,waveform,6 x 1,6,43220139,0,0,0
spacexplosion.mat,wfilt,waveform,6 x 1,6,28822275,0,0,0
spacexplosion.mat,wf,waveform,6 x 1,6,28820403,0,0,0
spacexplosion.mat,wfc,waveform,6 x 1,6,28820403,0,0,0
spacexplosion.mat,wzrti,waveform,1 x 3,3,14408939,0,0,0
spacexplosion.mat,t,threecomp,1 x 1,1,14408907,0,0,0
spacexplosion.mat,tr,threecomp,1 x 1,1,14408907,0,0,0
spacexplosion.mat,wzrt,waveform,1 x 3,3,14408027,0,0,0
spacexplosion.mat,wzd,waveform,1 x 1,1,7203789,0,0,0
spacexplosion.mat,wevent,cell,1 x 153,153,3415599,0,0,0
spacexplosion.mat,thisframe,uint8,720 x 1280 x 3,2764800,2764800,0,0,0
spacexplosion.mat,wfce,waveform,6 x 1,6,740403,0,0,0
spacexplosion.mat,infrasoundEvent,struct,1 x 153,153,550039,0,0,0
spacexplosion.mat,tr2,threecomp,1 x 1,1,300568,0,0,0
spacexplosion.mat,arrivals,Arrival,1 x 1,1,253198,0,0,0
spacexplosion.mat,wf2,waveform,6 x 1,6,129027,0,0,0
spacexplosion.mat,wf3,waveform,6 x 1,6,85827,0,0,0
spacexplosion.mat,tc2,threecomp,1 x 1,1,60568,0,0,0
spacexplosion.mat,tc,threecomp,1 x 1,1,39723,0,0,0
spacexplosion.mat,tc1,threecomp,1 x 1,1,39723,0,0,0
spacexplosion.mat,wsz,waveform,1 x 3,3,38843,0,0,0
spacexplosion.mat,wsz2,waveform,3 x 1,3,38205,0,0,0
spacexplosion.mat,wiz,waveform,3 x 1,3,38169,0,0,0
spacexplosion.mat,wf4,waveform,6 x 1,6,22227,0,0,0
spacexplosion.mat,a,double,3 x 459,1377,11016,0,0,0
spacexplosion.mat,p2p,double,1 x 918,918,7344,0,0,0
spacexplosion.mat,snrall,double,1 x 918,918,7344,0,0,0
spacexplosion.mat,rl,waveform,1 x 1,1,3951,0,0,0
spacexplosion.mat,pl,waveform,1 x 1,1,3915,0,0,0
spacexplosion.mat,ev,struct,1 x 1,1,3544,0,0,0
spacexplosion.mat,exc,MException,1 x 1,1,3042,0,0,0
spacexplosion.mat,tv,double,200 x 1,200,1600,0,0,0
spacexplosion.mat,p2p_good,double,1 x 162,162,1296,0,0,0
spacexplosion.mat,snr_good,double,1 x 162,162,1296,0,0,0
spacexplosion.mat,backaz,double,1 x 153,153,1224,0,0,0
spacexplosion.mat,etime,double,1 x 153,153,1224,0,0,0
spacexplosion.mat,meanCorrAll,double,1 x 153,153,1224,0,0,0
spacexplosion.mat,meanSecsDiff,double,1 x 153,153,1224,0,0,0
spacexplosion.mat,p2p1,double,1 x 153,153,1224,0,0,0
spacexplosion.mat,p2p2,double,1 x 153,153,1224,0,0,0
spacexplosion.mat,p2p3,double,1 x 153,153,1224,0,0,0
spacexplosion.mat,p2pbest,double,1 x 153,153,1224,0,0,0
spacexplosion.mat,ds,datasource,1 x 1,1,1033,0,0,0
spacexplosion.mat,df,struct,1 x 1,1,966,0,0,0
spacexplosion.mat,masterEvent,struct,1 x 1,1,706,0,0,0
spacexplosion.mat,f,filterobject,1 x 1,1,409,0,0,0
spacexplosion.mat,source,struct,1 x 1,1,278,0,0,0
spacexplosion.mat,bestbackazAll,double,1 x 27,27,216,0,0,0
spacexplosion.mat,bestsoundspeedAll,double,1 x 27,27,216,0,0,0
spacexplosion.mat,etime_good,double,1 x 27,27,216,0,0,0
spacexplosion.mat,good,double,1 x 27,27,216,0,0,0
spacexplosion.mat,meanSecsDiff_good,double,1 x 27,27,216,0,0,0
spacexplosion.mat,p2pbestgood,double,1 x 27,27,216,0,0,0
spacexplosion.mat,ratio1v3,double,1 x 27,27,216,0,0,0
spacexplosion.mat,ratio2v3,double,1 x 27,27,216,0,0,0
spacexplosion.mat,fname,char,1 x 81,81,162,0,0,0
spacexplosion.mat,scnl,scnlobject,1 x 1,1,153,0,0,0
spacexplosion.mat,filepattern,char,1 x 65,65,130,0,0,0
spacexplosion.mat,jpgfile,char,1 x 65,65,130,0,0,0
spacexplosion.mat,pngfile,char,1 x 65,65,130,0,0,0
spacexplosion.mat,TESTDATA,char,1 x 44,44,88,0,1,0
spacexplosion.mat,ax,matlab.graphics.axis.Axes,1 x 11,11,88,0,0,0
spacexplosion.mat,lh6,matlab.graphics.primitive.Line,1 x 11,11,88,0,0,0
spacexplosion.mat,lh7,matlab.graphics.primitive.Line,1 x 11,11,88,0,0,0
spacexplosion.mat,lh8,matlab.graphics.primitive.Line,1 x 11,11,88,0,0,0
spacexplosion.mat,OUTDIR,char,1 x 39,39,78,0,0,0
spacexplosion.mat,matfilename,char,1 x 38,38,76,0,0,0
spacexplosion.mat,MdistanceDiff,double,3 x 3,9,72,0,0,0
spacexplosion.mat,MspeedMatrix,double,3 x 3,9,72,0,0,0
spacexplosion.mat,cwd,char,1 x 36,36,72,0,0,0
spacexplosion.mat,d,double,3 x 3,9,72,0,0,0
spacexplosion.mat,distDiff,double,3 x 3,9,72,0,0,0
spacexplosion.mat,distanceDiff,double,3 x 3,9,72,0,0,0
spacexplosion.mat,speedMatrix,double,3 x 3,9,72,0,0,0
spacexplosion.mat,xticks,double,1 x 9,9,72,0,0,0
spacexplosion.mat,outfile,char,1 x 34,34,68,0,0,0
spacexplosion.mat,coords,double,4 x 2,8,64,0,0,0
spacexplosion.mat,dbpath,char,1 x 32,32,64,0,0,0
spacexplosion.mat,yticks,double,1 x 7,7,56,0,0,0
spacexplosion.mat,GISMO,char,1 x 27,27,54,0,0,0
spacexplosion.mat,gismopath,char,1 x 27,27,54,0,1,0
spacexplosion.mat,arclen,double,1 x 6,6,48,0,0,0
spacexplosion.mat,array_distance_in_km,double,1 x 6,6,48,0,0,0
spacexplosion.mat,easting,double,1 x 6,6,48,0,0,0
spacexplosion.mat,effective_speed,double,1 x 6,6,48,0,0,0
spacexplosion.mat,lat,double,6 x 1,6,48,0,0,0
spacexplosion.mat,lon,double,6 x 1,6,48,0,0,0
spacexplosion.mat,northing,double,1 x 6,6,48,0,0,0
spacexplosion.mat,predicted_traveltime_seconds,double,1 x 6,6,48,0,0,0
spacexplosion.mat,figureOutDirectory,char,1 x 21,21,42,0,0,0
spacexplosion.mat,ans,char,1 x 20,20,40,0,0,0
spacexplosion.mat,MFILES_SEISMICLAB,char,1 x 17,17,34,0,0,0
spacexplosion.mat,home,char,1 x 17,17,34,0,0,0
spacexplosion.mat,infrasoundEnergy,double,1 x 3,3,24,0,0,0
spacexplosion.mat,dstr,char,1 x 10,10,20,0,0,0
spacexplosion.mat,chantag,ChannelTag,1 x 1,1,16,0,0,0
spacexplosion.mat,pylims,double,1 x 2,2,16,0,0,0
spacexplosion.mat,sylims,double,1 x 2,2,16,0,0,0
spacexplosion.mat,xlims,double,1 x 2,2,16,0,0,0
spacexplosion.mat,chan,char,1 x 6,6,12,0,0,0
spacexplosion.mat,cols,char,1 x 6,6,12,0,0,0
spacexplosion.mat,FPS,double,1 x 1,1,8,0,0,0
spacexplosion.mat,Mbestbackaz,double,1 x 1,1,8,0,0,0
spacexplosion.mat,Mbestsoundspeed,double,1 x 1,1,8,0,0,0
spacexplosion.mat,SECONDS_PER_DAY,double,1 x 1,1,8,0,0,0
spacexplosion.mat,axnum,double,1 x 1,1,8,0,0,0
spacexplosion.mat,bestbackaz,double,1 x 1,1,8,0,0,0
spacexplosion.mat,bestsoundspeed,double,1 x 1,1,8,0,0,0
spacexplosion.mat,c,double,1 x 1,1,8,0,0,0
spacexplosion.mat,chanNum,double,1 x 1,1,8,0,0,0
spacexplosion.mat,col,double,1 x 1,1,8,0,0,0
spacexplosion.mat,deg2m,double,1 x 1,1,8,0,0,0
spacexplosion.mat,densityAir,double,1 x 1,1,8,0,0,0
spacexplosion.mat,densityEarth,double,1 x 1,1,8,0,0,0
spacexplosion.mat,end_recording_time,double,1 x 1,1,8,0,0,0
spacexplosion.mat,endtime,double,1 x 1,1,8,0,0,0
spacexplosion.mat,enum,double,1 x 1,1,8,0,0,0
spacexplosion.mat,eventnum,double,1 x 1,1,8,0,0,0
spacexplosion.mat,fh,matlab.ui.Figure,1 x 1,1,8,0,0,0
spacexplosion.mat,fignum,double,1 x 1,1,8,0,0,0
spacexplosion.mat,figureHeight,double,1 x 1,1,8,0,0,0
spacexplosion.mat,figureWidth,double,1 x 1,1,8,0,0,0
spacexplosion.mat,fout,double,1 x 1,1,8,0,0,0
spacexplosion.mat,hfigs,matlab.ui.Figure,1 x 1,1,8,0,0,0
spacexplosion.mat,hi1,matlab.graphics.chart.primitive.Line,1 x 1,1,8,0,0,0
spacexplosion.mat,hi2,matlab.graphics.chart.primitive.Line,1 x 1,1,8,0,0,0
spacexplosion.mat,hi3,matlab.graphics.chart.primitive.Line,1 x 1,1,8,0,0,0
spacexplosion.mat,hpl,matlab.graphics.chart.primitive.Line,1 x 1,1,8,0,0,0
spacexplosion.mat,hrl,matlab.graphics.chart.primitive.Line,1 x 1,1,8,0,0,0
spacexplosion.mat,hs1,matlab.graphics.chart.primitive.Line,1 x 1,1,8,0,0,0
spacexplosion.mat,hs2,matlab.graphics.chart.primitive.Line,1 x 1,1,8,0,0,0
spacexplosion.mat,hs3,matlab.graphics.chart.primitive.Line,1 x 1,1,8,0,0,0
spacexplosion.mat,imacaspectratio,double,1 x 1,1,8,0,0,0
spacexplosion.mat,ind,double,1 x 1,1,8,0,0,0
spacexplosion.mat,infratime,double,1 x 1,1,8,0,0,0
spacexplosion.mat,k,double,1 x 1,1,8,0,0,0
spacexplosion.mat,kmax,double,1 x 1,1,8,0,0,0
spacexplosion.mat,lh1,matlab.graphics.primitive.Line,1 x 1,1,8,0,0,0
spacexplosion.mat,lh2,matlab.graphics.primitive.Line,1 x 1,1,8,0,0,0
spacexplosion.mat,lh3,matlab.graphics.primitive.Line,1 x 1,1,8,0,0,0
spacexplosion.mat,lh4,matlab.graphics.primitive.Line,1 x 1,1,8,0,0,0
spacexplosion.mat,lh5,matlab.graphics.primitive.Line,1 x 1,1,8,0,0,0
spacexplosion.mat,maxTimeDiffForAssoc,double,1 x 1,1,8,0,0,0
spacexplosion.mat,nfigs,double,1 x 1,1,8,0,0,0
spacexplosion.mat,numEvents,double,1 x 1,1,8,0,0,0
spacexplosion.mat,pWaveSpeed,double,1 x 1,1,8,0,0,0
spacexplosion.mat,ph1,matlab.graphics.chart.primitive.Line,1 x 1,1,8,0,0,0
spacexplosion.mat,ph2,matlab.graphics.chart.primitive.Line,1 x 1,1,8,0,0,0
spacexplosion.mat,posttrigger,double,1 x 1,1,8,0,0,0
spacexplosion.mat,pretrigger,double,1 x 1,1,8,0,0,0
spacexplosion.mat,realtime,double,1 x 1,1,8,0,0,0
spacexplosion.mat,relativeHumidity,double,1 x 1,1,8,0,0,0
spacexplosion.mat,rf,double,1 x 1,1,8,0,0,0
spacexplosion.mat,row,double,1 x 1,1,8,0,0,0
spacexplosion.mat,savedframes,double,1 x 1,1,8,0,0,0
spacexplosion.mat,seismicEnergy,double,1 x 1,1,8,0,0,0
spacexplosion.mat,seismictime,double,1 x 1,1,8,0,0,0
spacexplosion.mat,skippedframes,double,1 x 1,1,8,0,0,0
spacexplosion.mat,snum,double,1 x 1,1,8,0,0,0
spacexplosion.mat,spacer,double,1 x 1,1,8,0,0,0
spacexplosion.mat,speed_of_sound,double,1 x 1,1,8,0,0,0
spacexplosion.mat,start_recording_time,double,1 x 1,1,8,0,0,0
spacexplosion.mat,startsecs,double,1 x 1,1,8,0,0,0
spacexplosion.mat,starttime,double,1 x 1,1,8,0,0,0
spacexplosion.mat,temperatureC,double,1 x 1,1,8,0,0,0
spacexplosion.mat,temperatureF,double,1 x 1,1,8,0,0,0
spacexplosion.mat,th1,matlab.graphics.primitive.Text,1 x 1,1,8,0,0,0
spacexplosion.mat,traceHeight,double,1 x 1,1,8,0,0,0
spacexplosion.mat,v,VideoWriter,1 x 1,1,8,0,0,0
spacexplosion.mat,vh,double,1 x 1,1,8,0,0,0
spacexplosion.mat,vw,double,1 x 1,1,8,0,0,0
spacexplosion.mat,wind_direction,double,1 x 1,1,8,0,0,0
spacexplosion.mat,wind_direction_from,double,1 x 1,1,8,0,0,0
spacexplosion.mat,wind_speed,double,1 x 1,1,8,0,0,0
spacexplosion.mat,wind_speed_knots,double,1 x 1,1,8,0,0,0
spacexplosion.mat,windowlength,double,1 x 1,1,8,0,0,0
spacexplosion.mat,zoombottom,double,1 x 1,1,8,0,0,0
spacexplosion.mat,zoomspacer,double,1 x 1,1,8,0,0,0
spacexplosion.mat,zoomtraceHeight,double,1 x 1,1,8,0,0,0
spacexplosion.mat,done,logical,1 x 1,1,1,0,0,0
spacexplosion.mat,make_figures,logical,1 x 1,1,1,0,0,0
traveltimes.mat,wf,waveform,6 x 1,6,28820403,0,0,0
traveltimes.mat,wfc,waveform,6 x 1,6,28820403,0,0,0
traveltimes.mat,backaz,double,1 x 153,153,1224,0,0,0
traveltimes.mat,arclen,double,1 x 6,6,48,0,0,0
traveltimes.mat,lat,double,6 x 1,6,48,0,0,0
traveltimes.mat,lon,double,6 x 1,6,48,0,0,0
traveltimes.mat,predicted_traveltime_seconds,double,1 x 6,6,48,0,0,0
waveform_for_jake.mat,wf,waveform,6 x 1,6,731067,0,0,0
