eventNumber,firstArrivalDatenum,lastArrivalDatenum,firstArrivalEpochS,lastArrivalEpochS,firstArrivalUTC,lastArrivalUTC,meanCorr,stdCorr,meanSecsDiff,stdSecsDiff,bestBackAzimuthDeg,bestSoundSpeedMps,apparentSpeedMps,apparentSpeedErrorMps,reducedPressure1Pa,reducedPressure2Pa,reducedPressure3Pa,infrasoundEnergyJ,seismicEnergyJ,snr1,snr2,snr3,nAssociatedPicks,nNPhasePicks,nInfrasoundChannelPicks,nSeismicChannelPicks
1,736574.54671213,736574.546714653,1472735235.928,1472735236.146,2016-09-01T13:07:15.928,2016-09-01T13:07:16.146,0.611524675184443,0.112324369507825,-0.00066666666666666,0.073817793699532,201.9,350.572630233555,400.711796885414,88.5109018527479,71.5124373951375,90.0526223320997,64.1397624104268,983582.050496406,5871.17352550716,2.98990795696293,5.44870305392236,4.17519483880612,9,7,6,3
2,736574.546715914,736574.546718113,1472735236.255,1472735236.445,2016-09-01T13:07:16.255,2016-09-01T13:07:16.445,0.751194774434133,0.0858393385934538,0.000666666666666674,0.073817793699532,201.9,350.572630233555,400.711796885414,88.5109018527483,83.6315968010186,81.488601856692,78.6214066833479,1008986.49460948,15324.9489108951,4.44763466809377,4.65194277171464,4.3446617171002,5,5,5,0
3,736574.546722222,736574.546722361,1472735236.8,1472735236.812,2016-09-01T13:07:16.800,2016-09-01T13:07:16.812,0.538696786211772,0.10880168303824,-0.00066666666666666,0.073817793699532,201.9,350.572630233555,400.711796885414,88.5109018527479,46.4585990845604,47.4411006488461,43.9132985319166,469640.037762106,15903.7086237049,2.7850373983075,3.46506483416757,3.29337308597289,2,2,2,0
4,736574.546727338,736574.546728414,1472735237.242,1472735237.335,2016-09-01T13:07:17.242,2016-09-01T13:07:17.335,0.661501595662963,0.133711013110263,-0.00533333333333333,0.0746476166174558,205.1,315.60276963408,319.432768432732,357.245600491486,59.1321858306351,45.327437500469,46.4229638664873,811838.065005365,19025.0807986336,3.09164406277879,3.05670924608124,3.09183710283254,3,3,3,0
5,736574.546731875,736574.546732905,1472735237.634,1472735237.723,2016-09-01T13:07:17.634,2016-09-01T13:07:17.723,0.52295327526265,0.0308856823073241,-0.00066666666666666,0.073817793699532,201.9,350.572630233555,400.711796885414,88.5109018527479,63.2341306622315,61.1744105500727,50.5741059193219,758182.688752702,46501.6778263728,4.15929772100627,3.86923588434904,3.12272746361812,4,3,3,1
6,736574.546734907,736574.546735903,1472735237.896,1472735237.982,2016-09-01T13:07:17.896,2016-09-01T13:07:17.982,0.636365715107422,0.0571202811671396,-0.141333333333333,0.0595270246750723,227.7,35.6814093596235,32.5154329898753,225.688717931237,75.8498238504856,76.201569564933,79.8882290264962,1216082.23205443,94759.1083614685,3.0952664704559,2.17818428769335,2.21276536990517,3,3,3,0
7,736574.546737407,736574.546740775,1472735238.112,1472735238.403,2016-09-01T13:07:18.112,2016-09-01T13:07:18.403,0.816011013393516,0.0325094791952208,6.93889390390723e-18,0.0739296963337467,199.9,358.560731511194,368.491067626336,14.1773853213189,248.689082359037,247.469217813424,257.944050395325,7905469.82834393,172187.635742764,5.84432823800024,5.95598096034483,6.15616104147628,6,6,6,0
8,736574.546747488,736574.546748461,1472735238.983,1472735239.067,2016-09-01T13:07:18.983,2016-09-01T13:07:19.067,0.629988914115232,0.164334941443406,-0.0373333333333333,0.0837774830528267,196.3,323.547597372039,278.331241830421,226.648428368195,102.884687846623,112.368575345493,112.234581440386,3547006.45514089,817685.117869595,3.11835023367837,2.51607841159994,2.59188398597575,3,3,3,0
9,736574.546750451,736574.546750613,1472735239.239,1472735239.253,2016-09-01T13:07:19.239,2016-09-01T13:07:19.253,0.524278817684563,0.049302554786101,-0.0986666666666667,0.0689888879941304,52,130.219930908293,-23.4703853930238,262.13665677454,397.888529194415,470.046565193553,492.597674983243,112236772.103531,847073.335014529,1.40770351170122,1.22480970784571,1.35999615723024,2,2,2,0
10,736574.546752639,736574.546755463,1472735239.428,1472735239.672,2016-09-01T13:07:19.428,2016-09-01T13:07:19.672,0.84517050125346,0.107302105374379,6.93889390390723e-18,0.0739296963337467,199.9,358.560731511194,368.491067626336,14.1773853213189,1930.40115041427,2153.70625360818,2025.89973184144,1031250577.4277,7799366.71795063,5.21615274284762,4.66846772723547,4.73192887933785,13,10,10,3
11,736574.546769792,736574.546769884,1472735240.91,1472735240.918,2016-09-01T13:07:20.910,2016-09-01T13:07:20.918,0.704478688688495,0.073617019049422,-0.00066666666666666,0.0781144459537842,203.1,332.472558016552,419.042953841491,124.92294887732,64.2491299522717,67.4601158921496,77.9714024458828,1077397.45086974,1534161.20233262,3.62496136137028,4.04364211288981,3.72803531890465,2,2,2,0
12,736574.546777465,736574.546778472,1472735241.573,1472735241.66,2016-09-01T13:07:21.573,2016-09-01T13:07:21.660,0.525753738391001,0.128381440520608,0.0413333333333333,0.0841205484211002,201.2,301.66322967282,343.245845441491,283.649277285642,44.7002443675537,53.6158282850967,44.5882432603114,345786.983221681,1539585.57058139,2.2533545283266,5.75874057852956,4.31208404680118,3,3,3,0
13,736574.546799398,736574.546800417,1472735243.468,1472735243.556,2016-09-01T13:07:23.468,2016-09-01T13:07:23.556,0.96247099104978,0.0152105715628372,6.93889390390723e-18,0.0739296963337467,199.9,358.560731511194,368.491067626336,14.1773853213189,314.871904516874,358.030717180188,343.46550748596,18171920.32776,963295.223120378,6.33210469453934,6.58447674617381,6.51278640615347,6,3,3,3
14,736574.546823461,736574.546823495,1472735245.547,1472735245.55,2016-09-01T13:07:25.547,2016-09-01T13:07:25.550,0.490952487773307,0.163212197947397,-0.0466666666666667,0.110870495023097,109.1,212.589204652968,15.07456259985,503.115878347036,44.9962067906606,44.2651720778875,91.482890036674,537749.103160754,30304.346093518,3.46403255277026,4.16813885523401,3.29390178507782,4,2,4,0
15,736574.546830926,736574.546831898,1472735246.192,1472735246.276,2016-09-01T13:07:26.192,2016-09-01T13:07:26.276,0.830599475800792,0.0363494174259266,6.93889390390723e-18,0.0739296963337467,199.9,358.560731511194,368.491067626336,14.1773853213189,84.5887539907248,82.4025005232587,140.525885103512,1924247.46437276,39616.701085724,4.52644227572383,4.83063945609399,6.2577419145643,3,3,3,0
16,736574.54683787,736574.546838889,1472735246.792,1472735246.88,2016-09-01T13:07:26.792,2016-09-01T13:07:26.880,0.837103885704298,0.0531094512712319,6.93889390390723e-18,0.0739296963337467,199.9,358.560731511194,368.491067626336,14.1773853213189,90.8736739419866,86.0988366922533,88.4595828773689,1147702.04483768,68221.7931940618,5.33691964107818,6.1088283837554,6.20890951270164,3,3,3,0
17,736574.546856574,736574.546857593,1472735248.40799,1472735248.49601,2016-09-01T13:07:28.407,2016-09-01T13:07:28.496,0.961874484207878,0.0113119004297484,6.93889390390723e-18,0.0737129567986524,202.8,353.008132102951,432.932526144493,113.911106980206,455.081023129078,485.966958427775,481.582305223369,46356028.3009781,444778.154096037,5.75943690636394,5.87211396321762,5.72906825045145,6,4,3,3
18,736574.546863287,736574.546864306,1472735248.988,1472735249.076,2016-09-01T13:07:28.988,2016-09-01T13:07:29.076,0.882150354865482,0.0691587983611326,6.93889390390723e-18,0.0737129567986524,202.8,353.008132102951,432.932526144493,113.911106980206,389.121060628792,432.029970841398,403.54707312566,43059677.0892484,535963.011398292,4.40357986714749,4.81804591335349,4.55141262132789,3,3,3,0
19,736574.546880231,736574.54688125,1472735250.452,1472735250.54,2016-09-01T13:07:30.452,2016-09-01T13:07:30.540,0.917798955952564,0.0420668133639327,6.93889390390723e-18,0.0739296963337467,199.9,358.560731511194,368.491067626336,14.1773853213189,362.518566766848,400.3674438892,403.789446173055,34814417.7264072,701251.122010312,5.20261599919197,5.16217298509834,5.3310895768789,4,4,3,1
20,736574.546907407,736574.546908426,1472735252.8,1472735252.888,2016-09-01T13:07:32.800,2016-09-01T13:07:32.888,0.915040300036078,0.0264097449159538,6.93889390390723e-18,0.0753870015320944,202.9,344.711347241456,426.975537654406,118.91383970364,248.001688659922,253.014635077754,254.355259814122,10371914.5420211,87064.3290885893,6.26943120241033,6.1866153657902,6.07835946246368,4,4,3,1
21,736574.546926308,736574.546927384,1472735254.433,1472735254.526,2016-09-01T13:07:34.433,2016-09-01T13:07:34.526,0.790424102605061,0.0451869632212294,6.93889390390723e-18,0.0755989417915357,200.1,349.518061184628,362.534079136248,21.0820864748052,67.9466319254714,63.2399951708901,65.0576509131385,549291.433173788,40358.522810311,5.71951867453836,6.17448161158499,6.42850829897571,3,3,3,0
22,736574.546972037,736574.546973148,1472735258.384,1472735258.48,2016-09-01T13:07:38.384,2016-09-01T13:07:38.480,0.655091426579853,0.194754686305883,6.93889390390723e-18,0.0753870015320944,202.9,344.711347241456,426.975537654406,118.91383970364,84.2145424027318,97.9698014447205,103.453671632822,909931.546784746,37782.4883320722,4.81703887167866,8.14919609756192,7.54395311566107,4,4,3,1
23,736574.546979491,736574.546980463,1472735259.028,1472735259.112,2016-09-01T13:07:39.028,2016-09-01T13:07:39.112,0.712297175883932,0.130898432577317,6.93889390390723e-18,0.0753870015320944,202.9,344.711347241456,426.975537654406,118.91383970364,61.1802529905342,53.014339945193,54.4090722473778,355227.806705111,10763.0029320724,5.59273418100834,7.36636373880188,7.23747403309188,3,3,3,0
24,736574.547012315,736574.547013333,1472735261.864,1472735261.952,2016-09-01T13:07:41.864,2016-09-01T13:07:41.952,0.836812558881855,0.0951292041761618,6.93889390390723e-18,0.0753870015320944,202.9,344.711347241456,426.975537654406,118.91383970364,95.6864338025184,104.302186174414,110.599119036548,959438.274997705,25742.6265142043,6.55292744743129,8.44548331327276,8.40736155025028,5,4,3,2
25,736574.547016574,736574.547017731,1472735262.232,1472735262.332,2016-09-01T13:07:42.232,2016-09-01T13:07:42.332,0.652547833002681,0.165926761794867,0.000666666666666674,0.0408248290463863,197.8,665.374487838689,632.054070977632,47.3296358173383,49.0139537145836,40.6267008724525,38.1402089124858,362096.605491084,12986.2838506134,3.28973278654625,4.51448914884972,4.13474810188502,3,3,3,0
26,736574.547056343,736574.547056725,1472735265.668,1472735265.701,2016-09-01T13:07:45.668,2016-09-01T13:07:45.701,0.459266829109512,0.177386042193483,-0.062,0.0498798556533597,167.9,820.094934472196,222.568236186294,401.643120364051,33.9779862432564,28.5063231876746,26.7274858464148,76034.694632736,4138.55833023517,3.40262112871358,7.25609405168687,6.02890155613857,4,3,2,2
27,736574.547079826,736574.547080833,1472735267.697,1472735267.784,2016-09-01T13:07:47.697,2016-09-01T13:07:47.784,0.80365932333552,0.118504375687856,6.93889390390723e-18,0.0739296963337467,199.9,358.560731511194,368.491067626336,14.1773853213189,73.0566934788344,74.0903046854619,76.2073921904609,1079298.62148207,10992.2475674198,4.31748579413374,5.88804425901982,5.84927794711387,4,4,3,1
28,736574.547090926,736574.547090972,1472735268.656,1472735268.66,2016-09-01T13:07:48.656,2016-09-01T13:07:48.660,0.627117159257283,0.167277025738593,-0.05,0.0413956519455848,59.4,442.956476888816,79.1629577004574,439.904983357772,30.41579681004,38.6723659619532,39.545875605068,278560.582213172,3226.78693422601,2.85598760441198,4.81043114390306,4.63947793026482,2,2,2,0
29,736574.547136331,736574.547137268,1472735272.579,1472735272.66,2016-09-01T13:07:52.579,2016-09-01T13:07:52.660,0.592328138359463,0.127494779805271,-0.0106666666666667,0.089787898219452,203.3,314.073297004079,405.700578761237,149.534299447063,67.4088489803882,77.4481070853568,127.370951786435,1494574.91086709,14318.3179689467,3.79706045467387,6.50084493341823,4.18875295753093,6,4,3,3
30,736574.547176898,736574.547177315,1472735276.084,1472735276.12,2016-09-01T13:07:56.084,2016-09-01T13:07:56.120,0.619788271650407,0.186747779035014,-0.05,0.107532320722655,148.2,630.617469354393,191.127615939258,610.569458963625,33.4667785596522,32.6702887617205,34.2022342925628,240591.556408831,1958.58077033794,2.40473137237659,4.77586911863448,5.22120062666923,4,3,2,2
31,736574.547198657,736574.54719963,1472735277.964,1472735278.048,2016-09-01T13:07:57.964,2016-09-01T13:07:58.048,0.704459959003441,0.10573920935566,0.000666666666666674,0.0745511010426182,202.9,347.726327660513,429.95403189945,116.485048383133,73.0444793597188,69.4084415506796,69.0225460250969,760843.265676567,4934.7709342648,5.6667837437066,7.37968434074445,4.08150549392023,5,4,3,2
32,736574.547333241,736574.547334259,1472735289.592,1472735289.68,2016-09-01T13:08:09.592,2016-09-01T13:08:09.680,0.762940349256523,0.119914023407734,6.93889390390723e-18,0.0737129567986524,202.8,353.008132102951,432.932526144493,113.911106980206,98.6777335853844,98.0982901105557,101.903386745869,1130176.25788912,20657.409608157,6.48532532537458,8.33303558085997,6.3861868278768,6,4,3,3
33,736574.547433241,736574.547434352,1472735298.232,1472735298.328,2016-09-01T13:08:18.232,2016-09-01T13:08:18.328,0.750997883912025,0.103645730501863,6.93889390390723e-18,0.0737129567986524,202.8,353.008132102951,432.932526144493,113.911106980206,82.9014131069028,69.3027121618694,79.7005092954921,473747.02012219,7628.8197737084,5.67295301886424,7.96452645641753,8.90803430595242,6,4,3,3
34,736574.547484444,736574.547485694,1472735302.656,1472735302.764,2016-09-01T13:08:22.656,2016-09-01T13:08:22.764,0.874799983008214,0.0562242234372538,6.93889390390723e-18,0.0746619046100486,202,345.660989605059,397.733302640371,90.5366209560829,86.4274495524226,73.1092530237254,70.3702052540598,1179425.41282189,3613.38003082035,5.8165331426146,5.5168899429697,5.3688467611205,6,4,3,3
35,736574.547791528,736574.547791574,1472735329.188,1472735329.192,2016-09-01T13:08:49.188,2016-09-01T13:08:49.192,0.533616278457375,0.127955961816818,6.93889390390723e-18,0.0739296963337467,199.9,358.560731511194,368.491067626336,14.1773853213189,35.7142787577459,34.5434365859861,34.766713520498,245677.723052283,2299.85833421912,2.64343487378304,5.05811594891256,4.45856522329615,3,2,2,1
36,736574.548001354,736574.548001458,1472735347.317,1472735347.326,2016-09-01T13:09:07.317,2016-09-01T13:09:07.326,0.491364916293579,0.211730219298053,0.0413333333333333,0.0927333093697549,197.2,311.931896627001,280.578945493227,213.697562792173,42.1370047241947,28.7554295425501,30.8713519031263,143832.882670992,3457.95431213801,2.82074874670658,5.34798588129967,5.42463918782257,2,2,2,0
37,736574.54808088,736574.548080972,1472735354.188,1472735354.19599,2016-09-01T13:09:14.188,2016-09-01T13:09:14.195,0.50300912781861,0.175690908036783,-0.0346666666666667,0.0644318761690723,190.9,413.519808057824,284.273607274604,286.339215038138,30.3793472519952,32.7707443765881,36.0131319178895,155147.679936705,3365.13673464535,2.57853272009402,5.47436257099272,6.09461723139739,2,2,2,0
38,736574.548137593,736574.548137604,1472735359.088,1472735359.089,2016-09-01T13:09:19.088,2016-09-01T13:09:19.089,0.448159244509494,0.121659497444854,0.0226666666666667,0.070548328588753,179.1,516.560411153429,222.849107229914,331.824459132749,33.5747778723363,22.2821508077703,24.3571903838233,71935.3631637801,934.961140534616,2.40125936106519,4.7329927703475,5.52298449440488,2,2,2,0
39,736574.548146111,736574.548147095,1472735359.824,1472735359.909,2016-09-01T13:09:19.824,2016-09-01T13:09:19.909,0.638590131348728,0.155576794377241,6.93889390390723e-18,0.0739296963337467,199.9,358.560731511194,368.491067626336,14.1773853213189,58.5096060847359,53.0810066058809,51.6561582198972,274121.17196396,5677.11630993966,5.19084076180151,7.42646537053135,7.97162656983828,5,3,5,0
40,736574.548180185,736574.548180324,1472735362.768,1472735362.78,2016-09-01T13:09:22.768,2016-09-01T13:09:22.780,0.609733649658191,0.153460215381495,-0.074,0.0581721582889959,88.9,705.626780628164,126.59055847286,312.940208753894,37.1537006268837,30.5448702648773,32.4135047188006,137544.536537464,3453.08672268395,3.28627580192733,5.08955003562082,5.5123803578,2,2,2,0
41,736574.548275463,736574.548276574,1472735371,1472735371.096,2016-09-01T13:09:31.000,2016-09-01T13:09:31.096,0.597462266771012,0.187906405740562,0.000666666666666679,0.097895182040112,202.1,265.850507803537,308.96836190709,60.7785444897934,51.4895837395708,76.7842796865149,72.5556213438145,485551.751390477,8321.04759477712,3.90938224282146,7.97594685201956,8.08306834930567,4,3,3,1
42,736574.548309491,736574.548310417,1472735373.94,1472735374.02,2016-09-01T13:09:33.940,2016-09-01T13:09:34.020,0.689697589207872,0.144028014450401,6.93889390390723e-18,0.0737129567986524,202.8,353.008132102951,432.932526144493,113.911106980206,59.1894135131169,89.7838388016178,80.8535773985188,757298.872611954,16399.9492221892,4.2974827044033,7.89390905460272,7.32606549855382,5,4,3,2
43,736574.548379352,736574.548379491,1472735379.976,1472735379.988,2016-09-01T13:09:39.976,2016-09-01T13:09:39.988,0.523634567508461,0.210532721295665,-0.0333333333333333,0.0585514019188838,63.8,1093.31817620698,-1664.93502310923,3229.87425308674,53.0007672146652,42.9387642074572,44.1458754631333,308738.468791267,4969.40464189911,2.3733889671056,4.64343842449781,4.99239871555253,3,2,2,1
44,736574.548655081,736574.54865522,1472735403.799,1472735403.811,2016-09-01T13:10:03.799,2016-09-01T13:10:03.811,0.515711050888068,0.182230622767612,0.00400000000000001,0.109836241741968,33.8,230.825461194334,-40.2630970606448,332.840921625091,38.2854384425022,32.6693413288526,39.6655221050259,173514.622005606,2605.80329509019,3.43013963797151,5.6972049893585,6.66572210100149,2,2,2,0
45,736574.54868353,736574.548683727,1472735406.257,1472735406.274,2016-09-01T13:10:06.257,2016-09-01T13:10:06.274,0.523666670767773,0.158514487456593,0.042,0.0978733875984683,195.6,369.190345751349,313.778419494304,228.390194659334,55.9276327580869,30.6851741553321,25.7262815066206,119438.622390502,1116.9571907537,3.50374685346338,5.42965988904241,4.55513086887304,2,2,2,0
46,736574.548866447,736574.54886662,1472735422.061,1472735422.076,2016-09-01T13:10:22.061,2016-09-01T13:10:22.076,0.494681667103285,0.188027050551858,0.00466666666666667,0.083844300144176,200.8,318.860095932349,342.62448142792,49.4066252144346,43.1458754624271,30.7281449672832,33.7935374142954,117727.600250312,3418.98516966628,3.10719372403475,5.35961248929968,5.98690544991822,2,2,2,0
47,736574.548943588,736574.548943704,1472735428.726,1472735428.73601,2016-09-01T13:10:28.726,2016-09-01T13:10:28.736,0.605821352210318,0.12983086889856,0.00400000000000001,0.0739296963337467,201.6,344.927593083463,256.787861998887,208.411646296571,40.1635032505691,30.5805685087224,32.9278681124506,134915.090546273,2013.09781673091,4.19764704082349,4.72294960370176,5.99314170220368,2,2,2,0
48,736574.54901853,736574.549018588,1472735435.201,1472735435.206,2016-09-01T13:10:35.201,2016-09-01T13:10:35.206,0.552344593020524,0.175475395200093,-0.107333333333333,0.0920318785349222,42.9,232.681930504928,79.8563406315908,266.083941327294,36.4754953335489,24.5910640062665,22.8767178808588,111150.462125733,1787.58636969996,0.730480995717962,4.85415587208576,5.19704105095425,3,2,3,0
49,736574.551589907,736574.55159088,1472735657.368,1472735657.452,2016-09-01T13:14:17.368,2016-09-01T13:14:17.452,0.918647480389159,0.0418324933095099,6.93889390390723e-18,0.0739296963337467,199.9,358.560731511194,368.491067626336,14.1773853213189,345.696841585299,385.7100380196,374.692603479239,15753984.8035304,202179.927445834,7.20376410480073,7.78240168291738,7.81781363592463,6,4,3,3
50,736574.551613762,736574.551614722,1472735659.429,1472735659.512,2016-09-01T13:14:19.429,2016-09-01T13:14:19.512,0.825004207778339,0.0597092738940875,6.93889390390723e-18,0.0753870015320944,202.9,344.711347241456,426.975537654406,118.91383970364,178.996925021393,132.078731269804,166.313253068332,6408920.68556968,18486.4094098453,5.64399692183262,4.23600753327615,4.76631649395558,3,3,3,0
51,736574.551741887,736574.551742882,1472735670.499,1472735670.58501,2016-09-01T13:14:30.499,2016-09-01T13:14:30.585,0.916561776175595,0.0436397609384816,6.93889390390723e-18,0.0737129567986524,202.8,353.008132102951,432.932526144493,113.911106980206,239.644449587402,228.387998258885,235.901980387391,8085852.70710453,180641.071904233,6.73095311054999,6.1178915980605,6.25643971866316,6,4,3,3
52,736574.552617593,736574.552618623,1472735746.16,1472735746.249,2016-09-01T13:15:46.160,2016-09-01T13:15:46.249,0.870532994667256,0.0375686475100014,6.93889390390723e-18,0.0739296963337467,199.9,358.560731511194,368.491067626336,14.1773853213189,172.987642209528,177.497995510198,195.958691334489,4557651.95977915,47237.9415277849,6.79589010187942,6.88374553268874,7.50519803902165,6,4,3,3
53,736574.554969109,736574.55496941,1472735949.331,1472735949.357,2016-09-01T13:19:09.331,2016-09-01T13:19:09.357,0.464839040857886,0.150718299427184,-0.0186666666666667,0.123538927738048,175,1030.01033639849,623.452680092066,553.829162345159,36.225256358661,18.4018945612425,12.4188335979632,182306.342973144,214.906584741695,3.95644107345096,3.05279935147954,2.41848092166176,3,3,2,1
54,736574.554989838,736574.55499081,1472735951.122,1472735951.206,2016-09-01T13:19:11.122,2016-09-01T13:19:11.206,0.533387915559573,0.185292973667565,-0.00133333333333333,0.0527434040109914,196,519.745492634226,469.690768840616,70.3868093235431,20.1974170453895,34.7804331358228,23.4130649557252,133356.474269694,2057.30245465924,2.73167668454531,6.67617068911396,4.70463972122555,5,3,3,2
55,736574.554992569,736574.554992685,1472735951.358,1472735951.368,2016-09-01T13:19:11.358,2016-09-01T13:19:11.368,0.332008168124579,0.0524163906063387,0.0306666666666667,0.164120281094893,192.7,477.934706722611,400.261693900923,546.163797959314,30.6658111957031,18.1039575488408,12.3886811698355,33774.8309161677,1994.37974809936,2.90564172237345,5.35182720913143,3.41510416294791,2,2,2,0
56,736574.554995602,736574.554995625,1472735951.62,1472735951.622,2016-09-01T13:19:11.620,2016-09-01T13:19:11.622,0.448730978887365,0.128014300351692,-0.0186666666666667,0.0854041372924443,53.4,686.729258745024,-291.378439146646,762.10000031527,24.4110479992512,14.3833044211953,15.7775424636734,53975.2640053388,1831.46231886671,3.18266826807572,4.70876795806185,4.34179129027839,2,2,2,0
57,736574.555012373,736574.555013391,1472735953.069,1472735953.157,2016-09-01T13:19:13.069,2016-09-01T13:19:13.157,0.773067611575227,0.0799396306224449,6.93889390390723e-18,0.0739296963337467,199.9,358.560731511194,368.491067626336,14.1773853213189,79.5486797294367,87.7508739699433,88.0892401750285,1238959.06284719,10882.0029384799,4.22241628634365,6.0962353598194,6.0476691016773,6,4,3,3
58,736574.555014606,736574.555014664,1472735953.262,1472735953.267,2016-09-01T13:19:13.262,2016-09-01T13:19:13.267,0.715083655020453,0.0825886468854534,0.126666666666667,0.0510163372525573,235.9,22.2286104087558,20.9884888519293,241.536755224477,53.9725220475901,40.2265548243566,40.7799971324857,280967.299906264,9745.08056229382,2.60460409848964,2.80789004866524,2.77764361725983,2,2,2,0
59,736574.555020104,736574.555021146,1472735953.737,1472735953.827,2016-09-01T13:19:13.737,2016-09-01T13:19:13.827,0.693492203256981,0.125432456843282,-0.00066666666666666,0.0678075708654031,199,395.228398839737,391.39922495251,8.67850474937834,53.5946641061976,42.5000758689083,37.236059875498,479907.246794146,2690.61851616972,3.97975201210501,4.72188233336566,4.5525681412737,3,3,3,0
60,736574.555029201,736574.555030197,1472735954.523,1472735954.609,2016-09-01T13:19:14.523,2016-09-01T13:19:14.609,0.829935242677233,0.0945692660455547,6.93889390390723e-18,0.0755989417915357,200.1,349.518061184628,362.534079136248,21.0820864748052,102.763440763175,109.771117421386,105.635648577354,2448610.83167659,41798.9787967343,5.29186812793084,5.50283308630008,5.57057940792096,6,4,3,3
61,736574.555037176,736574.555038218,1472735955.212,1472735955.302,2016-09-01T13:19:15.212,2016-09-01T13:19:15.302,0.778665391892262,0.118045260809197,6.93889390390723e-18,0.0739296963337467,199.9,358.560731511194,368.491067626336,14.1773853213189,92.854774757759,77.5199092753116,77.7911762838085,1347449.50532949,23555.8056106986,5.78788785880358,5.39686294010566,5.41641175823779,3,3,3,0
62,736574.55505566,736574.555055775,1472735956.809,1472735956.819,2016-09-01T13:19:16.809,2016-09-01T13:19:16.819,0.617956185715721,0.164049365596488,-0.00133333333333333,0.0757117340091129,200.1,349.917580766804,362.893695538068,20.0084886246718,46.9682952244658,44.8806257299923,45.1019663786532,307866.881419354,3959.37014175456,3.66611076649917,6.2616838465381,6.21840422481279,2,2,2,0
63,736574.555071123,736574.555072037,1472735958.145,1472735958.224,2016-09-01T13:19:18.145,2016-09-01T13:19:18.224,0.489552643970497,0.253263523686498,-0.0373333333333333,0.0382552828595825,53.3,473.047083716106,-97.9303516823557,751.690293441902,51.1853721433163,34.7227705902087,36.6526730105409,189372.798665303,2036.32910561418,2.8999421204442,6.09765613722323,6.42577812107293,3,3,3,0
64,736574.555079352,736574.55508037,1472735958.856,1472735958.944,2016-09-01T13:19:18.856,2016-09-01T13:19:18.944,0.795148988805617,0.130485516446925,6.93889390390723e-18,0.0739296963337467,199.9,358.560731511194,368.491067626336,14.1773853213189,60.5070653751552,52.9405463588881,55.6401235062218,643816.286874023,9390.25326238383,4.32723865287575,5.23942792221917,5.55688926471382,4,3,3,1
65,736574.555122963,736574.555126123,1472735962.624,1472735962.897,2016-09-01T13:19:22.624,2016-09-01T13:19:22.897,0.645988469541791,0.064873369093248,-0.124666666666667,0.0843769320766444,55,191.62752984342,30.1126009999773,250.075547688488,63.7224198168663,59.4907940765534,58.8764389086205,398668.836092309,8566.6796455851,4.72905847118857,4.49551890816241,4.4192108387848,8,7,6,2
66,736574.555135833,736574.555136852,1472735963.736,1472735963.824,2016-09-01T13:19:23.736,2016-09-01T13:19:23.824,0.824400584747209,0.0702582510031743,6.93889390390723e-18,0.0739296963337467,199.9,358.560731511194,368.491067626336,14.1773853213189,51.5246496196359,44.6306985282532,42.4995065327161,495373.250067336,5278.48497172861,4.1443474951425,5.46391768112925,4.79572860265417,3,3,3,0
67,736574.55515088,736574.555151944,1472735965.036,1472735965.128,2016-09-01T13:19:25.036,2016-09-01T13:19:25.128,0.926010398981373,0.0199595674551075,6.93889390390723e-18,0.0739296963337467,199.9,358.560731511194,368.491067626336,14.1773853213189,98.0789479500706,103.801112813273,99.5847926243484,1558836.11403383,24255.2859991876,6.89621315875003,6.7050598332114,6.535889666836,6,4,3,3
68,736574.555171806,736574.555172778,1472735966.844,1472735966.928,2016-09-01T13:19:26.844,2016-09-01T13:19:26.928,0.853032849784931,0.109579835407652,6.93889390390723e-18,0.0739296963337467,199.9,358.560731511194,368.491067626336,14.1773853213189,91.3529206042682,93.5594002516002,96.706178432037,1356454.4712351,18355.8234303884,5.04222453936249,6.59468252894198,6.93504383707295,5,4,3,2
69,736574.555200984,736574.555202037,1472735969.365,1472735969.45601,2016-09-01T13:19:29.365,2016-09-01T13:19:29.456,0.85851363279795,0.0707942723188717,6.93889390390723e-18,0.0739296963337467,199.9,358.560731511194,368.491067626336,14.1773853213189,84.3792041774806,90.3733849612256,85.5025139931676,2030981.9557604,23814.8802302379,4.7974165363622,4.63451572426395,4.59422359747654,6,4,3,3
70,736574.555247407,736574.555248241,1472735973.376,1472735973.448,2016-09-01T13:19:33.376,2016-09-01T13:19:33.448,0.840341324653335,0.07058098992297,6.93889390390723e-18,0.0739296963337467,199.9,358.560731511194,368.491067626336,14.1773853213189,55.5714039840331,50.8278628781804,48.8559683196044,418633.489537984,4701.74605633335,5.24116543777028,6.49316668470851,6.23911265878731,5,4,3,2
71,736574.555252153,736574.555252211,1472735973.786,1472735973.791,2016-09-01T13:19:33.786,2016-09-01T13:19:33.791,0.437373185275033,0.126973575952199,-0.082,0.104972377318988,196.2,194.66238258438,120.137516093431,209.944127574561,25.6704359768974,18.7461814935656,18.2883055492443,114536.969276924,5187.07003854583,3.55367864800659,2.63894225555423,4.83702294468336,2,2,2,0
72,736574.555351944,736574.555352882,1472735982.408,1472735982.489,2016-09-01T13:19:42.408,2016-09-01T13:19:42.489,0.824405243643281,0.0776265339172129,6.93889390390723e-18,0.0739296963337467,199.9,358.560731511194,368.491067626336,14.1773853213189,49.9296933714203,46.3895963669447,43.2771923009343,572947.193679556,2313.04015295353,3.72633249644954,5.07096715599078,4.57704159023706,6,4,3,3
73,736574.555420625,736574.555421042,1472735988.342,1472735988.378,2016-09-01T13:19:48.342,2016-09-01T13:19:48.378,0.461245987391746,0.165271053091406,0.0786666666666667,0.0728688319287929,183.7,412.466753290798,207.356351492349,335.554164773974,24.6314518831207,16.5387207322146,12.9955528178885,65770.9944155594,276.718279231138,2.99486385064516,4.48907459307379,3.92065944353614,4,3,2,2
74,736574.555502593,736574.555503611,1472735995.424,1472735995.512,2016-09-01T13:19:55.424,2016-09-01T13:19:55.512,0.804829433206066,0.0937892068822154,6.93889390390723e-18,0.0739296963337467,199.9,358.560731511194,368.491067626336,14.1773853213189,53.9979959357588,54.8737726942764,54.8252301711339,579570.467275197,4008.59561573194,5.20388779113252,5.80270911019457,5.77747963796703,6,4,3,3
75,736574.555511725,736574.555511852,1472735996.213,1472735996.224,2016-09-01T13:19:56.213,2016-09-01T13:19:56.224,0.748865659682165,0.137773482079519,6.93889390390723e-18,0.0739296963337467,199.9,358.560731511194,368.491067626336,14.1773853213189,52.191884625396,65.2902257018619,58.2955293718537,699417.268978778,13446.2590761619,3.94731012506757,6.03161991862172,5.47568843492376,2,2,2,0
76,736574.555556215,736574.55555625,1472736000.057,1472736000.06,2016-09-01T13:20:00.057,2016-09-01T13:20:00.060,0.505236173619138,0.110639831788146,-0.00066666666666666,0.0940949874683379,201.2,296.542450402514,326.148049262133,68.1726092433639,28.1308942390209,22.4199867665763,21.2849250705761,69681.7301704357,682.154611204782,3.86890426269585,5.96745075656964,5.73568914920508,2,2,2,0
77,736574.555601134,736574.555602188,1472736003.938,1472736004.029,2016-09-01T13:20:03.938,2016-09-01T13:20:04.029,0.845430177865594,0.0913176545385063,6.93889390390723e-18,0.0755989417915357,200.1,349.518061184628,362.534079136248,21.0820864748052,105.024458928979,118.186594300969,110.572082264535,1227601.55490433,34595.9497013008,6.63223617282048,8.33928790476065,8.36586779246021,6,4,3,3
78,736574.555615486,736574.55561566,1472736005.178,1472736005.193,2016-09-01T13:20:05.178,2016-09-01T13:20:05.193,0.431639125389425,0.10311941762547,0.0193333333333333,0.0761647337464437,46.8,589.826688604084,-273.185001177213,648.657207694319,16.9987518568303,20.3304371306348,15.8255246174545,54335.3868199131,2658.04201897303,2.64356867826329,5.69513467195848,4.68037941990001,2,2,2,0
79,736574.555628438,736574.555628553,1472736006.297,1472736006.307,2016-09-01T13:20:06.297,2016-09-01T13:20:06.307,0.442523294039808,0.168270914900686,6.93889390390723e-18,0.0952638441382669,201.9,273.98406371187,314.082869847858,56.4787846477286,19.9944299291815,30.6500100763354,25.3561120051964,66944.8279137503,1177.21182438492,2.82284778220139,8.20235668156198,7.43250676150695,2,2,2,0
80,736574.555745648,736574.555745741,1472736016.424,1472736016.432,2016-09-01T13:20:16.424,2016-09-01T13:20:16.432,0.594595700710949,0.155535443177317,-0.00733333333333333,0.0714833313903784,38.2,377.507607165596,-165.154596841824,465.878519991358,34.3723617162511,24.5528551159987,27.4738153908474,127245.642375577,608.100465207319,2.67404081622835,5.13848178525739,5.91035937244957,2,2,2,0
81,736574.555763623,736574.555763762,1472736017.977,1472736017.989,2016-09-01T13:20:17.977,2016-09-01T13:20:17.989,0.414775086697821,0.183904212169228,0.00800000000000001,0.0807960395068966,199,370.800032075496,367.079566600354,87.3169614351148,30.2972819825739,18.453667117869,20.4129124645484,47374.7451054148,461.297497818845,2.86519868409519,5.88071988004271,6.5458998707688,2,2,2,0
82,736574.555771308,736574.555771481,1472736018.641,1472736018.656,2016-09-01T13:20:18.641,2016-09-01T13:20:18.656,0.464021581742877,0.114155820734274,-0.0306666666666667,0.0920405707645637,104.1,1561.79756542235,-1944.58883026718,3764.42154360093,35.4610733517417,24.4965429458206,22.27640091449,153051.224450832,545.299397112543,3.21739161126925,5.49853221491809,3.9954778896537,3,2,2,1
83,736574.555793113,736574.555793287,1472736020.525,1472736020.54,2016-09-01T13:20:20.525,2016-09-01T13:20:20.540,0.404929915965275,0.101390652283841,0.0393333333333333,0.0942988158285493,190.1,232.083154718311,159.697757451084,208.649842150067,33.1834363129816,16.227233293901,15.7429915599382,56749.9099074483,311.834695008072,4.03854788839829,4.46171192928167,3.82395630749715,2,2,2,0
84,736574.555826643,736574.555826979,1472736023.422,1472736023.451,2016-09-01T13:20:23.422,2016-09-01T13:20:23.451,0.448190650302554,0.166746709085672,0.0126666666666667,0.0911233596102924,33.5,262.433092888402,-38.5326091902313,315.835291953452,33.1707306031671,20.3910920710923,20.8662945757809,71854.4266687052,1081.64608058578,3.60901230779904,6.10465465349112,5.81046569245809,3,3,2,1
85,736574.555860104,736574.555860544,1472736026.313,1472736026.351,2016-09-01T13:20:26.313,2016-09-01T13:20:26.351,0.700054754453064,0.173105519271093,6.93889390390723e-18,0.0739296963337467,199.9,358.560731511194,368.491067626336,14.1773853213189,53.0204091304478,52.9245436474051,49.9799381749984,440899.706795907,4157.81461922142,3.75554714123837,7.18488336423196,6.12010306006778,4,3,2,2
86,736574.555886586,736574.555886759,1472736028.601,1472736028.616,2016-09-01T13:20:28.601,2016-09-01T13:20:28.616,0.463444683931293,0.156096098750479,0.014,0.0887873864915507,61.5,544.936320824825,92.7899739681125,410.997896682495,33.7266085572054,20.5117860412555,22.215561364631,81169.8118091645,570.963106326082,2.87095819098459,5.0733947816855,5.26265630849351,3,2,2,1
87,736574.555946863,736574.555947245,1472736033.809,1472736033.842,2016-09-01T13:20:33.809,2016-09-01T13:20:33.842,0.600576408441574,0.119715742818383,6.93889390390723e-18,0.105950932039317,202.6,244.746827690129,295.221450422036,71.0934031228438,41.4079829359597,16.2763670300624,23.6818713763271,110362.44747361,1008.05209296881,3.97000074222304,4.16726140294768,5.13328016783039,3,3,2,1
88,736574.556016667,736574.556017083,1472736039.84,1472736039.876,2016-09-01T13:20:39.840,2016-09-01T13:20:39.876,0.578996996414114,0.161893040903104,2.31296463463574e-18,0.0791555430781698,200.5,332.802428549049,351.906667196865,28.7015151017614,30.3615718903621,30.7082406560456,38.5505241921054,116566.030184461,2329.54055831143,5.45590887331825,7.16628263848102,8.33151437569185,3,3,2,1
89,736574.556027037,736574.556028056,1472736040.736,1472736040.824,2016-09-01T13:20:40.736,2016-09-01T13:20:40.824,0.799532317925472,0.132815999991827,6.93889390390723e-18,0.0755989417915357,200.1,349.518061184628,362.534079136248,21.0820864748052,62.7868178657579,67.1909019124679,64.6326606963503,767355.538465044,9775.71268865204,4.5423982254585,6.2128903409972,6.11444948370567,4,4,3,1
90,736574.556180856,736574.556180926,1472736054.026,1472736054.032,2016-09-01T13:20:54.026,2016-09-01T13:20:54.032,0.474322944686821,0.0987427202075374,-0.002,0.0878817387174378,92.1,238.708365385506,28.3795683672409,305.84864555166,48.2517613816664,36.615679192739,61.5177045763808,469480.457239368,1485.41244480059,3.29439432381985,7.44965961649716,6.31570073174825,3,2,2,1
91,736574.556333495,736574.556333727,1472736067.214,1472736067.234,2016-09-01T13:21:07.214,2016-09-01T13:21:07.234,0.372922075849664,0.0234991548222767,-0.1,0.15471263684651,202.2,204.257644029169,239.872924846771,241.585887905394,28.4081033306474,22.479602808475,15.1934905072427,55399.0483270075,627.252753566769,3.40756066219299,6.37540703838168,3.77829062378482,3,2,2,1
92,736574.556353623,736574.556353854,1472736068.953,1472736068.973,2016-09-01T13:21:08.953,2016-09-01T13:21:08.973,0.680731678746015,0.142810100791043,6.93889390390723e-18,0.0774803200819408,200.3,341.280243577477,357.296323449802,22.9016942873507,56.6886811766983,44.8115927888684,40.3311233693695,233659.466791149,2366.97005508211,4.63554131481828,6.35726067429407,6.18901940061192,3,2,2,1
93,736574.556386007,736574.556386366,1472736071.751,1472736071.782,2016-09-01T13:21:11.751,2016-09-01T13:21:11.782,0.488313250677337,0.151441408325863,0.00933333333333334,0.0621567909939587,179.7,844.745026968206,600.924163616,537.344953004281,32.1979089132754,30.6758744828859,25.0420572931748,91553.6804425541,1985.68299095292,3.73223321932096,7.29961429806665,6.0877965052306,3,3,2,1
94,736574.556422049,736574.5564225,1472736074.865,1472736074.904,2016-09-01T13:21:14.865,2016-09-01T13:21:14.904,0.46298109700602,0.104221068246815,-0.0446666666666667,0.0906303848974871,193,331.794671681941,235.727444518559,252.547625715112,28.6952335072629,22.2719630494189,21.6069752240177,77428.5191428629,655.876208922316,4.52224504035895,5.67002617494834,5.2549358239591,4,3,2,2
95,736574.55642441,736574.556424433,1472736075.069,1472736075.071,2016-09-01T13:21:15.069,2016-09-01T13:21:15.071,0.404494434947795,0.0908300547166464,0.153333333333333,0.11181890120488,110.8,101.101158688859,108.418538420293,304.080228449857,23.2447512823788,16.1222726745851,13.8877696473456,35035.8208628289,1020.56724117091,2.82262644678039,3.82484260348554,3.32169344499636,2,2,2,0
96,736574.556449919,736574.55645044,1472736077.273,1472736077.318,2016-09-01T13:21:17.273,2016-09-01T13:21:17.318,0.362691280105656,0.0982355561029222,0.042,0.153231850475024,185.7,203.897888544475,107.931910565957,312.901071317023,36.5549654882579,20.4942130571908,17.7361668362592,54806.9339492585,595.790519124266,3.45725792038289,6.83963503399747,2.27932484820696,3,3,2,1
97,736574.556454456,736574.556454537,1472736077.665,1472736077.672,2016-09-01T13:21:17.665,2016-09-01T13:21:17.672,0.475984921831472,0.251499435027104,0.000666666666666674,0.0847175699997743,57.2,412.104239595584,92.2254913168051,373.230345535155,37.9033574167396,38.8638766070331,40.6505521933076,136684.170499241,4043.12626503907,3.24018863351256,7.98587993435628,8.00206915953229,3,2,2,1
98,736574.55645831,736574.556458391,1472736077.998,1472736078.005,2016-09-01T13:21:17.998,2016-09-01T13:21:18.005,0.414554049500504,0.196849360249408,0.02,0.0642993001517124,159.2,886.370562401501,227.959130672886,452.597419548575,35.6482408942748,32.3050708011024,29.0680822714142,113890.428447552,3699.02965113865,2.83102416219097,6.94247539385384,6.49152835211477,2,2,2,0
99,736574.55646816,736574.556468218,1472736078.849,1472736078.854,2016-09-01T13:21:18.849,2016-09-01T13:21:18.854,0.404976269940921,0.134066819220842,-0.052,0.131769495711261,41.8,367.86001227994,-101.669458263015,522.333935620496,21.6266138228141,19.8670848820533,16.9662582250899,47137.3612630618,1070.49370264478,2.5017444117578,5.45397772973261,6.47536156982647,3,2,3,0
100,736574.556481782,736574.556481794,1472736080.026,1472736080.027,2016-09-01T13:21:20.026,2016-09-01T13:21:20.027,0.338838797671067,0.0599928753394541,-0.02,0.124296419900173,132.9,345.74302701177,1111.40297976058,2790.60373515866,37.4148630079311,22.6905412651435,15.7290828482076,61695.3602035405,996.334348738037,3.7564719392356,5.79583204314951,3.50138064070942,2,2,2,0
101,736574.556483148,736574.556483299,1472736080.144,1472736080.157,2016-09-01T13:21:20.144,2016-09-01T13:21:20.157,0.367779895491287,0.111018575769293,0.0813333333333333,0.0764268713651597,146.9,1162.67701768542,1323.59223523969,2693.53419927651,22.3532859063744,18.7045713451367,19.8998344833758,40661.2436503982,1634.14650759211,2.93770920256277,4.95844408938903,5.99639694922639,2,2,2,0
102,736574.556488808,736574.556488993,1472736080.633,1472736080.649,2016-09-01T13:21:20.633,2016-09-01T13:21:20.649,0.449963507932947,0.0867776991017127,0.042,0.0814960121723756,197.3,281.227155948085,254.742525523004,242.892563154744,33.0129253130474,24.415475414019,23.8899867599738,69920.3392167706,2411.8564568093,3.76902063863973,6.61868300303435,6.28312873089982,2,2,2,0
103,736574.556501354,736574.556502315,1472736081.717,1472736081.8,2016-09-01T13:21:21.717,2016-09-01T13:21:21.800,0.719600947109588,0.12899025510308,6.93889390390723e-18,0.0739296963337467,199.9,358.560731511194,368.491067626336,14.1773853213189,43.1084634662528,49.0661843831769,42.6299605107896,258343.844378414,4281.63194830984,5.23040063034186,7.46645168384541,7.34825590400357,4,4,3,1
104,736574.556616794,736574.556617187,1472736091.691,1472736091.725,2016-09-01T13:21:31.691,2016-09-01T13:21:31.725,0.461311553227037,0.137170527311817,-0.06,0.126111062163476,178.1,840.653603965556,513.991748569155,544.69980547009,26.8823509525045,26.5353145131347,20.634873670746,60442.5306534566,793.778751237489,2.14911885871247,7.14841589127412,6.17501164560362,4,3,2,2
105,736574.556713021,736574.556713414,1472736100.005,1472736100.039,2016-09-01T13:21:40.005,2016-09-01T13:21:40.039,0.564435592156009,0.232074231460698,6.93889390390723e-18,0.0491853636766061,195.1,558.173245190079,494.207844378549,84.8437569574433,49.8797696790118,40.9012316587187,39.2061800587575,155844.70781475,2826.44234449983,3.44996613286459,8.07735947985513,8.93370274025469,4,3,2,2
106,736574.556781632,736574.556782002,1472736105.933,1472736105.965,2016-09-01T13:21:45.933,2016-09-01T13:21:45.965,0.420019107581031,0.125047494516149,-0.0233333333333333,0.0712142307875797,63.4,624.449657567602,-1096.81341776591,3367.17515032743,41.7123306470352,28.4332771325306,22.3915264940834,70720.3682056224,779.261480566827,3.06085202797744,6.0787586463401,8.028949190796,3,3,2,1
107,736574.556840602,736574.556840648,1472736111.028,1472736111.032,2016-09-01T13:21:51.028,2016-09-01T13:21:51.032,0.518288060014274,0.118220186898293,0.0173333333333333,0.0594194132137525,43.8,405.428092460654,-89.6720578677462,527.370309571603,32.9180816483333,28.620469621168,22.1210318401605,85604.6060733677,1112.0080247335,3.4879492640963,7.18464560958095,6.29920485288682,3,2,2,1
108,736574.556850567,736574.556851204,1472736111.889,1472736111.944,2016-09-01T13:21:51.889,2016-09-01T13:21:51.944,0.437933889842001,0.140289890346683,0.0586666666666667,0.0868899687344095,59.2,349.238101020387,-69.6315727936504,838.700443686402,25.5431050433229,22.3939049244882,20.9119830323621,85677.7252036957,632.976481146977,2.92602772923988,5.41296666469182,5.61618610372961,3,3,2,1
109,736574.556874363,736574.556874537,1472736113.945,1472736113.96,2016-09-01T13:21:53.945,2016-09-01T13:21:53.960,0.3440067294835,0.109933440817313,0.0113333333333333,0.0831544747242544,178.9,857.922065494162,532.204635724425,523.165499427751,36.1089088111109,10.2661691394181,17.4584825102324,38683.9039562423,663.125752766107,5.48883470910393,3.77200262480092,5.53104310178557,2,2,2,0
110,736574.556881076,736574.55688125,1472736114.525,1472736114.54,2016-09-01T13:21:54.525,2016-09-01T13:21:54.540,0.517878320299667,0.0789507166374556,-0.00066666666666666,0.0747654108974643,200,354.040890988526,365.512573381292,18.2584781923759,36.5025802525224,24.4270544288606,18.7267798850379,67513.4934606527,1451.23869015021,4.74157444033675,6.15500532597695,4.77660994050709,3,2,2,1
111,736574.556885532,736574.556885648,1472736114.91,1472736114.92,2016-09-01T13:21:54.910,2016-09-01T13:21:54.920,0.319401263362065,0.0567767265319972,-0.123333333333333,0.118535508041543,55.3,377.453056769997,116.803547723031,284.4505584759,16.149278619658,16.417365027161,15.0468876997042,39412.6512852092,858.429492719039,1.7667797513367,5.83011687496976,4.6786016560191,2,2,2,0
112,736574.556890417,736574.55689044,1472736115.332,1472736115.334,2016-09-01T13:21:55.332,2016-09-01T13:21:55.334,0.410165422634371,0.0835619212385113,0.0466666666666667,0.101812900295919,199.3,251.181824323461,252.055995215799,211.389651720206,36.5261466777442,18.4483381849809,18.5646320308595,42849.6880001452,994.201302425503,3.95018108025985,5.68281420449816,6.10349201865401,2,2,2,0
113,736574.556893808,736574.556893866,1472736115.625,1472736115.63,2016-09-01T13:21:55.625,2016-09-01T13:21:55.630,0.375056612668259,0.0920536736518085,0.0593333333333333,0.0868070657646408,156.5,1174.84772908459,868.235615923743,1293.11289293728,15.8952542742011,14.3913107624945,14.550484710098,25477.7436645545,989.007602766752,1.83693240414122,5.11218088187442,6.04966586239164,2,2,2,0
114,736574.556896759,736574.556896898,1472736115.88,1472736115.892,2016-09-01T13:21:55.880,2016-09-01T13:21:55.892,0.353989842951926,0.0418719622473573,-0.01,0.0920782276110917,101.6,1570.61157069789,-269.248780857687,3518.00784027994,28.7452133444815,10.1942641674394,8.11320979766489,14724.1307857894,734.677039858633,3.86146213844859,3.85147802494962,4.16337940089778,2,2,2,0
115,736574.556902836,736574.556903218,1472736116.405,1472736116.438,2016-09-01T13:21:56.405,2016-09-01T13:21:56.438,0.579032114486963,0.199090359487825,0.0433333333333333,0.0939588562439255,197.3,314.201688913207,284.316230266408,212.01445704501,41.6838656994925,36.7890774929613,38.3420345319206,153833.414150624,4343.33088506522,4.27595853531897,7.06252411584991,8.22212793878516,3,3,2,1
116,736574.556912002,736574.556912234,1472736117.197,1472736117.217,2016-09-01T13:21:57.197,2016-09-01T13:21:57.217,0.334083043521924,0.0941647372201176,0.00133333333333333,0.112275850772402,200.1,289.719038745153,301.302653800935,110.734183966589,24.030064322447,16.2692408896444,19.5388633918926,38124.5281841713,770.381875446207,2.65336760071818,5.98748396514838,6.94815721676609,2,2,2,0
117,736574.556926991,736574.556927442,1472736118.492,1472736118.531,2016-09-01T13:21:58.492,2016-09-01T13:21:58.531,0.584741256741545,0.210734704178544,6.93889390390723e-18,0.0758524884232548,200,351.839989140857,363.253311939889,18.8656960237512,38.8342336421752,40.8363201088803,35.9112154534949,142132.693571095,2863.99970134382,3.5652550392337,8.30929471062386,8.20009566709217,3,3,2,1
118,736574.556943889,736574.556944317,1472736119.952,1472736119.989,2016-09-01T13:21:59.952,2016-09-01T13:21:59.989,0.521970841417502,0.231205262157674,0.0113333333333333,0.0870279648542161,196.8,414.436759211416,378.638974744136,157.791534041446,63.4305221215569,32.6783439454637,32.628800212859,143945.731300063,2702.28365930314,3.55303682934031,6.86100446661127,6.80899095065543,3,3,2,1
119,736574.556964306,736574.556964456,1472736121.716,1472736121.729,2016-09-01T13:22:01.716,2016-09-01T13:22:01.729,0.512608482047241,0.147392860909303,-0.00066666666666666,0.0766672463746199,200.2,345.800135823763,360.274817694845,21.2331523191267,36.179441125278,28.6607317880739,23.0701173873507,97644.2311823205,1548.65428219308,3.49460802785487,6.65162083641635,6.62240086355983,3,2,2,1
120,736574.556977546,736574.556977593,1472736122.86,1472736122.864,2016-09-01T13:22:02.860,2016-09-01T13:22:02.864,0.380666056875462,0.0291611922118054,-0.000666666666666658,0.0310268700752536,152.1,1866.6933882889,1209.53013146611,1119.89597341812,32.1084236348255,22.4639021041254,14.760623212726,50238.0941773777,531.154526066437,3.56734638424195,6.98312546773014,5.63324655671566,2,2,2,0
121,736574.556985093,736574.556985185,1472736123.512,1472736123.52,2016-09-01T13:22:03.512,2016-09-01T13:22:03.520,0.418769879350647,0.188198818958354,0.0106666666666667,0.101812900295919,162.6,966.712347454009,232.861900133963,374.108169214488,26.2316224235891,26.5035075000338,23.1280223136905,81202.8949052741,1448.31266887176,3.61967317284172,6.770910389013,6.44859552781617,3,2,2,1
122,736574.557004907,736574.557005926,1472736125.224,1472736125.312,2016-09-01T13:22:05.224,2016-09-01T13:22:05.312,0.744595462512314,0.176117650089467,6.93889390390723e-18,0.0739296963337467,199.9,358.560731511194,368.491067626336,14.1773853213189,85.3575419056714,81.75812927681,86.73762029866,648570.785050252,16763.2002969926,5.71207317396385,8.41481596407959,9.03926732118015,5,4,3,2
123,736574.557014931,736574.557015139,1472736126.09,1472736126.108,2016-09-01T13:22:06.090,2016-09-01T13:22:06.108,0.239171759635264,0.0714432922612708,0.0653333333333333,0.133258645748284,34.3,150.2460677649,47.876722917745,292.288989206235,21.0571554347325,14.3847590828632,19.4750845511956,26541.9373796891,1316.09032363838,2.21390554252585,5.55366683945398,7.42798528804705,2,2,2,0
124,736574.557021412,736574.557021505,1472736126.65,1472736126.658,2016-09-01T13:22:06.650,2016-09-01T13:22:06.658,0.27604171729643,0.11195507455005,-0.02,0.120797350964332,199.6,334.226492410749,339.374283612778,109.514332209331,21.9267676180476,14.3411884076232,16.3814876802725,23878.3383482708,680.326943155665,2.22565568400768,5.26355407417675,7.95520748304038,2,2,2,0
125,736574.557030382,736574.557030729,1472736127.425,1472736127.455,2016-09-01T13:22:07.425,2016-09-01T13:22:07.455,0.477209859306783,0.186791017325279,-0.0573333333333333,0.0460724067817893,121.7,825.627195693915,143.996504584207,361.798768980471,21.5843916388541,24.5810664807822,29.150657867016,80855.8057256592,1201.0823679448,3.5325224756515,6.46038892030048,7.2574299669825,3,3,2,1
126,736574.557040347,736574.557040393,1472736128.286,1472736128.29,2016-09-01T13:22:08.286,2016-09-01T13:22:08.290,0.468896828183385,0.185514688923892,0.00133333333333334,0.090921211313239,160.3,635.857056271447,160.985049748778,322.307060191108,28.9931972042067,30.6826155420911,26.8548791006273,77622.0030240775,870.405719667384,4.66014648905747,8.23182735120038,8.3224064872347,3,2,2,1
127,736574.55706706,736574.5570675,1472736130.594,1472736130.632,2016-09-01T13:22:10.594,2016-09-01T13:22:10.632,0.388580230244539,0.0677710752014405,0.016,0.0260461129537595,0.1,NaN,NaN,0,33.1999514948595,28.2867394650263,28.3113790114111,81779.8906600826,1566.01942510517,2.87849272802749,6.12407824827135,7.69008895117642,3,3,2,1
128,736574.557074514,736574.557074537,1472736131.238,1472736131.24,2016-09-01T13:22:11.238,2016-09-01T13:22:11.240,0.427157383645727,0.0938345043633449,0.0133333333333333,0.0668690262129386,201.2,298.234853443568,205.422013796698,227.304284989555,36.6042001530354,18.9256753203949,20.6307145016149,44748.5509576168,1190.75076796328,3.59719011343806,5.6555453175363,6.50879749892042,3,2,2,1
129,736574.557111736,736574.557112604,1472736134.454,1472736134.529,2016-09-01T13:22:14.454,2016-09-01T13:22:14.529,0.422556148229613,0.0969311883630712,-0.000666666666666663,0.0700361811256629,174.8,441.201544111079,339.574259805692,186.281971513377,22.755248927463,16.2535012967044,15.65769369802,105095.024318427,259.358397678578,3.03786757786835,5.47949792522365,1.98057406689047,3,2,2,1
130,736574.55727875,736574.557279213,1472736148.884,1472736148.924,2016-09-01T13:22:28.884,2016-09-01T13:22:28.924,0.52881651939791,0.21707028523787,0.000666666666666674,0.0765419275081747,200.2,345.3962049632,359.915201293025,22.1968739031083,34.751901867288,28.6338339309181,29.0570187998144,100400.446109243,3732.98573865456,4.3364250272907,6.54683853751388,7.83382886875012,3,3,2,1
131,736574.557287963,736574.557288044,1472736149.68,1472736149.687,2016-09-01T13:22:29.680,2016-09-01T13:22:29.687,0.329499169177458,0.0911803615046346,0.0306666666666667,0.175338149490254,49.4,319.19919673198,115.356674882228,278.7343561048,16.4553408251828,20.5912223200537,19.5024332038093,41409.4213964964,1001.46823701934,2.92603750018775,6.59557240104328,6.0858885787171,4,2,3,1
132,736574.557290775,736574.557291042,1472736149.923,1472736149.946,2016-09-01T13:22:29.923,2016-09-01T13:22:29.946,0.51210215732022,0.119907866657961,-0.00066666666666666,0.0729894969613209,199.8,362.939168312459,371.359362407009,14.197960782345,22.6368350559376,26.7648564815016,28.3886899159921,79276.3904038891,1864.20434966194,4.4082855381402,6.94435105088768,6.09389299852746,2,2,2,0
133,736574.557392512,736574.557393611,1472736158.713,1472736158.808,2016-09-01T13:22:38.713,2016-09-01T13:22:38.808,0.729869182980635,0.15465583379903,6.93889390390723e-18,0.0739296963337467,199.9,358.560731511194,368.491067626336,14.1773853213189,68.6860607308282,73.4999748199306,67.0846894008506,502825.594371091,10862.2420274474,5.02790382154283,8.32110246023805,8.8554981163989,4,4,3,1
134,736574.557409583,736574.557409699,1472736160.188,1472736160.198,2016-09-01T13:22:40.188,2016-09-01T13:22:40.198,0.433967925094098,0.174322895023605,-0.036,0.0830228884103655,39.1,252.310068873259,26.2711763638102,357.158396618574,27.5323663844378,18.2627428796204,18.7874181211961,46397.7242606987,639.721757141072,2.76977798535358,5.53509702777708,6.34467932243123,2,2,2,0
135,736574.557418368,736574.55741853,1472736160.947,1472736160.961,2016-09-01T13:22:40.947,2016-09-01T13:22:40.961,0.458500066485752,0.191688348751051,-0.0646666666666667,0.138134234231296,34.7,182.776207481086,31.9363078452464,307.176833352505,21.967886379364,26.5987314030208,23.8694736509294,78218.624180968,1038.13812034741,2.08860963560682,6.98104214818673,8.25885690799342,3,2,2,1
136,736574.557441215,736574.557441331,1472736162.921,1472736162.931,2016-09-01T13:22:42.921,2016-09-01T13:22:42.931,0.482040545922442,0.208933628165773,6.93889390390723e-18,0.0758524884232548,200,351.839989140857,363.253311939889,18.8656960237512,50.3279817474901,30.7577933159949,29.3022063542652,91522.5704817935,2652.72520345681,3.92744770619968,7.44745372129984,7.06752789812291,3,2,2,1
137,736574.557465972,736574.557466447,1472736165.06,1472736165.101,2016-09-01T13:22:45.060,2016-09-01T13:22:45.101,0.504936549012756,0.24639083597031,6.93889390390723e-18,0.0720444307354843,199.7,367.324038838891,374.227657187682,13.5063263076106,34.1675299534666,34.8537960798832,33.8077024598178,136094.994502893,2389.23830108289,3.22795853608501,7.28119882407523,7.3246940488041,3,3,2,1
138,736574.557500984,736574.557502037,1472736168.085,1472736168.176,2016-09-01T13:22:48.085,2016-09-01T13:22:48.176,0.541000097782892,0.110075445097427,0.00400000000000001,0.0754294372244683,173.6,399.928244708379,306.026875216754,173.015924884896,67.7122946219717,73.5260162245508,79.4447513285884,462846.272720159,7341.39513021831,6.53863874614848,8.75522444340346,4.4513442974319,4,4,3,1
139,736574.557575324,736574.557575613,1472736174.508,1472736174.533,2016-09-01T13:22:54.508,2016-09-01T13:22:54.533,0.39235907114597,0.145899507006349,0.032,0.109456840809517,41.6,416.035630805282,-176.118741151691,561.038584749596,23.5951148117804,26.5424626815946,26.3359826389699,88764.1028648767,1304.13073115488,3.00253307218168,7.63644114268119,5.69636987024255,2,2,1,1
140,736574.557621157,736574.557621586,1472736178.468,1472736178.505,2016-09-01T13:22:58.468,2016-09-01T13:22:58.505,0.56305581026552,0.147398826036937,-0.0746666666666667,0.096785673871016,144.9,1188.22505234772,656.441976691357,929.631962576565,46.2965667438496,59.3604939262652,53.9305149145444,311475.928084296,6516.85252709559,3.58940449460918,8.43526753939401,4.32156890127533,3,3,2,1
141,736574.55768162,736574.557682176,1472736183.692,1472736183.74,2016-09-01T13:23:03.692,2016-09-01T13:23:03.740,0.385691671764952,0.0403968323460802,-0.014,0.118598482283712,0.1,NaN,NaN,0,23.2934270136469,32.7568622961137,60.5180206177737,75629.1027199707,1037.71140698403,3.57670438159946,8.93648202145347,4.90460589185102,2,2,1,1
142,736574.557733148,736574.557733495,1472736188.144,1472736188.174,2016-09-01T13:23:08.144,2016-09-01T13:23:08.174,0.397636141054304,0.110820679093403,-0.07,0.120552063441486,40,159.626620963583,-3.77399732965415,260.544513596941,28.7035479046296,20.3649436394892,21.4608428244952,64867.8719771071,712.486878792473,4.25448609306012,6.53479960219453,2.34626408512967,2,2,1,1
143,736574.557781806,736574.55778228,1472736192.348,1472736192.389,2016-09-01T13:23:12.348,2016-09-01T13:23:12.389,0.39100369682487,0.123860836652067,-0.054,0.0908185003179418,188.8,288.292747527035,197.528921139849,282.97644351604,31.6084343713149,36.7333971355055,35.4323411446389,174929.121545093,3161.65304024017,3.50252717897088,7.99427697116356,2.20926248070272,3,3,2,1
144,736574.557902546,736574.557902847,1472736202.78,1472736202.806,2016-09-01T13:23:22.780,2016-09-01T13:23:22.806,0.430349311711197,0.103071590542533,0.000666666666666672,0.0861409697337258,110.9,287.831506499658,-447.454958703899,974.648031975816,45.2165344070326,28.5440673922013,32.9229535731848,343354.301483338,938.750489682834,4.30937102185423,7.55860480820805,3.64953988062889,2,2,1,1
145,736574.558105185,736574.558105417,1472736220.288,1472736220.308,2016-09-01T13:23:40.288,2016-09-01T13:23:40.308,0.401738464167776,0.10355816901601,-0.04,0.106403007476293,69.5,469.882376554521,62.3390245548073,1045.15993442002,31.1009252508429,18.4803695287197,24.1329723255807,49949.2981572944,1123.00997367342,2.9717155327582,5.86292438689475,7.21914678850637,2,2,1,1
146,736574.558125787,736574.558126227,1472736222.068,1472736222.106,2016-09-01T13:23:42.068,2016-09-01T13:23:42.106,0.457137231457416,0.122876272917447,-0.0746666666666667,0.105395762090639,184.1,523.848639889826,326.056302841115,416.265565316075,60.8526071707156,22.4639236905201,23.5589015299402,101964.990256878,976.483507748281,5.66586940173647,5.27426253324988,1.9954701115479,3,3,2,1
147,736574.558536238,736574.558536713,1472736257.531,1472736257.572,2016-09-01T13:24:17.531,2016-09-01T13:24:17.572,0.57090404840037,0.205861823022072,-0.00066666666666666,0.0747654108974643,200,354.040890988526,365.512573381292,18.2584781923759,49.8231690389818,40.9911876954886,44.4008733903017,218379.184492829,2860.46751821972,3.58608407916209,6.90309501644486,7.40064294264684,3,3,2,1
148,736574.55892169,736574.558922662,1472736290.834,1472736290.918,2016-09-01T13:24:50.834,2016-09-01T13:24:50.918,0.399979481714604,0.0471689580466037,0.036,0.127197484251851,215.1,236.250051070064,145.126348119102,296.17793275618,31.8674844646209,34.7625989131257,65.0785957146548,185649.60818057,3275.17470045472,4.05511809328302,7.55820035002757,5.18101395423454,3,3,2,1
149,736574.562444074,736574.562444873,1472736595.168,1472736595.237,2016-09-01T13:29:55.168,2016-09-01T13:29:55.237,0.844375464495139,0.0639435663558613,6.93889390390723e-18,0.0739296963337467,199.9,358.560731511194,368.491067626336,14.1773853213189,107.136808795669,95.9525459425061,83.8940066134809,1180921.22824265,14999.3648694087,5.41399278014128,6.89938340088429,6.6700188978326,6,4,3,3
150,736574.562994491,736574.562995498,1472736642.724,1472736642.811,2016-09-01T13:30:42.724,2016-09-01T13:30:42.811,0.794439980680954,0.111333886261362,6.93889390390723e-18,0.0739296963337467,199.9,358.560731511194,368.491067626336,14.1773853213189,67.916760705275,53.3185686591479,47.9944359277161,294924.966110275,5344.69705997138,5.64417354176253,6.6287869651357,6.57189422401866,5,4,3,2
151,736574.5642589,736574.564259861,1472736751.969,1472736752.052,2016-09-01T13:32:31.969,2016-09-01T13:32:32.052,0.616950629278244,0.150511475157347,6.93889390390723e-18,0.0739296963337467,199.9,358.560731511194,368.491067626336,14.1773853213189,41.5748912401272,32.6271026006128,40.4629562033404,171055.054469433,2891.10439749434,4.70156354022061,5.19631905329221,6.58972084513986,4,4,3,1
152,736574.564951262,736574.56495191,1472736811.789,1472736811.845,2016-09-01T13:33:31.789,2016-09-01T13:33:31.845,0.817271875069084,0.0970884804082446,6.93889390390723e-18,0.0739296963337467,199.9,358.560731511194,368.491067626336,14.1773853213189,87.7055412579194,75.6805625348792,75.0440356110442,698399.46999403,12851.3277806541,6.37026311511116,6.10351353791067,6.58450576143511,6,4,3,3
153,736574.565156366,736574.565156944,1472736829.51,1472736829.56,2016-09-01T13:33:49.510,2016-09-01T13:33:49.560,0.5419685009651,0.22209475362839,-0.00066666666666666,0.0667612662152739,198.3,419.405782475711,404.863087027498,57.9607481897047,39.6639443425808,34.6330518468784,30.5373694044155,137371.04357609,2815.45508731313,3.64949116133386,5.77654893081133,5.40281057206845,3,3,2,1
