catalogEventNumber,onTimeDatenum,offTimeDatenum,onTimeEpochS,offTimeEpochS,onTimeUTC,offTimeUTC,durationS
1,736574.54671213,736574.546713148,1472735235.928,1472735236.016,2016-09-01T13:07:15.928,2016-09-01T13:07:16.016,0.0879999250173569
2,736574.546713738,736574.546713773,1472735236.067,1472735236.07,2016-09-01T13:07:16.067,2016-09-01T13:07:16.070,0.00299736857414246
3,736574.546722222,736574.546722361,1472735236.8,1472735236.812,2016-09-01T13:07:16.800,2016-09-01T13:07:16.812,0.0119995325803757
4,736574.546727338,736574.546728414,1472735237.242,1472735237.335,2016-09-01T13:07:17.242,2016-09-01T13:07:17.335,0.0929988920688629
5,736574.546730544,736574.546731875,1472735237.519,1472735237.634,2016-09-01T13:07:17.519,2016-09-01T13:07:17.634,0.115006417036057
6,736574.546732905,736574.546734907,1472735237.723,1472735237.896,2016-09-01T13:07:17.723,2016-09-01T13:07:17.896,0.173002481460571
7,736574.546735903,736574.546737407,1472735237.982,1472735238.112,2016-09-01T13:07:17.982,2016-09-01T13:07:18.112,0.130003318190575
8,736574.546737407,736574.546737546,1472735238.112,1472735238.124,2016-09-01T13:07:18.112,2016-09-01T13:07:18.124,0.0119995325803757
9,736574.546747488,736574.546748461,1472735238.983,1472735239.067,2016-09-01T13:07:18.983,2016-09-01T13:07:19.067,0.0839967280626297
10,736574.546748461,736574.546750451,1472735239.067,1472735239.239,2016-09-01T13:07:19.067,2016-09-01T13:07:19.239,0.172006711363792
11,736574.546750451,736574.546750613,1472735239.239,1472735239.253,2016-09-01T13:07:19.239,2016-09-01T13:07:19.253,0.0139910727739334
12,736574.546752639,736574.546753299,1472735239.428,1472735239.485,2016-09-01T13:07:19.428,2016-09-01T13:07:19.485,0.0570002943277359
13,736574.546769792,736574.546769884,1472735240.91,1472735240.918,2016-09-01T13:07:20.910,2016-09-01T13:07:20.918,0.00800639390945435
14,736574.546777465,736574.546778472,1472735241.573,1472735241.66,2016-09-01T13:07:21.573,2016-09-01T13:07:21.660,0.087004154920578
15,736574.546799398,736574.546800417,1472735243.468,1472735243.556,2016-09-01T13:07:23.468,2016-09-01T13:07:23.556,0.0879999250173569
16,736574.546823426,736574.546824514,1472735245.544,1472735245.638,2016-09-01T13:07:25.544,2016-09-01T13:07:25.638,0.0940047204494476
17,736574.546830926,736574.546831898,1472735246.192,1472735246.276,2016-09-01T13:07:26.192,2016-09-01T13:07:26.276,0.0839967280626297
18,736574.54683787,736574.546838889,1472735246.792,1472735246.88,2016-09-01T13:07:26.792,2016-09-01T13:07:26.880,0.0879999250173569
19,736574.546856574,736574.546857593,1472735248.40799,1472735248.49601,2016-09-01T13:07:28.407,2016-09-01T13:07:28.496,0.0880099833011627
20,736574.546863287,736574.546864306,1472735248.988,1472735249.076,2016-09-01T13:07:28.988,2016-09-01T13:07:29.076,0.0879999250173569
21,736574.546880231,736574.54688125,1472735250.452,1472735250.54,2016-09-01T13:07:30.452,2016-09-01T13:07:30.540,0.0879999250173569
22,736574.546907407,736574.546908426,1472735252.8,1472735252.888,2016-09-01T13:07:32.800,2016-09-01T13:07:32.888,0.0879999250173569
23,736574.546926308,736574.546927384,1472735254.433,1472735254.526,2016-09-01T13:07:34.433,2016-09-01T13:07:34.526,0.0929988920688629
24,736574.546972037,736574.546973148,1472735258.384,1472735258.48,2016-09-01T13:07:38.384,2016-09-01T13:07:38.480,0.0959962606430054
25,736574.546979491,736574.546980463,1472735259.028,1472735259.112,2016-09-01T13:07:39.028,2016-09-01T13:07:39.112,0.0839967280626297
26,736574.547012315,736574.547013333,1472735261.864,1472735261.952,2016-09-01T13:07:41.864,2016-09-01T13:07:41.952,0.0879999250173569
27,736574.547016574,736574.547017731,1472735262.232,1472735262.332,2016-09-01T13:07:42.232,2016-09-01T13:07:42.332,0.0999994575977325
28,736574.547056343,736574.547057014,1472735265.668,1472735265.726,2016-09-01T13:07:45.668,2016-09-01T13:07:45.726,0.0579960644245148
29,736574.547079826,736574.547080833,1472735267.697,1472735267.784,2016-09-01T13:07:47.697,2016-09-01T13:07:47.784,0.087004154920578
30,736574.547090926,736574.547090972,1472735268.656,1472735268.66,2016-09-01T13:07:48.656,2016-09-01T13:07:48.660,0.00399313867092133
31,736574.547136331,736574.547137268,1472735272.579,1472735272.66,2016-09-01T13:07:52.579,2016-09-01T13:07:52.660,0.0809993594884872
32,736574.547176898,736574.547177442,1472735276.084,1472735276.131,2016-09-01T13:07:56.084,2016-09-01T13:07:56.131,0.0470023602247238
33,736574.547198657,736574.54719963,1472735277.964,1472735278.048,2016-09-01T13:07:57.964,2016-09-01T13:07:58.048,0.0839967280626297
34,736574.547333241,736574.547334259,1472735289.592,1472735289.68,2016-09-01T13:08:09.592,2016-09-01T13:08:09.680,0.0879999250173569
35,736574.547433241,736574.547434352,1472735298.232,1472735298.328,2016-09-01T13:08:18.232,2016-09-01T13:08:18.328,0.0960063189268112
36,736574.547484444,736574.547485694,1472735302.656,1472735302.764,2016-09-01T13:08:22.656,2016-09-01T13:08:22.764,0.107995793223381
37,736574.547791528,736574.547791713,1472735329.188,1472735329.204,2016-09-01T13:08:49.188,2016-09-01T13:08:49.204,0.015992671251297
38,736574.548001354,736574.548001458,1472735347.317,1472735347.326,2016-09-01T13:09:07.317,2016-09-01T13:09:07.326,0.00899210572242737
39,736574.54808088,736574.548080972,1472735354.188,1472735354.19599,2016-09-01T13:09:14.188,2016-09-01T13:09:14.195,0.0079963356256485
40,736574.548137593,736574.548137604,1472735359.088,1472735359.089,2016-09-01T13:09:19.088,2016-09-01T13:09:19.089,0.00099577009677887
41,736574.548146111,736574.548147095,1472735359.824,1472735359.909,2016-09-01T13:09:19.824,2016-09-01T13:09:19.909,0.0850025564432144
42,736574.548180185,736574.548180324,1472735362.768,1472735362.78,2016-09-01T13:09:22.768,2016-09-01T13:09:22.780,0.0119995325803757
43,736574.548275463,736574.548276574,1472735371,1472735371.096,2016-09-01T13:09:31.000,2016-09-01T13:09:31.096,0.0960063189268112
44,736574.548309491,736574.548310417,1472735373.94,1472735374.02,2016-09-01T13:09:33.940,2016-09-01T13:09:34.020,0.0799935311079025
45,736574.548379317,736574.548379491,1472735379.973,1472735379.988,2016-09-01T13:09:39.973,2016-09-01T13:09:39.988,0.0149969011545181
46,736574.548655081,736574.54865522,1472735403.799,1472735403.811,2016-09-01T13:10:03.799,2016-09-01T13:10:03.811,0.0119995325803757
47,736574.54868353,736574.548683727,1472735406.257,1472735406.274,2016-09-01T13:10:06.257,2016-09-01T13:10:06.274,0.0169984996318817
48,736574.548866447,736574.54886662,1472735422.061,1472735422.076,2016-09-01T13:10:22.061,2016-09-01T13:10:22.076,0.015006959438324
49,736574.548943588,736574.548943704,1472735428.726,1472735428.73601,2016-09-01T13:10:28.726,2016-09-01T13:10:28.736,0.0100079923868179
50,736574.549018438,736574.549018588,1472735435.193,1472735435.206,2016-09-01T13:10:35.193,2016-09-01T13:10:35.206,0.0129953026771545
51,736574.551589907,736574.55159088,1472735657.368,1472735657.452,2016-09-01T13:14:17.368,2016-09-01T13:14:17.452,0.0840067863464355
52,736574.551613762,736574.551614722,1472735659.429,1472735659.512,2016-09-01T13:14:19.429,2016-09-01T13:14:19.512,0.0830009579658508
53,736574.551741887,736574.551742882,1472735670.499,1472735670.58501,2016-09-01T13:14:30.499,2016-09-01T13:14:30.585,0.0860083848237991
54,736574.552617593,736574.552618623,1472735746.16,1472735746.249,2016-09-01T13:15:46.160,2016-09-01T13:15:46.249,0.0889956951141357
55,736574.554969109,736574.55496941,1472735949.331,1472735949.357,2016-09-01T13:19:09.331,2016-09-01T13:19:09.357,0.0260006636381149
56,736574.554989074,736574.55499081,1472735951.056,1472735951.206,2016-09-01T13:19:11.056,2016-09-01T13:19:11.206,0.149999186396599
57,736574.554995602,736574.554995625,1472735951.62,1472735951.622,2016-09-01T13:19:11.620,2016-09-01T13:19:11.622,0.00200159847736359
58,736574.555012373,736574.555013391,1472735953.069,1472735953.157,2016-09-01T13:19:13.069,2016-09-01T13:19:13.157,0.0879999250173569
59,736574.555020104,736574.555021146,1472735953.737,1472735953.827,2016-09-01T13:19:13.737,2016-09-01T13:19:13.827,0.0900015234947205
60,736574.555029201,736574.555030197,1472735954.523,1472735954.609,2016-09-01T13:19:14.523,2016-09-01T13:19:14.609,0.0859983265399933
61,736574.555037176,736574.555038218,1472735955.212,1472735955.302,2016-09-01T13:19:15.212,2016-09-01T13:19:15.302,0.0900015234947205
62,736574.55505566,736574.555055775,1472735956.809,1472735956.819,2016-09-01T13:19:16.809,2016-09-01T13:19:16.819,0.00999793410301208
63,736574.555071123,736574.555072037,1472735958.145,1472735958.224,2016-09-01T13:19:18.145,2016-09-01T13:19:18.224,0.0789977610111237
64,736574.555079352,736574.55508037,1472735958.856,1472735958.944,2016-09-01T13:19:18.856,2016-09-01T13:19:18.944,0.0879999250173569
65,736574.555122963,736574.555123981,1472735962.624,1472735962.712,2016-09-01T13:19:22.624,2016-09-01T13:19:22.712,0.0879999250173569
66,736574.555135833,736574.555136852,1472735963.736,1472735963.824,2016-09-01T13:19:23.736,2016-09-01T13:19:23.824,0.0879999250173569
67,736574.55515088,736574.555151944,1472735965.036,1472735965.128,2016-09-01T13:19:25.036,2016-09-01T13:19:25.128,0.0919930636882782
68,736574.555171806,736574.555172778,1472735966.844,1472735966.928,2016-09-01T13:19:26.844,2016-09-01T13:19:26.928,0.0839967280626297
69,736574.555200984,736574.555202037,1472735969.365,1472735969.45601,2016-09-01T13:19:29.365,2016-09-01T13:19:29.456,0.0910073518753052
70,736574.555247407,736574.555248241,1472735973.376,1472735973.448,2016-09-01T13:19:33.376,2016-09-01T13:19:33.448,0.071997195482254
71,736574.555252153,736574.555252211,1472735973.786,1472735973.791,2016-09-01T13:19:33.786,2016-09-01T13:19:33.791,0.00500902533531189
72,736574.555351944,736574.555352882,1472735982.408,1472735982.489,2016-09-01T13:19:42.408,2016-09-01T13:19:42.489,0.0809993594884872
73,736574.555420625,736574.555421111,1472735988.342,1472735988.384,2016-09-01T13:19:48.342,2016-09-01T13:19:48.384,0.0419933348894119
74,736574.555502593,736574.555503611,1472735995.424,1472735995.512,2016-09-01T13:19:55.424,2016-09-01T13:19:55.512,0.0879999250173569
75,736574.555511725,736574.555511852,1472735996.213,1472735996.224,2016-09-01T13:19:56.213,2016-09-01T13:19:56.224,0.010993704199791
76,736574.555556215,736574.55555625,1472736000.057,1472736000.06,2016-09-01T13:20:00.057,2016-09-01T13:20:00.060,0.0030074268579483
77,736574.555601134,736574.555602188,1472736003.938,1472736004.029,2016-09-01T13:20:03.938,2016-09-01T13:20:04.029,0.0909972935914993
78,736574.555615486,736574.55561566,1472736005.178,1472736005.193,2016-09-01T13:20:05.178,2016-09-01T13:20:05.193,0.0149969011545181
79,736574.555628438,736574.555628553,1472736006.297,1472736006.307,2016-09-01T13:20:06.297,2016-09-01T13:20:06.307,0.00999793410301208
80,736574.555745648,736574.555745741,1472736016.424,1472736016.432,2016-09-01T13:20:16.424,2016-09-01T13:20:16.432,0.00800639390945435
81,736574.555763623,736574.555763762,1472736017.977,1472736017.989,2016-09-01T13:20:17.977,2016-09-01T13:20:17.989,0.0120095908641815
82,736574.555771308,736574.555772477,1472736018.641,1472736018.742,2016-09-01T13:20:18.641,2016-09-01T13:20:18.742,0.100995227694511
83,736574.555793113,736574.555793287,1472736020.525,1472736020.54,2016-09-01T13:20:20.525,2016-09-01T13:20:20.540,0.0149969011545181
84,736574.555826643,736574.555826979,1472736023.422,1472736023.451,2016-09-01T13:20:23.422,2016-09-01T13:20:23.451,0.0290080904960632
85,736574.555860104,736574.555860579,1472736026.313,1472736026.354,2016-09-01T13:20:26.313,2016-09-01T13:20:26.354,0.0409975647926331
86,736574.555886586,736574.555887083,1472736028.601,1472736028.644,2016-09-01T13:20:28.601,2016-09-01T13:20:28.644,0.0429991632699966
87,736574.555946863,736574.555947245,1472736033.809,1472736033.842,2016-09-01T13:20:33.809,2016-09-01T13:20:33.842,0.0330012291669846
88,736574.556016667,736574.556017083,1472736039.84,1472736039.876,2016-09-01T13:20:39.840,2016-09-01T13:20:39.876,0.035998597741127
89,736574.556027037,736574.556028056,1472736040.736,1472736040.824,2016-09-01T13:20:40.736,2016-09-01T13:20:40.824,0.0879999250173569
90,736574.556180856,736574.556181285,1472736054.026,1472736054.063,2016-09-01T13:20:54.026,2016-09-01T13:20:54.063,0.0370044261217117
91,736574.556333495,736574.556334074,1472736067.214,1472736067.264,2016-09-01T13:21:07.214,2016-09-01T13:21:07.264,0.0499997287988663
92,736574.556352477,736574.556353854,1472736068.854,1472736068.973,2016-09-01T13:21:08.854,2016-09-01T13:21:08.973,0.118999555706978
93,736574.556386007,736574.556386366,1472736071.751,1472736071.782,2016-09-01T13:21:11.751,2016-09-01T13:21:11.782,0.030999630689621
94,736574.556422049,736574.556422512,1472736074.865,1472736074.905,2016-09-01T13:21:14.865,2016-09-01T13:21:14.905,0.0400017946958542
95,736574.556422245,736574.5564225,1472736074.882,1472736074.904,2016-09-01T13:21:14.882,2016-09-01T13:21:14.904,0.0220075249671936
96,736574.556449919,736574.55645044,1472736077.273,1472736077.318,2016-09-01T13:21:17.273,2016-09-01T13:21:17.318,0.0450007617473602
97,736574.556454456,736574.556455,1472736077.665,1472736077.712,2016-09-01T13:21:17.665,2016-09-01T13:21:17.712,0.046992301940918
98,736574.55645831,736574.556458391,1472736077.998,1472736078.005,2016-09-01T13:21:17.998,2016-09-01T13:21:18.005,0.00700056552886963
99,736574.556468009,736574.556468218,1472736078.836,1472736078.854,2016-09-01T13:21:18.836,2016-09-01T13:21:18.854,0.0180043280124664
100,736574.556481782,736574.556481794,1472736080.026,1472736080.027,2016-09-01T13:21:20.026,2016-09-01T13:21:20.027,0.00099577009677887
101,736574.556488808,736574.556488993,1472736080.633,1472736080.649,2016-09-01T13:21:20.633,2016-09-01T13:21:20.649,0.0160027295351028
102,736574.556501354,736574.556502315,1472736081.717,1472736081.8,2016-09-01T13:21:21.717,2016-09-01T13:21:21.800,0.0830009579658508
103,736574.55655353,736574.556554421,1472736086.225,1472736086.302,2016-09-01T13:21:26.225,2016-09-01T13:21:26.302,0.0770062208175659
104,736574.556616794,736574.55661728,1472736091.691,1472736091.733,2016-09-01T13:21:31.691,2016-09-01T13:21:31.733,0.0420033931732178
105,736574.556713021,736574.556713646,1472736100.005,1472736100.059,2016-09-01T13:21:40.005,2016-09-01T13:21:40.059,0.0540029257535934
106,736574.556781632,736574.556782002,1472736105.933,1472736105.965,2016-09-01T13:21:45.933,2016-09-01T13:21:45.965,0.0320054590702057
107,736574.556840602,736574.556841435,1472736111.028,1472736111.1,2016-09-01T13:21:51.028,2016-09-01T13:21:51.100,0.071997195482254
108,736574.556850567,736574.556851204,1472736111.889,1472736111.944,2016-09-01T13:21:51.889,2016-09-01T13:21:51.944,0.0549986958503723
109,736574.556874363,736574.556874537,1472736113.945,1472736113.96,2016-09-01T13:21:53.945,2016-09-01T13:21:53.960,0.0149969011545181
110,736574.556879537,736574.55688125,1472736114.392,1472736114.54,2016-09-01T13:21:54.392,2016-09-01T13:21:54.540,0.147997587919235
111,736574.556885532,736574.556885648,1472736114.91,1472736114.92,2016-09-01T13:21:54.910,2016-09-01T13:21:54.920,0.00999793410301208
112,736574.556890417,736574.55689044,1472736115.332,1472736115.334,2016-09-01T13:21:55.332,2016-09-01T13:21:55.334,0.00200159847736359
113,736574.556893808,736574.556893866,1472736115.625,1472736115.63,2016-09-01T13:21:55.625,2016-09-01T13:21:55.630,0.00499896705150604
114,736574.556896759,736574.556896898,1472736115.88,1472736115.892,2016-09-01T13:21:55.880,2016-09-01T13:21:55.892,0.0119995325803757
115,736574.556902836,736574.556903218,1472736116.405,1472736116.438,2016-09-01T13:21:56.405,2016-09-01T13:21:56.438,0.0330012291669846
116,736574.556912002,736574.556912234,1472736117.197,1472736117.217,2016-09-01T13:21:57.197,2016-09-01T13:21:57.217,0.02000592648983
117,736574.556926991,736574.556927442,1472736118.492,1472736118.531,2016-09-01T13:21:58.492,2016-09-01T13:21:58.531,0.0389959663152695
118,736574.556943889,736574.556944317,1472736119.952,1472736119.989,2016-09-01T13:21:59.952,2016-09-01T13:21:59.989,0.0370044261217117
119,736574.556964306,736574.556964769,1472736121.716,1472736121.756,2016-09-01T13:22:01.716,2016-09-01T13:22:01.756,0.0400017946958542
120,736574.556977546,736574.556977593,1472736122.86,1472736122.864,2016-09-01T13:22:02.860,2016-09-01T13:22:02.864,0.00400319695472717
121,736574.556985093,736574.556985914,1472736123.512,1472736123.583,2016-09-01T13:22:03.512,2016-09-01T13:22:03.583,0.0710014253854752
122,736574.557004907,736574.557005926,1472736125.224,1472736125.312,2016-09-01T13:22:05.224,2016-09-01T13:22:05.312,0.0879999250173569
123,736574.557014931,736574.557015139,1472736126.09,1472736126.108,2016-09-01T13:22:06.090,2016-09-01T13:22:06.108,0.0180043280124664
124,736574.557021412,736574.557021505,1472736126.65,1472736126.658,2016-09-01T13:22:06.650,2016-09-01T13:22:06.658,0.0079963356256485
125,736574.557030382,736574.557030729,1472736127.425,1472736127.455,2016-09-01T13:22:07.425,2016-09-01T13:22:07.455,0.0299938023090363
126,736574.557040347,736574.557040799,1472736128.286,1472736128.325,2016-09-01T13:22:08.286,2016-09-01T13:22:08.325,0.0389959663152695
127,736574.55706706,736574.5570675,1472736130.594,1472736130.632,2016-09-01T13:22:10.594,2016-09-01T13:22:10.632,0.0380001962184906
128,736574.557074514,736574.557074537,1472736131.238,1472736131.24,2016-09-01T13:22:11.238,2016-09-01T13:22:11.240,0.00200159847736359
129,736574.557111736,736574.557112604,1472736134.454,1472736134.529,2016-09-01T13:22:14.454,2016-09-01T13:22:14.529,0.0749945640563965
130,736574.55727875,736574.557279213,1472736148.884,1472736148.924,2016-09-01T13:22:28.884,2016-09-01T13:22:28.924,0.0400017946958542
131,736574.557287963,736574.557288264,1472736149.68,1472736149.706,2016-09-01T13:22:29.680,2016-09-01T13:22:29.706,0.0260006636381149
132,736574.557290775,736574.557291042,1472736149.923,1472736149.946,2016-09-01T13:22:29.923,2016-09-01T13:22:29.946,0.0230032950639725
133,736574.557392512,736574.557393611,1472736158.713,1472736158.808,2016-09-01T13:22:38.713,2016-09-01T13:22:38.808,0.0950004905462265
134,736574.557409583,736574.557409699,1472736160.188,1472736160.198,2016-09-01T13:22:40.188,2016-09-01T13:22:40.198,0.00999793410301208
135,736574.557418368,736574.557418866,1472736160.947,1472736160.99,2016-09-01T13:22:40.947,2016-09-01T13:22:40.990,0.0429991632699966
136,736574.557441215,736574.557441782,1472736162.921,1472736162.97,2016-09-01T13:22:42.921,2016-09-01T13:22:42.970,0.0490039587020874
137,736574.557465972,736574.557466447,1472736165.06,1472736165.101,2016-09-01T13:22:45.060,2016-09-01T13:22:45.101,0.0409975647926331
138,736574.557500984,736574.557502037,1472736168.085,1472736168.176,2016-09-01T13:22:48.085,2016-09-01T13:22:48.176,0.0909972935914993
139,736574.557575324,736574.557575613,1472736174.508,1472736174.533,2016-09-01T13:22:54.508,2016-09-01T13:22:54.533,0.0249948352575302
140,736574.557621157,736574.557621586,1472736178.468,1472736178.505,2016-09-01T13:22:58.468,2016-09-01T13:22:58.505,0.0370044261217117
141,736574.55768162,736574.557682176,1472736183.692,1472736183.74,2016-09-01T13:23:03.692,2016-09-01T13:23:03.740,0.0479981303215027
142,736574.557733148,736574.557733495,1472736188.144,1472736188.174,2016-09-01T13:23:08.144,2016-09-01T13:23:08.174,0.0300038605928421
143,736574.557781806,736574.55778228,1472736192.348,1472736192.389,2016-09-01T13:23:12.348,2016-09-01T13:23:12.389,0.0410076230764389
144,736574.557902546,736574.557902847,1472736202.78,1472736202.806,2016-09-01T13:23:22.780,2016-09-01T13:23:22.806,0.0260006636381149
145,736574.558105185,736574.558105417,1472736220.288,1472736220.308,2016-09-01T13:23:40.288,2016-09-01T13:23:40.308,0.02000592648983
146,736574.558125787,736574.558126227,1472736222.068,1472736222.106,2016-09-01T13:23:42.068,2016-09-01T13:23:42.106,0.0380001962184906
147,736574.558536238,736574.558536713,1472736257.531,1472736257.572,2016-09-01T13:24:17.531,2016-09-01T13:24:17.572,0.0410076230764389
148,736574.55892169,736574.558922662,1472736290.834,1472736290.918,2016-09-01T13:24:50.834,2016-09-01T13:24:50.918,0.0839967280626297
149,736574.558930139,736574.558930938,1472736291.564,1472736291.633,2016-09-01T13:24:51.564,2016-09-01T13:24:51.633,0.0689998269081116
150,736574.559254178,736574.559254502,1472736319.561,1472736319.589,2016-09-01T13:25:19.561,2016-09-01T13:25:19.589,0.0280022621154785
151,736574.562444074,736574.562444873,1472736595.168,1472736595.237,2016-09-01T13:29:55.168,2016-09-01T13:29:55.237,0.0689998269081116
152,736574.562994491,736574.562995498,1472736642.724,1472736642.811,2016-09-01T13:30:42.724,2016-09-01T13:30:42.811,0.087004154920578
153,736574.5642589,736574.564259861,1472736751.969,1472736752.052,2016-09-01T13:32:31.969,2016-09-01T13:32:32.052,0.0830009579658508
154,736574.564951262,736574.56495191,1472736811.789,1472736811.845,2016-09-01T13:33:31.789,2016-09-01T13:33:31.845,0.0559944659471512
155,736574.565156366,736574.565156944,1472736829.51,1472736829.56,2016-09-01T13:33:49.510,2016-09-01T13:33:49.560,0.0499997287988663
156,736574.565212917,736574.565213333,1472736834.396,1472736834.432,2016-09-01T13:33:54.396,2016-09-01T13:33:54.432,0.035998597741127
157,736574.565363623,736574.565363958,1472736847.417,1472736847.446,2016-09-01T13:34:07.417,2016-09-01T13:34:07.446,0.0289980322122574
