pickIndex,arid,matlabDatenum,arrivalTimeEpochS,arrivalTimeUTC,network,station,location,channel,seedId,phase,amplitude,signalToNoise,timeUncertaintyS,channelInfoText,channelParseSucceeded,isDeleted,isInfrasoundPhase,isSeismicPhase,isUnclassifiedPhase,isInfrasoundChannel,isSeismicChannel,eventNumber,associationMethod,associationTimeResidualS,associationAmbiguous,eventFirstArrivalDatenum,eventLastArrivalDatenum,eventFirstArrivalEpochS,eventLastArrivalEpochS,eventFirstArrivalUTC,eventLastArrivalUTC,timeFromEventFirstArrivalS
1,450,736573.00776184,1472602270.623,2016-08-31T00:11:10.623,,BCHH,10,HD1,.BCHH.10.HD1,N,-1,-1,NaN,.BCHH..HD1_10,1,0,1,0,0,1,0,NaN,,NaN,0,NaN,NaN,NaN,NaN,NaT,NaT,NaN
2,451,736573.008416343,1472602327.172,2016-08-31T00:12:07.172,,BCHH,10,HD1,.BCHH.10.HD1,N,-1,-1,NaN,.BCHH..HD1_10,1,0,1,0,0,1,0,NaN,,NaN,0,NaN,NaN,NaN,NaN,NaT,NaT,NaN
3,619,736573.241055729,1472622427.215,2016-08-31T05:47:07.215,,BCHH,00,HHZ,.BCHH.00.HHZ,,-1,-1,NaN,.BCHH..HHZ_00,1,0,0,0,1,0,1,NaN,,NaN,0,NaN,NaN,NaN,NaN,NaT,NaT,NaN
4,620,736573.241097315,1472622430.808,2016-08-31T05:47:10.808,,BCHH,00,HHZ,.BCHH.00.HHZ,,-1,-1,NaN,.BCHH..HHZ_00,1,0,0,0,1,0,1,NaN,,NaN,0,NaN,NaN,NaN,NaN,NaT,NaT,NaN
5,618,736573.287692685,1472626456.648,2016-08-31T06:54:16.648,,BCHH,00,HHZ,.BCHH.00.HHZ,del,-1,-1,NaN,.BCHH..HHZ_00,1,1,0,0,0,0,1,NaN,,NaN,0,NaN,NaN,NaN,NaN,NaT,NaT,NaN
6,617,736573.293933322,1472626995.839,2016-08-31T07:03:15.839,,BCHH,00,HHZ,.BCHH.00.HHZ,,-1,-1,NaN,.BCHH..HHZ_00,1,0,0,0,1,0,1,NaN,,NaN,0,NaN,NaN,NaN,NaN,NaT,NaT,NaN
7,621,736573.307443762,1472628163.141,2016-08-31T07:22:43.141,,BCHH,00,HHZ,.BCHH.00.HHZ,,-1,-1,NaN,.BCHH..HHZ_00,1,0,0,0,1,0,1,NaN,,NaN,0,NaN,NaN,NaN,NaN,NaT,NaT,NaN
8,616,736573.307445301,1472628163.274,2016-08-31T07:22:43.274,,BCHH,00,HHZ,.BCHH.00.HHZ,del,-1,-1,NaN,.BCHH..HHZ_00,1,1,0,0,0,0,1,NaN,,NaN,0,NaN,NaN,NaN,NaN,NaT,NaT,NaN
9,614,736573.310650266,1472628440.183,2016-08-31T07:27:20.183,,BCHH,00,HHZ,.BCHH.00.HHZ,del,-1,-1,NaN,.BCHH..HHZ_00,1,1,0,0,0,0,1,NaN,,NaN,0,NaN,NaN,NaN,NaN,NaT,NaT,NaN
10,615,736573.310780961,1472628451.475,2016-08-31T07:27:31.475,,BCHH,00,HHZ,.BCHH.00.HHZ,del,-1,-1,NaN,.BCHH..HHZ_00,1,1,0,0,0,0,1,NaN,,NaN,0,NaN,NaN,NaN,NaN,NaT,NaT,NaN
11,622,736573.314418993,1472628765.801,2016-08-31T07:32:45.801,,BCHH,00,HHZ,.BCHH.00.HHZ,,-1,-1,NaN,.BCHH..HHZ_00,1,0,0,0,1,0,1,NaN,,NaN,0,NaN,NaN,NaN,NaN,NaT,NaT,NaN
12,613,736573.314669109,1472628787.411,2016-08-31T07:33:07.411,,BCHH,00,HHZ,.BCHH.00.HHZ,del,-1,-1,NaN,.BCHH..HHZ_00,1,1,0,0,0,0,1,NaN,,NaN,0,NaN,NaN,NaN,NaN,NaT,NaT,NaN
13,623,736573.360156551,1472632717.526,2016-08-31T08:38:37.526,,BCHH,00,HHZ,.BCHH.00.HHZ,,-1,-1,NaN,.BCHH..HHZ_00,1,0,0,0,1,0,1,NaN,,NaN,0,NaN,NaN,NaN,NaN,NaT,NaT,NaN
14,624,736573.383772674,1472634757.959,2016-08-31T09:12:37.959,,BCHH,00,HHZ,.BCHH.00.HHZ,,-1,-1,NaN,.BCHH..HHZ_00,1,0,0,0,1,0,1,NaN,,NaN,0,NaN,NaN,NaN,NaN,NaT,NaT,NaN
15,612,736573.386996354,1472635036.485,2016-08-31T09:17:16.485,,BCHH,00,HHZ,.BCHH.00.HHZ,del,-1,-1,NaN,.BCHH..HHZ_00,1,1,0,0,0,0,1,NaN,,NaN,0,NaN,NaN,NaN,NaN,NaT,NaT,NaN
16,609,736573.391197407,1472635399.456,2016-08-31T09:23:19.456,,BCHH,00,HHZ,.BCHH.00.HHZ,,-1,-1,NaN,.BCHH..HHZ_00,1,0,0,0,1,0,1,NaN,,NaN,0,NaN,NaN,NaN,NaN,NaT,NaT,NaN
17,610,736573.391238113,1472635402.973,2016-08-31T09:23:22.973,,BCHH,00,HHZ,.BCHH.00.HHZ,del,-1,-1,NaN,.BCHH..HHZ_00,1,1,0,0,0,0,1,NaN,,NaN,0,NaN,NaN,NaN,NaN,NaT,NaT,NaN
18,611,736573.391318553,1472635409.923,2016-08-31T09:23:29.923,,BCHH,00,HHZ,.BCHH.00.HHZ,del,-1,-1,NaN,.BCHH..HHZ_00,1,1,0,0,0,0,1,NaN,,NaN,0,NaN,NaN,NaN,NaN,NaT,NaT,NaN
19,606,736573.426089051,1472638414.094,2016-08-31T10:13:34.094,,BCHH,00,HHZ,.BCHH.00.HHZ,,-1,-1,NaN,.BCHH..HHZ_00,1,0,0,0,1,0,1,NaN,,NaN,0,NaN,NaN,NaN,NaN,NaT,NaT,NaN
20,607,736573.426378715,1472638439.121,2016-08-31T10:13:59.121,,BCHH,00,HHZ,.BCHH.00.HHZ,del,-1,-1,NaN,.BCHH..HHZ_00,1,1,0,0,0,0,1,NaN,,NaN,0,NaN,NaN,NaN,NaN,NaT,NaT,NaN
21,608,736573.426445139,1472638444.86,2016-08-31T10:14:04.860,,BCHH,00,HHZ,.BCHH.00.HHZ,del,-1,-1,NaN,.BCHH..HHZ_00,1,1,0,0,0,0,1,NaN,,NaN,0,NaN,NaN,NaN,NaN,NaT,NaT,NaN
22,605,736573.439276308,1472639553.473,2016-08-31T10:32:33.473,,BCHH,00,HHZ,.BCHH.00.HHZ,del,-1,-1,NaN,.BCHH..HHZ_00,1,1,0,0,0,0,1,NaN,,NaN,0,NaN,NaN,NaN,NaN,NaT,NaT,NaN
23,604,736573.444723854,1472640024.141,2016-08-31T10:40:24.141,,BCHH,00,HHZ,.BCHH.00.HHZ,del,-1,-1,NaN,.BCHH..HHZ_00,1,1,0,0,0,0,1,NaN,,NaN,0,NaN,NaN,NaN,NaN,NaT,NaT,NaN
24,601,736573.449526053,1472640439.051,2016-08-31T10:47:19.051,,BCHH,00,HHZ,.BCHH.00.HHZ,,-1,-1,NaN,.BCHH..HHZ_00,1,0,0,0,1,0,1,NaN,,NaN,0,NaN,NaN,NaN,NaN,NaT,NaT,NaN
25,602,736573.451319757,1472640594.027,2016-08-31T10:49:54.027,,BCHH,00,HHZ,.BCHH.00.HHZ,del,-1,-1,NaN,.BCHH..HHZ_00,1,1,0,0,0,0,1,NaN,,NaN,0,NaN,NaN,NaN,NaN,NaT,NaT,NaN
26,603,736573.452249826,1472640674.385,2016-08-31T10:51:14.385,,BCHH,00,HHZ,.BCHH.00.HHZ,del,-1,-1,NaN,.BCHH..HHZ_00,1,1,0,0,0,0,1,NaN,,NaN,0,NaN,NaN,NaN,NaN,NaT,NaT,NaN
27,625,736573.453857095,1472640813.253,2016-08-31T10:53:33.253,,BCHH,00,HHZ,.BCHH.00.HHZ,,-1,-1,NaN,.BCHH..HHZ_00,1,0,0,0,1,0,1,NaN,,NaN,0,NaN,NaN,NaN,NaN,NaT,NaT,NaN
28,600,736573.453967604,1472640822.801,2016-08-31T10:53:42.801,,BCHH,00,HHZ,.BCHH.00.HHZ,del,-1,-1,NaN,.BCHH..HHZ_00,1,1,0,0,0,0,1,NaN,,NaN,0,NaN,NaN,NaN,NaN,NaT,NaT,NaN
29,598,736573.456681887,1472641057.315,2016-08-31T10:57:37.315,,BCHH,00,HHN,.BCHH.00.HHN,del,-1,-1,NaN,.BCHH..HHN_00,1,1,0,0,0,0,1,NaN,,NaN,0,NaN,NaN,NaN,NaN,NaT,NaT,NaN
30,599,736573.456710359,1472641059.775,2016-08-31T10:57:39.775,,BCHH,00,HHZ,.BCHH.00.HHZ,,-1,-1,NaN,.BCHH..HHZ_00,1,0,0,0,1,0,1,NaN,,NaN,0,NaN,NaN,NaN,NaN,NaT,NaT,NaN
31,597,736573.466476088,1472641903.534,2016-08-31T11:11:43.534,,BCHH,00,HHZ,.BCHH.00.HHZ,,-1,-1,NaN,.BCHH..HHZ_00,1,0,0,0,1,0,1,NaN,,NaN,0,NaN,NaN,NaN,NaN,NaT,NaT,NaN
32,594,736573.471012824,1472642295.508,2016-08-31T11:18:15.508,,BCHH,00,HHZ,.BCHH.00.HHZ,,-1,-1,NaN,.BCHH..HHZ_00,1,0,0,0,1,0,1,NaN,,NaN,0,NaN,NaN,NaN,NaN,NaT,NaT,NaN
33,626,736573.485295428,1472643529.525,2016-08-31T11:38:49.525,,BCHH,00,HHZ,.BCHH.00.HHZ,,-1,-1,NaN,.BCHH..HHZ_00,1,0,0,0,1,0,1,NaN,,NaN,0,NaN,NaN,NaN,NaN,NaT,NaT,NaN
34,595,736573.488607951,1472643815.727,2016-08-31T11:43:35.727,,BCHH,00,HHZ,.BCHH.00.HHZ,del,-1,-1,NaN,.BCHH..HHZ_00,1,1,0,0,0,0,1,NaN,,NaN,0,NaN,NaN,NaN,NaN,NaT,NaT,NaN
35,627,736573.489845937,1472643922.689,2016-08-31T11:45:22.689,,BCHH,00,HHZ,.BCHH.00.HHZ,,-1,-1,NaN,.BCHH..HHZ_00,1,0,0,0,1,0,1,NaN,,NaN,0,NaN,NaN,NaN,NaN,NaT,NaT,NaN
36,596,736573.489851204,1472643923.144,2016-08-31T11:45:23.144,,BCHH,00,HHZ,.BCHH.00.HHZ,del,-1,-1,NaN,.BCHH..HHZ_00,1,1,0,0,0,0,1,NaN,,NaN,0,NaN,NaN,NaN,NaN,NaT,NaT,NaN
37,629,736573.495874526,1472644443.559,2016-08-31T11:54:03.559,,BCHH,00,HHZ,.BCHH.00.HHZ,,-1,-1,NaN,.BCHH..HHZ_00,1,0,0,0,1,0,1,NaN,,NaN,0,NaN,NaN,NaN,NaN,NaT,NaT,NaN
38,630,736573.496389363,1472644488.041,2016-08-31T11:54:48.041,,BCHH,00,HHZ,.BCHH.00.HHZ,,-1,-1,NaN,.BCHH..HHZ_00,1,0,0,0,1,0,1,NaN,,NaN,0,NaN,NaN,NaN,NaN,NaT,NaT,NaN
39,628,736573.500175914,1472644815.199,2016-08-31T12:00:15.199,,BCHH,00,HHZ,.BCHH.00.HHZ,,-1,-1,NaN,.BCHH..HHZ_00,1,0,0,0,1,0,1,NaN,,NaN,0,NaN,NaN,NaN,NaN,NaT,NaT,NaN
40,593,736573.511024514,1472645752.518,2016-08-31T12:15:52.518,,BCHH,00,HHZ,.BCHH.00.HHZ,,-1,-1,NaN,.BCHH..HHZ_00,1,0,0,0,1,0,1,NaN,,NaN,0,NaN,NaN,NaN,NaN,NaT,NaT,NaN
41,592,736573.51765838,1472646325.684,2016-08-31T12:25:25.684,,BCHH,00,HHZ,.BCHH.00.HHZ,del,-1,-1,NaN,.BCHH..HHZ_00,1,1,0,0,0,0,1,NaN,,NaN,0,NaN,NaN,NaN,NaN,NaT,NaT,NaN
42,633,736573.524456354,1472646913.029,2016-08-31T12:35:13.029,,BCHH,00,HHZ,.BCHH.00.HHZ,,-1,-1,NaN,.BCHH..HHZ_00,1,0,0,0,1,0,1,NaN,,NaN,0,NaN,NaN,NaN,NaN,NaT,NaT,NaN
43,591,736573.528040995,1472647222.742,2016-08-31T12:40:22.742,,BCHH,00,HHZ,.BCHH.00.HHZ,,-1,-1,NaN,.BCHH..HHZ_00,1,0,0,0,1,0,1,NaN,,NaN,0,NaN,NaN,NaN,NaN,NaT,NaT,NaN
44,631,736573.530617801,1472647445.378,2016-08-31T12:44:05.378,,BCHH,00,HHZ,.BCHH.00.HHZ,,-1,-1,NaN,.BCHH..HHZ_00,1,0,0,0,1,0,1,NaN,,NaN,0,NaN,NaN,NaN,NaN,NaT,NaT,NaN
45,632,736573.533474317,1472647692.181,2016-08-31T12:48:12.181,,BCHH,00,HHZ,.BCHH.00.HHZ,,-1,-1,NaN,.BCHH..HHZ_00,1,0,0,0,1,0,1,NaN,,NaN,0,NaN,NaN,NaN,NaN,NaT,NaT,NaN
46,590,736573.553238287,1472649399.788,2016-08-31T13:16:39.788,,BCHH,00,HHZ,.BCHH.00.HHZ,,-1,-1,NaN,.BCHH..HHZ_00,1,0,0,0,1,0,1,NaN,,NaN,0,NaN,NaN,NaN,NaN,NaT,NaT,NaN
47,587,736573.561014641,1472650071.665,2016-08-31T13:27:51.665,,BCHH,00,HHZ,.BCHH.00.HHZ,,-1,-1,NaN,.BCHH..HHZ_00,1,0,0,0,1,0,1,NaN,,NaN,0,NaN,NaN,NaN,NaN,NaT,NaT,NaN
48,586,736573.561055046,1472650075.156,2016-08-31T13:27:55.156,,BCHH,00,HHZ,.BCHH.00.HHZ,del,-1,-1,NaN,.BCHH..HHZ_00,1,1,0,0,0,0,1,NaN,,NaN,0,NaN,NaN,NaN,NaN,NaT,NaT,NaN
49,588,736573.561112106,1472650080.086,2016-08-31T13:28:00.086,,BCHH,00,HHZ,.BCHH.00.HHZ,del,-1,-1,NaN,.BCHH..HHZ_00,1,1,0,0,0,0,1,NaN,,NaN,0,NaN,NaN,NaN,NaN,NaT,NaT,NaN
50,589,736573.561159838,1472650084.21,2016-08-31T13:28:04.210,,BCHH,00,HHZ,.BCHH.00.HHZ,del,-1,-1,NaN,.BCHH..HHZ_00,1,1,0,0,0,0,1,NaN,,NaN,0,NaN,NaN,NaN,NaN,NaT,NaT,NaN
51,585,736573.572843634,1472651093.69,2016-08-31T13:44:53.690,,BCHH,00,HHZ,.BCHH.00.HHZ,,-1,-1,NaN,.BCHH..HHZ_00,1,0,0,0,1,0,1,NaN,,NaN,0,NaN,NaN,NaN,NaN,NaT,NaT,NaN
52,581,736573.584986481,1472652142.832,2016-08-31T14:02:22.832,,BCHH,00,HHZ,.BCHH.00.HHZ,,-1,-1,NaN,.BCHH..HHZ_00,1,0,0,0,1,0,1,NaN,,NaN,0,NaN,NaN,NaN,NaN,NaT,NaT,NaN
53,580,736573.585035347,1472652147.054,2016-08-31T14:02:27.054,,BCHH,00,HHZ,.BCHH.00.HHZ,del,-1,-1,NaN,.BCHH..HHZ_00,1,1,0,0,0,0,1,NaN,,NaN,0,NaN,NaN,NaN,NaN,NaT,NaT,NaN
54,582,736573.586379132,1472652263.157,2016-08-31T14:04:23.157,,BCHH,00,HHZ,.BCHH.00.HHZ,,-1,-1,NaN,.BCHH..HHZ_00,1,0,0,0,1,0,1,NaN,,NaN,0,NaN,NaN,NaN,NaN,NaT,NaT,NaN
55,583,736573.592206227,1472652766.618,2016-08-31T14:12:46.618,,BCHH,00,HHZ,.BCHH.00.HHZ,del,-1,-1,NaN,.BCHH..HHZ_00,1,1,0,0,0,0,1,NaN,,NaN,0,NaN,NaN,NaN,NaN,NaT,NaT,NaN
56,584,736573.592780394,1472652816.226,2016-08-31T14:13:36.226,,BCHH,00,HHZ,.BCHH.00.HHZ,del,-1,-1,NaN,.BCHH..HHZ_00,1,1,0,0,0,0,1,NaN,,NaN,0,NaN,NaN,NaN,NaN,NaT,NaT,NaN
57,635,736573.603525521,1472653744.605,2016-08-31T14:29:04.605,,BCHH,00,HHZ,.BCHH.00.HHZ,,-1,-1,NaN,.BCHH..HHZ_00,1,0,0,0,1,0,1,NaN,,NaN,0,NaN,NaN,NaN,NaN,NaT,NaT,NaN
58,634,736573.604455556,1472653824.96,2016-08-31T14:30:24.960,,BCHH,00,HHZ,.BCHH.00.HHZ,,-1,-1,NaN,.BCHH..HHZ_00,1,0,0,0,1,0,1,NaN,,NaN,0,NaN,NaN,NaN,NaN,NaT,NaT,NaN
59,578,736573.604568981,1472653834.76,2016-08-31T14:30:34.760,,BCHH,00,HHZ,.BCHH.00.HHZ,del,-1,-1,NaN,.BCHH..HHZ_00,1,1,0,0,0,0,1,NaN,,NaN,0,NaN,NaN,NaN,NaN,NaT,NaT,NaN
60,579,736573.610029595,1472654306.557,2016-08-31T14:38:26.557,,BCHH,00,HHZ,.BCHH.00.HHZ,,-1,-1,NaN,.BCHH..HHZ_00,1,0,0,0,1,0,1,NaN,,NaN,0,NaN,NaN,NaN,NaN,NaT,NaT,NaN
61,575,736573.637125023,1472656647.602,2016-08-31T15:17:27.602,,BCHH,00,HHZ,.BCHH.00.HHZ,,-1,-1,NaN,.BCHH..HHZ_00,1,0,0,0,1,0,1,NaN,,NaN,0,NaN,NaN,NaN,NaN,NaT,NaT,NaN
62,576,736573.638029016,1472656725.707,2016-08-31T15:18:45.707,,BCHH,00,HHZ,.BCHH.00.HHZ,del,-1,-1,NaN,.BCHH..HHZ_00,1,1,0,0,0,0,1,NaN,,NaN,0,NaN,NaN,NaN,NaN,NaT,NaT,NaN
63,577,736573.638346632,1472656753.149,2016-08-31T15:19:13.149,,BCHH,00,HHZ,.BCHH.00.HHZ,del,-1,-1,NaN,.BCHH..HHZ_00,1,1,0,0,0,0,1,NaN,,NaN,0,NaN,NaN,NaN,NaN,NaT,NaT,NaN
64,636,736573.640610475,1472656948.745,2016-08-31T15:22:28.745,,BCHH,00,HHZ,.BCHH.00.HHZ,,-1,-1,NaN,.BCHH..HHZ_00,1,0,0,0,1,0,1,NaN,,NaN,0,NaN,NaN,NaN,NaN,NaT,NaT,NaN
65,573,736573.6427811,1472657136.287,2016-08-31T15:25:36.287,,BCHH,00,HHZ,.BCHH.00.HHZ,,-1,-1,NaN,.BCHH..HHZ_00,1,0,0,0,1,0,1,NaN,,NaN,0,NaN,NaN,NaN,NaN,NaT,NaT,NaN
66,574,736573.644063796,1472657247.112,2016-08-31T15:27:27.112,,BCHH,00,HHZ,.BCHH.00.HHZ,,-1,-1,NaN,.BCHH..HHZ_00,1,0,0,0,1,0,1,NaN,,NaN,0,NaN,NaN,NaN,NaN,NaT,NaT,NaN
67,572,736573.647704201,1472657561.643,2016-08-31T15:32:41.643,,BCHH,00,HHZ,.BCHH.00.HHZ,del,-1,-1,NaN,.BCHH..HHZ_00,1,1,0,0,0,0,1,NaN,,NaN,0,NaN,NaN,NaN,NaN,NaT,NaT,NaN
68,571,736573.650245162,1472657781.182,2016-08-31T15:36:21.182,,BCHH,00,HHZ,.BCHH.00.HHZ,,-1,-1,NaN,.BCHH..HHZ_00,1,0,0,0,1,0,1,NaN,,NaN,0,NaN,NaN,NaN,NaN,NaT,NaT,NaN
69,569,736573.653335857,1472658048.218,2016-08-31T15:40:48.218,,BCHH,00,HHZ,.BCHH.00.HHZ,,-1,-1,NaN,.BCHH..HHZ_00,1,0,0,0,1,0,1,NaN,,NaN,0,NaN,NaN,NaN,NaN,NaT,NaT,NaN
70,570,736573.653384711,1472658052.439,2016-08-31T15:40:52.439,,BCHH,00,HHZ,.BCHH.00.HHZ,,-1,-1,NaN,.BCHH..HHZ_00,1,0,0,0,1,0,1,NaN,,NaN,0,NaN,NaN,NaN,NaN,NaT,NaT,NaN
71,568,736573.659969225,1472658621.341,2016-08-31T15:50:21.341,,BCHH,00,HHZ,.BCHH.00.HHZ,del,-1,-1,NaN,.BCHH..HHZ_00,1,1,0,0,0,0,1,NaN,,NaN,0,NaN,NaN,NaN,NaN,NaT,NaT,NaN
72,565,736573.664843461,1472659042.475,2016-08-31T15:57:22.475,,BCHH,00,HHZ,.BCHH.00.HHZ,,-1,-1,NaN,.BCHH..HHZ_00,1,0,0,0,1,0,1,NaN,,NaN,0,NaN,NaN,NaN,NaN,NaT,NaT,NaN
73,566,736573.666675891,1472659200.797,2016-08-31T16:00:00.797,,BCHH,00,HHZ,.BCHH.00.HHZ,del,-1,-1,NaN,.BCHH..HHZ_00,1,1,0,0,0,0,1,NaN,,NaN,0,NaN,NaN,NaN,NaN,NaT,NaT,NaN
74,567,736573.668557176,1472659363.34,2016-08-31T16:02:43.340,,BCHH,00,HHZ,.BCHH.00.HHZ,del,-1,-1,NaN,.BCHH..HHZ_00,1,1,0,0,0,0,1,NaN,,NaN,0,NaN,NaN,NaN,NaN,NaT,NaT,NaN
75,637,736573.681897176,1472660515.916,2016-08-31T16:21:55.916,,BCHH,00,HHZ,.BCHH.00.HHZ,,-1,-1,NaN,.BCHH..HHZ_00,1,0,0,0,1,0,1,NaN,,NaN,0,NaN,NaN,NaN,NaN,NaT,NaT,NaN
76,564,736573.681909433,1472660516.975,2016-08-31T16:21:56.975,,BCHH,00,HHZ,.BCHH.00.HHZ,del,-1,-1,NaN,.BCHH..HHZ_00,1,1,0,0,0,0,1,NaN,,NaN,0,NaN,NaN,NaN,NaN,NaT,NaT,NaN
77,563,736573.686551563,1472660918.055,2016-08-31T16:28:38.055,,BCHH,00,HHZ,.BCHH.00.HHZ,,-1,-1,NaN,.BCHH..HHZ_00,1,0,0,0,1,0,1,NaN,,NaN,0,NaN,NaN,NaN,NaN,NaT,NaT,NaN
78,562,736573.688677176,1472661101.708,2016-08-31T16:31:41.708,,BCHH,00,HHZ,.BCHH.00.HHZ,del,-1,-1,NaN,.BCHH..HHZ_00,1,1,0,0,0,0,1,NaN,,NaN,0,NaN,NaN,NaN,NaN,NaT,NaT,NaN
79,561,736573.694198877,1472661578.783,2016-08-31T16:39:38.783,,BCHH,00,HHZ,.BCHH.00.HHZ,,-1,-1,NaN,.BCHH..HHZ_00,1,0,0,0,1,0,1,NaN,,NaN,0,NaN,NaN,NaN,NaN,NaT,NaT,NaN
80,555,736573.702469213,1472662293.34,2016-08-31T16:51:33.340,,BCHH,00,HHZ,.BCHH.00.HHZ,,-1,-1,NaN,.BCHH..HHZ_00,1,0,0,0,1,0,1,NaN,,NaN,0,NaN,NaN,NaN,NaN,NaT,NaT,NaN
81,554,736573.702518079,1472662297.562,2016-08-31T16:51:37.562,,BCHH,00,HHZ,.BCHH.00.HHZ,,-1,-1,NaN,.BCHH..HHZ_00,1,0,0,0,1,0,1,NaN,,NaN,0,NaN,NaN,NaN,NaN,NaT,NaT,NaN
82,556,736573.708833819,1472662843.242,2016-08-31T17:00:43.242,,BCHH,00,HHZ,.BCHH.00.HHZ,del,-1,-1,NaN,.BCHH..HHZ_00,1,1,0,0,0,0,1,NaN,,NaN,0,NaN,NaN,NaN,NaN,NaT,NaT,NaN
83,557,736573.711252627,1472663052.227,2016-08-31T17:04:12.227,,BCHH,00,HHZ,.BCHH.00.HHZ,del,-1,-1,NaN,.BCHH..HHZ_00,1,1,0,0,0,0,1,NaN,,NaN,0,NaN,NaN,NaN,NaN,NaT,NaT,NaN
84,558,736573.712119965,1472663127.165,2016-08-31T17:05:27.165,,BCHH,00,HHZ,.BCHH.00.HHZ,del,-1,-1,NaN,.BCHH..HHZ_00,1,1,0,0,0,0,1,NaN,,NaN,0,NaN,NaN,NaN,NaN,NaT,NaT,NaN
85,559,736573.713402662,1472663237.99,2016-08-31T17:07:17.990,,BCHH,00,HHZ,.BCHH.00.HHZ,del,-1,-1,NaN,.BCHH..HHZ_00,1,1,0,0,0,0,1,NaN,,NaN,0,NaN,NaN,NaN,NaN,NaT,NaT,NaN
86,553,736573.716542211,1472663509.247,2016-08-31T17:11:49.247,,BCHH,00,HHZ,.BCHH.00.HHZ,del,-1,-1,NaN,.BCHH..HHZ_00,1,1,0,0,0,0,1,NaN,,NaN,0,NaN,NaN,NaN,NaN,NaT,NaT,NaN
87,560,736573.719828357,1472663793.17,2016-08-31T17:16:33.170,,BCHH,00,HHZ,.BCHH.00.HHZ,del,-1,-1,NaN,.BCHH..HHZ_00,1,1,0,0,0,0,1,NaN,,NaN,0,NaN,NaN,NaN,NaN,NaT,NaT,NaN
88,551,736573.720317002,1472663835.389,2016-08-31T17:17:15.389,,BCHH,00,HHZ,.BCHH.00.HHZ,,-1,-1,NaN,.BCHH..HHZ_00,1,0,0,0,1,0,1,NaN,,NaN,0,NaN,NaN,NaN,NaN,NaT,NaT,NaN
89,552,736573.720426956,1472663844.88899,2016-08-31T17:17:24.888,,BCHH,00,HHZ,.BCHH.00.HHZ,del,-1,-1,NaN,.BCHH..HHZ_00,1,1,0,0,0,0,1,NaN,,NaN,0,NaN,NaN,NaN,NaN,NaT,NaT,NaN
90,638,736573.741834306,1472665694.484,2016-08-31T17:48:14.484,,BCHH,00,HHZ,.BCHH.00.HHZ,,-1,-1,NaN,.BCHH..HHZ_00,1,0,0,0,1,0,1,NaN,,NaN,0,NaN,NaN,NaN,NaN,NaT,NaT,NaN
91,639,736573.7422661,1472665731.791,2016-08-31T17:48:51.791,,BCHH,00,HHZ,.BCHH.00.HHZ,,-1,-1,NaN,.BCHH..HHZ_00,1,0,0,0,1,0,1,NaN,,NaN,0,NaN,NaN,NaN,NaN,NaT,NaT,NaN
92,640,736573.754522569,1472666790.75,2016-08-31T18:06:30.750,,BCHH,00,HHZ,.BCHH.00.HHZ,,-1,-1,NaN,.BCHH..HHZ_00,1,0,0,0,1,0,1,NaN,,NaN,0,NaN,NaN,NaN,NaN,NaT,NaT,NaN
93,641,736573.785612153,1472669476.89,2016-08-31T18:51:16.890,,BCHH,00,HHZ,.BCHH.00.HHZ,,-1,-1,NaN,.BCHH..HHZ_00,1,0,0,0,1,0,1,NaN,,NaN,0,NaN,NaN,NaN,NaN,NaT,NaT,NaN
94,548,736573.795751736,1472670352.95,2016-08-31T19:05:52.950,,BCHH,00,HHZ,.BCHH.00.HHZ,del,-1,-1,NaN,.BCHH..HHZ_00,1,1,0,0,0,0,1,NaN,,NaN,0,NaN,NaN,NaN,NaN,NaT,NaT,NaN
95,547,736573.7958739,1472670363.505,2016-08-31T19:06:03.505,,BCHH,00,HHZ,.BCHH.00.HHZ,del,-1,-1,NaN,.BCHH..HHZ_00,1,1,0,0,0,0,1,NaN,,NaN,0,NaN,NaN,NaN,NaN,NaT,NaT,NaN
96,546,736573.802849317,1472670966.181,2016-08-31T19:16:06.181,,BCHH,00,HHZ,.BCHH.00.HHZ,del,-1,-1,NaN,.BCHH..HHZ_00,1,1,0,0,0,0,1,NaN,,NaN,0,NaN,NaN,NaN,NaN,NaT,NaT,NaN
97,545,736573.806489734,1472671280.713,2016-08-31T19:21:20.713,,BCHH,00,HHZ,.BCHH.00.HHZ,del,-1,-1,NaN,.BCHH..HHZ_00,1,1,0,0,0,0,1,NaN,,NaN,0,NaN,NaN,NaN,NaN,NaT,NaT,NaN
98,549,736573.810789815,1472671652.24,2016-08-31T19:27:32.240,,BCHH,00,HHZ,.BCHH.00.HHZ,del,-1,-1,NaN,.BCHH..HHZ_00,1,1,0,0,0,0,1,NaN,,NaN,0,NaN,NaN,NaN,NaN,NaT,NaT,NaN
99,550,736573.813587315,1472671893.944,2016-08-31T19:31:33.944,,BCHH,00,HHZ,.BCHH.00.HHZ,del,-1,-1,NaN,.BCHH..HHZ_00,1,1,0,0,0,0,1,NaN,,NaN,0,NaN,NaN,NaN,NaN,NaT,NaT,NaN
100,544,736573.819548796,1472672409.016,2016-08-31T19:40:09.016,,BCHH,00,HHZ,.BCHH.00.HHZ,del,-1,-1,NaN,.BCHH..HHZ_00,1,1,0,0,0,0,1,NaN,,NaN,0,NaN,NaN,NaN,NaN,NaT,NaT,NaN
101,543,736573.828063461,1472673144.683,2016-08-31T19:52:24.683,,BCHH,00,HHZ,.BCHH.00.HHZ,,-1,-1,NaN,.BCHH..HHZ_00,1,0,0,0,1,0,1,NaN,,NaN,0,NaN,NaN,NaN,NaN,NaT,NaT,NaN
102,542,736573.828087894,1472673146.794,2016-08-31T19:52:26.794,,BCHH,00,HHZ,.BCHH.00.HHZ,,-1,-1,NaN,.BCHH..HHZ_00,1,0,0,0,1,0,1,NaN,,NaN,0,NaN,NaN,NaN,NaN,NaT,NaT,NaN
103,536,736573.84013912,1472674188.02,2016-08-31T20:09:48.020,,BCHH,00,HHZ,.BCHH.00.HHZ,,-1,-1,NaN,.BCHH..HHZ_00,1,0,0,0,1,0,1,NaN,,NaN,0,NaN,NaN,NaN,NaN,NaT,NaT,NaN
104,538,736573.840194595,1472674192.813,2016-08-31T20:09:52.813,,BCHH,00,HHZ,.BCHH.00.HHZ,del,-1,-1,NaN,.BCHH..HHZ_00,1,1,0,0,0,0,1,NaN,,NaN,0,NaN,NaN,NaN,NaN,NaT,NaT,NaN
105,537,736573.84072162,1472674238.348,2016-08-31T20:10:38.348,,BCHH,00,HHZ,.BCHH.00.HHZ,del,-1,-1,NaN,.BCHH..HHZ_00,1,1,0,0,0,0,1,NaN,,NaN,0,NaN,NaN,NaN,NaN,NaT,NaT,NaN
106,539,736573.840846435,1472674249.132,2016-08-31T20:10:49.132,,BCHH,00,HHZ,.BCHH.00.HHZ,del,-1,-1,NaN,.BCHH..HHZ_00,1,1,0,0,0,0,1,NaN,,NaN,0,NaN,NaN,NaN,NaN,NaT,NaT,NaN
107,535,736573.842885174,1472674425.279,2016-08-31T20:13:45.279,,BCHH,00,HHZ,.BCHH.00.HHZ,,-1,-1,NaN,.BCHH..HHZ_00,1,0,0,0,1,0,1,NaN,,NaN,0,NaN,NaN,NaN,NaN,NaT,NaT,NaN
108,532,736573.846544803,1472674741.471,2016-08-31T20:19:01.471,,BCHH,00,HHZ,.BCHH.00.HHZ,,-1,-1,NaN,.BCHH..HHZ_00,1,0,0,0,1,0,1,NaN,,NaN,0,NaN,NaN,NaN,NaN,NaT,NaT,NaN
109,533,736573.846652396,1472674750.767,2016-08-31T20:19:10.767,,BCHH,00,HHZ,.BCHH.00.HHZ,del,-1,-1,NaN,.BCHH..HHZ_00,1,1,0,0,0,0,1,NaN,,NaN,0,NaN,NaN,NaN,NaN,NaT,NaT,NaN
110,534,736573.846708183,1472674755.587,2016-08-31T20:19:15.587,,BCHH,00,HHZ,.BCHH.00.HHZ,del,-1,-1,NaN,.BCHH..HHZ_00,1,1,0,0,0,0,1,NaN,,NaN,0,NaN,NaN,NaN,NaN,NaT,NaT,NaN
111,540,736573.84876559,1472674933.347,2016-08-31T20:22:13.347,,BCHH,00,HHZ,.BCHH.00.HHZ,del,-1,-1,NaN,.BCHH..HHZ_00,1,1,0,0,0,0,1,NaN,,NaN,0,NaN,NaN,NaN,NaN,NaT,NaT,NaN
112,541,736573.849417431,1472674989.666,2016-08-31T20:23:09.666,,BCHH,00,HHZ,.BCHH.00.HHZ,del,-1,-1,NaN,.BCHH..HHZ_00,1,1,0,0,0,0,1,NaN,,NaN,0,NaN,NaN,NaN,NaN,NaT,NaT,NaN
113,531,736573.852454722,1472675252.088,2016-08-31T20:27:32.088,,BCHH,00,HHZ,.BCHH.00.HHZ,del,-1,-1,NaN,.BCHH..HHZ_00,1,1,0,0,0,0,1,NaN,,NaN,0,NaN,NaN,NaN,NaN,NaT,NaT,NaN
114,530,736573.86021169,1472675922.29,2016-08-31T20:38:42.290,,BCHH,00,HHZ,.BCHH.00.HHZ,,-1,-1,NaN,.BCHH..HHZ_00,1,0,0,0,1,0,1,NaN,,NaN,0,NaN,NaN,NaN,NaN,NaT,NaT,NaN
115,526,736573.860251852,1472675925.76,2016-08-31T20:38:45.760,,BCHH,00,HHZ,.BCHH.00.HHZ,del,-1,-1,NaN,.BCHH..HHZ_00,1,1,0,0,0,0,1,NaN,,NaN,0,NaN,NaN,NaN,NaN,NaT,NaT,NaN
116,527,736573.860402454,1472675938.772,2016-08-31T20:38:58.772,,BCHH,00,HHZ,.BCHH.00.HHZ,del,-1,-1,NaN,.BCHH..HHZ_00,1,1,0,0,0,0,1,NaN,,NaN,0,NaN,NaN,NaN,NaN,NaT,NaT,NaN
117,528,736573.860520937,1472675949.009,2016-08-31T20:39:09.009,,BCHH,00,HHZ,.BCHH.00.HHZ,del,-1,-1,NaN,.BCHH..HHZ_00,1,1,0,0,0,0,1,NaN,,NaN,0,NaN,NaN,NaN,NaN,NaT,NaT,NaN
118,529,736573.860653461,1472675960.459,2016-08-31T20:39:20.459,,BCHH,00,HHZ,.BCHH.00.HHZ,del,-1,-1,NaN,.BCHH..HHZ_00,1,1,0,0,0,0,1,NaN,,NaN,0,NaN,NaN,NaN,NaN,NaT,NaT,NaN
119,525,736573.870156088,1472676781.486,2016-08-31T20:53:01.486,,BCHH,00,HHZ,.BCHH.00.HHZ,del,-1,-1,NaN,.BCHH..HHZ_00,1,1,0,0,0,0,1,NaN,,NaN,0,NaN,NaN,NaN,NaN,NaT,NaT,NaN
120,524,736573.871742708,1472676918.57,2016-08-31T20:55:18.570,,BCHH,00,HHZ,.BCHH.00.HHZ,del,-1,-1,NaN,.BCHH..HHZ_00,1,1,0,0,0,0,1,NaN,,NaN,0,NaN,NaN,NaN,NaN,NaT,NaT,NaN
121,523,736573.889955347,1472678492.142,2016-08-31T21:21:32.142,,BCHH,00,HHZ,.BCHH.00.HHZ,del,-1,-1,NaN,.BCHH..HHZ_00,1,1,0,0,0,0,1,NaN,,NaN,0,NaN,NaN,NaN,NaN,NaT,NaT,NaN
122,522,736573.902190208,1472679549.234,2016-08-31T21:39:09.234,,BCHH,00,HHZ,.BCHH.00.HHZ,,-1,-1,NaN,.BCHH..HHZ_00,1,0,0,0,1,0,1,NaN,,NaN,0,NaN,NaN,NaN,NaN,NaT,NaT,NaN
123,521,736573.924995116,1472681519.578,2016-08-31T22:11:59.578,,BCHH,00,HHZ,.BCHH.00.HHZ,del,-1,-1,NaN,.BCHH..HHZ_00,1,1,0,0,0,0,1,NaN,,NaN,0,NaN,NaN,NaN,NaN,NaT,NaT,NaN
124,520,736573.937207639,1472682574.74,2016-08-31T22:29:34.740,,BCHH,00,HHZ,.BCHH.00.HHZ,del,-1,-1,NaN,.BCHH..HHZ_00,1,1,0,0,0,0,1,NaN,,NaN,0,NaN,NaN,NaN,NaN,NaT,NaT,NaN
125,519,736573.942883727,1472683065.154,2016-08-31T22:37:45.154,,BCHH,00,HHZ,.BCHH.00.HHZ,del,-1,-1,NaN,.BCHH..HHZ_00,1,1,0,0,0,0,1,NaN,,NaN,0,NaN,NaN,NaN,NaN,NaT,NaT,NaN
126,518,736573.949341944,1472683623.144,2016-08-31T22:47:03.144,,BCHH,00,HHZ,.BCHH.00.HHZ,del,-1,-1,NaN,.BCHH..HHZ_00,1,1,0,0,0,0,1,NaN,,NaN,0,NaN,NaN,NaN,NaN,NaT,NaT,NaN
127,517,736573.954883947,1472684101.973,2016-08-31T22:55:01.973,,BCHH,00,HHZ,.BCHH.00.HHZ,,-1,-1,NaN,.BCHH..HHZ_00,1,0,0,0,1,0,1,NaN,,NaN,0,NaN,NaN,NaN,NaN,NaT,NaT,NaN
128,642,736573.9549939,1472684111.473,2016-08-31T22:55:11.473,,BCHH,00,HHZ,.BCHH.00.HHZ,,-1,-1,NaN,.BCHH..HHZ_00,1,0,0,0,1,0,1,NaN,,NaN,0,NaN,NaN,NaN,NaN,NaT,NaT,NaN
129,516,736573.955006863,1472684112.593,2016-08-31T22:55:12.593,,BCHH,00,HHZ,.BCHH.00.HHZ,del,-1,-1,NaN,.BCHH..HHZ_00,1,1,0,0,0,0,1,NaN,,NaN,0,NaN,NaN,NaN,NaN,NaT,NaT,NaN
130,514,736573.967342292,1472685178.37401,2016-08-31T23:12:58.374,,BCHH,00,HHZ,.BCHH.00.HHZ,del,-1,-1,NaN,.BCHH..HHZ_00,1,1,0,0,0,0,1,NaN,,NaN,0,NaN,NaN,NaN,NaN,NaT,NaT,NaN
131,515,736573.969565799,1472685370.485,2016-08-31T23:16:10.485,,BCHH,00,HHZ,.BCHH.00.HHZ,del,-1,-1,NaN,.BCHH..HHZ_00,1,1,0,0,0,0,1,NaN,,NaN,0,NaN,NaN,NaN,NaN,NaT,NaT,NaN
132,512,736573.982546053,1472686491.979,2016-08-31T23:34:51.979,,BCHH,00,HHZ,.BCHH.00.HHZ,,-1,-1,NaN,.BCHH..HHZ_00,1,0,0,0,1,0,1,NaN,,NaN,0,NaN,NaN,NaN,NaN,NaT,NaT,NaN
133,643,736573.982678912,1472686503.458,2016-08-31T23:35:03.458,,BCHH,00,HHZ,.BCHH.00.HHZ,,-1,-1,NaN,.BCHH..HHZ_00,1,0,0,0,1,0,1,NaN,,NaN,0,NaN,NaN,NaN,NaN,NaT,NaT,NaN
134,511,736573.993879109,1472687471.155,2016-08-31T23:51:11.155,,BCHH,00,HHZ,.BCHH.00.HHZ,del,-1,-1,NaN,.BCHH..HHZ_00,1,1,0,0,0,0,1,NaN,,NaN,0,NaN,NaN,NaN,NaN,NaT,NaT,NaN
135,513,736573.995365162,1472687599.55,2016-08-31T23:53:19.550,,BCHH,00,HHZ,.BCHH.00.HHZ,del,-1,-1,NaN,.BCHH..HHZ_00,1,1,0,0,0,0,1,NaN,,NaN,0,NaN,NaN,NaN,NaN,NaT,NaT,NaN
136,508,736574.013182083,1472689138.932,2016-09-01T00:18:58.932,,BCHH,00,HHN,.BCHH.00.HHN,del,-1,-1,NaN,.BCHH..HHN_00,1,1,0,0,0,0,1,NaN,,NaN,0,NaN,NaN,NaN,NaN,NaT,NaT,NaN
137,509,736574.01319397,1472689139.95899,2016-09-01T00:18:59.958,,BCHH,00,HHZ,.BCHH.00.HHZ,,-1,-1,NaN,.BCHH..HHZ_00,1,0,0,0,1,0,1,NaN,,NaN,0,NaN,NaN,NaN,NaN,NaT,NaT,NaN
138,510,736574.013336586,1472689152.281,2016-09-01T00:19:12.281,,BCHH,00,HHZ,.BCHH.00.HHZ,,-1,-1,NaN,.BCHH..HHZ_00,1,0,0,0,1,0,1,NaN,,NaN,0,NaN,NaN,NaN,NaN,NaT,NaT,NaN
139,507,736574.021121539,1472689824.901,2016-09-01T00:30:24.901,,BCHH,00,HHZ,.BCHH.00.HHZ,del,-1,-1,NaN,.BCHH..HHZ_00,1,1,0,0,0,0,1,NaN,,NaN,0,NaN,NaN,NaN,NaN,NaT,NaT,NaN
140,506,736574.024223646,1472690092.923,2016-09-01T00:34:52.923,,BCHH,00,HHZ,.BCHH.00.HHZ,del,-1,-1,NaN,.BCHH..HHZ_00,1,1,0,0,0,0,1,NaN,,NaN,0,NaN,NaN,NaN,NaN,NaT,NaT,NaN
141,505,736574.025281447,1472690184.317,2016-09-01T00:36:24.317,,BCHH,00,HHZ,.BCHH.00.HHZ,del,-1,-1,NaN,.BCHH..HHZ_00,1,1,0,0,0,0,1,NaN,,NaN,0,NaN,NaN,NaN,NaN,NaT,NaT,NaN
142,504,736574.032625255,1472690818.822,2016-09-01T00:46:58.822,,BCHH,00,HHZ,.BCHH.00.HHZ,U,-1,-1,NaN,.BCHH..HHZ_00,1,0,0,0,0,0,1,NaN,,NaN,0,NaN,NaN,NaN,NaN,NaT,NaT,NaN
143,503,736574.040276435,1472691479.884,2016-09-01T00:57:59.884,,BCHH,00,HHZ,.BCHH.00.HHZ,del,-1,-1,NaN,.BCHH..HHZ_00,1,1,0,0,0,0,1,NaN,,NaN,0,NaN,NaN,NaN,NaN,NaT,NaT,NaN
144,501,736574.045209225,1472691906.077,2016-09-01T01:05:06.077,,BCHH,00,HHZ,.BCHH.00.HHZ,del,-1,-1,NaN,.BCHH..HHZ_00,1,1,0,0,0,0,1,NaN,,NaN,0,NaN,NaN,NaN,NaN,NaT,NaT,NaN
145,502,736574.054029572,1472692668.155,2016-09-01T01:17:48.155,,BCHH,00,HHZ,.BCHH.00.HHZ,del,-1,-1,NaN,.BCHH..HHZ_00,1,1,0,0,0,0,1,NaN,,NaN,0,NaN,NaN,NaN,NaN,NaT,NaT,NaN
146,498,736574.125289167,1472698824.984,2016-09-01T03:00:24.984,,BCHH,00,HHZ,.BCHH.00.HHZ,del,-1,-1,NaN,.BCHH..HHZ_00,1,1,0,0,0,0,1,NaN,,NaN,0,NaN,NaN,NaN,NaN,NaT,NaT,NaN
147,499,736574.12798478,1472699057.885,2016-09-01T03:04:17.885,,BCHH,00,HHZ,.BCHH.00.HHZ,del,-1,-1,NaN,.BCHH..HHZ_00,1,1,0,0,0,0,1,NaN,,NaN,0,NaN,NaN,NaN,NaN,NaT,NaT,NaN
148,500,736574.129928553,1472699225.827,2016-09-01T03:07:05.827,,BCHH,00,HHZ,.BCHH.00.HHZ,del,-1,-1,NaN,.BCHH..HHZ_00,1,1,0,0,0,0,1,NaN,,NaN,0,NaN,NaN,NaN,NaN,NaT,NaT,NaN
149,497,736574.132862558,1472699479.325,2016-09-01T03:11:19.325,,BCHH,00,HHZ,.BCHH.00.HHZ,del,-1,-1,NaN,.BCHH..HHZ_00,1,1,0,0,0,0,1,NaN,,NaN,0,NaN,NaN,NaN,NaN,NaT,NaT,NaN
150,496,736574.140270914,1472700119.407,2016-09-01T03:21:59.407,,BCHH,00,HHZ,.BCHH.00.HHZ,del,-1,-1,NaN,.BCHH..HHZ_00,1,1,0,0,0,0,1,NaN,,NaN,0,NaN,NaN,NaN,NaN,NaT,NaT,NaN
151,644,736574.146447269,1472700653.044,2016-09-01T03:30:53.044,,BCHH,00,HHZ,.BCHH.00.HHZ,,-1,-1,NaN,.BCHH..HHZ_00,1,0,0,0,1,0,1,NaN,,NaN,0,NaN,NaN,NaN,NaN,NaT,NaT,NaN
152,495,736574.146487326,1472700656.505,2016-09-01T03:30:56.505,,BCHH,00,HHZ,.BCHH.00.HHZ,del,-1,-1,NaN,.BCHH..HHZ_00,1,1,0,0,0,0,1,NaN,,NaN,0,NaN,NaN,NaN,NaN,NaT,NaT,NaN
153,494,736574.157306458,1472701591.278,2016-09-01T03:46:31.278,,BCHH,00,HHZ,.BCHH.00.HHZ,del,-1,-1,NaN,.BCHH..HHZ_00,1,1,0,0,0,0,1,NaN,,NaN,0,NaN,NaN,NaN,NaN,NaT,NaT,NaN
154,492,736574.16280772,1472702066.587,2016-09-01T03:54:26.587,,BCHH,00,HHZ,.BCHH.00.HHZ,del,-1,-1,NaN,.BCHH..HHZ_00,1,1,0,0,0,0,1,NaN,,NaN,0,NaN,NaN,NaN,NaN,NaT,NaT,NaN
155,491,736574.164311389,1472702196.504,2016-09-01T03:56:36.504,,BCHH,00,HHZ,.BCHH.00.HHZ,del,-1,-1,NaN,.BCHH..HHZ_00,1,1,0,0,0,0,1,NaN,,NaN,0,NaN,NaN,NaN,NaN,NaT,NaT,NaN
156,493,736574.165686713,1472702315.332,2016-09-01T03:58:35.332,,BCHH,00,HHZ,.BCHH.00.HHZ,del,-1,-1,NaN,.BCHH..HHZ_00,1,1,0,0,0,0,1,NaN,,NaN,0,NaN,NaN,NaN,NaN,NaT,NaT,NaN
157,489,736574.17483713,1472703105.928,2016-09-01T04:11:45.928,,BCHH,00,HHZ,.BCHH.00.HHZ,del,-1,-1,NaN,.BCHH..HHZ_00,1,1,0,0,0,0,1,NaN,,NaN,0,NaN,NaN,NaN,NaN,NaT,NaT,NaN
158,490,736574.184537674,1472703944.055,2016-09-01T04:25:44.055,,BCHH,00,HHZ,.BCHH.00.HHZ,del,-1,-1,NaN,.BCHH..HHZ_00,1,1,0,0,0,0,1,NaN,,NaN,0,NaN,NaN,NaN,NaN,NaT,NaT,NaN
159,488,736574.189397118,1472704363.911,2016-09-01T04:32:43.911,,BCHH,00,HHZ,.BCHH.00.HHZ,del,-1,-1,NaN,.BCHH..HHZ_00,1,1,0,0,0,0,1,NaN,,NaN,0,NaN,NaN,NaN,NaN,NaT,NaT,NaN
160,486,736574.203021887,1472705541.091,2016-09-01T04:52:21.091,,BCHH,00,HHZ,.BCHH.00.HHZ,del,-1,-1,NaN,.BCHH..HHZ_00,1,1,0,0,0,0,1,NaN,,NaN,0,NaN,NaN,NaN,NaN,NaT,NaT,NaN
161,487,736574.207422893,1472705921.338,2016-09-01T04:58:41.338,,BCHH,00,HHZ,.BCHH.00.HHZ,del,-1,-1,NaN,.BCHH..HHZ_00,1,1,0,0,0,0,1,NaN,,NaN,0,NaN,NaN,NaN,NaN,NaT,NaT,NaN
162,485,736574.219580671,1472706971.77,2016-09-01T05:16:11.770,,BCHH,00,HHZ,.BCHH.00.HHZ,del,-1,-1,NaN,.BCHH..HHZ_00,1,1,0,0,0,0,1,NaN,,NaN,0,NaN,NaN,NaN,NaN,NaT,NaT,NaN
163,484,736574.219727373,1472706984.445,2016-09-01T05:16:24.445,,BCHH,00,HHN,.BCHH.00.HHN,del,-1,-1,NaN,.BCHH..HHN_00,1,1,0,0,0,0,1,NaN,,NaN,0,NaN,NaN,NaN,NaN,NaT,NaT,NaN
164,478,736574.236561204,1472708438.888,2016-09-01T05:40:38.888,,BCHH,00,HHZ,.BCHH.00.HHZ,del,-1,-1,NaN,.BCHH..HHZ_00,1,1,0,0,0,0,1,NaN,,NaN,0,NaN,NaN,NaN,NaN,NaT,NaT,NaN
165,477,736574.238339942,1472708592.571,2016-09-01T05:43:12.571,,BCHH,00,HHZ,.BCHH.00.HHZ,del,-1,-1,NaN,.BCHH..HHZ_00,1,1,0,0,0,0,1,NaN,,NaN,0,NaN,NaN,NaN,NaN,NaT,NaT,NaN
166,645,736574.240712477,1472708797.558,2016-09-01T05:46:37.558,,BCHH,00,HHZ,.BCHH.00.HHZ,,-1,-1,NaN,.BCHH..HHZ_00,1,0,0,0,1,0,1,NaN,,NaN,0,NaN,NaN,NaN,NaN,NaT,NaT,NaN
167,476,736574.240742164,1472708800.123,2016-09-01T05:46:40.123,,BCHH,00,HHZ,.BCHH.00.HHZ,del,-1,-1,NaN,.BCHH..HHZ_00,1,1,0,0,0,0,1,NaN,,NaN,0,NaN,NaN,NaN,NaN,NaT,NaT,NaN
168,475,736574.242062465,1472708914.197,2016-09-01T05:48:34.197,,BCHH,00,HHZ,.BCHH.00.HHZ,,-1,-1,NaN,.BCHH..HHZ_00,1,0,0,0,1,0,1,NaN,,NaN,0,NaN,NaN,NaN,NaN,NaT,NaT,NaN
169,481,736574.243584479,1472709045.699,2016-09-01T05:50:45.699,,BCHH,00,HHZ,.BCHH.00.HHZ,del,-1,-1,NaN,.BCHH..HHZ_00,1,1,0,0,0,0,1,NaN,,NaN,0,NaN,NaN,NaN,NaN,NaT,NaT,NaN
170,482,736574.243822859,1472709066.295,2016-09-01T05:51:06.295,,BCHH,00,HHZ,.BCHH.00.HHZ,del,-1,-1,NaN,.BCHH..HHZ_00,1,1,0,0,0,0,1,NaN,,NaN,0,NaN,NaN,NaN,NaN,NaT,NaT,NaN
171,480,736574.247893796,1472709418.024,2016-09-01T05:56:58.024,,BCHH,00,HHZ,.BCHH.00.HHZ,del,-1,-1,NaN,.BCHH..HHZ_00,1,1,0,0,0,0,1,NaN,,NaN,0,NaN,NaN,NaN,NaN,NaT,NaT,NaN
172,479,736574.249910914,1472709592.303,2016-09-01T05:59:52.303,,BCHH,00,HHZ,.BCHH.00.HHZ,del,-1,-1,NaN,.BCHH..HHZ_00,1,1,0,0,0,0,1,NaN,,NaN,0,NaN,NaN,NaN,NaN,NaT,NaT,NaN
173,483,736574.265681181,1472710954.854,2016-09-01T06:22:34.854,,BCHH,00,HHZ,.BCHH.00.HHZ,,-1,-1,NaN,.BCHH..HHZ_00,1,0,0,0,1,0,1,NaN,,NaN,0,NaN,NaN,NaN,NaN,NaT,NaT,NaN
174,474,736574.289813356,1472713039.874,2016-09-01T06:57:19.874,,BCHH,00,HHZ,.BCHH.00.HHZ,del,-1,-1,NaN,.BCHH..HHZ_00,1,1,0,0,0,0,1,NaN,,NaN,0,NaN,NaN,NaN,NaN,NaT,NaT,NaN
175,473,736574.292692338,1472713288.618,2016-09-01T07:01:28.618,,BCHH,00,HHZ,.BCHH.00.HHZ,del,-1,-1,NaN,.BCHH..HHZ_00,1,1,0,0,0,0,1,NaN,,NaN,0,NaN,NaN,NaN,NaN,NaT,NaT,NaN
176,472,736574.315082454,1472715223.124,2016-09-01T07:33:43.124,,BCHH,00,HHZ,.BCHH.00.HHZ,,-1,-1,NaN,.BCHH..HHZ_00,1,0,0,0,1,0,1,NaN,,NaN,0,NaN,NaN,NaN,NaN,NaT,NaT,NaN
177,466,736574.424531458,1472724679.518,2016-09-01T10:11:19.518,,BCHH,00,HHZ,.BCHH.00.HHZ,del,-1,-1,NaN,.BCHH..HHZ_00,1,1,0,0,0,0,1,NaN,,NaN,0,NaN,NaN,NaN,NaN,NaT,NaT,NaN
178,465,736574.43171463,1472725300.144,2016-09-01T10:21:40.144,,BCHH,00,HHZ,.BCHH.00.HHZ,del,-1,-1,NaN,.BCHH..HHZ_00,1,1,0,0,0,0,1,NaN,,NaN,0,NaN,NaN,NaN,NaN,NaT,NaT,NaN
179,467,736574.431734688,1472725301.877,2016-09-01T10:21:41.877,,BCHH,00,HHZ,.BCHH.00.HHZ,del,-1,-1,NaN,.BCHH..HHZ_00,1,1,0,0,0,0,1,NaN,,NaN,0,NaN,NaN,NaN,NaN,NaT,NaT,NaN
180,471,736574.449236458,1472726814.03,2016-09-01T10:46:54.030,,BCHH,00,HHZ,.BCHH.00.HHZ,,-1,-1,NaN,.BCHH..HHZ_00,1,0,0,0,1,0,1,NaN,,NaN,0,NaN,NaN,NaN,NaN,NaT,NaT,NaN
181,463,736574.449273171,1472726817.202,2016-09-01T10:46:57.202,,BCHH,00,HHZ,.BCHH.00.HHZ,del,-1,-1,NaN,.BCHH..HHZ_00,1,1,0,0,0,0,1,NaN,,NaN,0,NaN,NaN,NaN,NaN,NaT,NaT,NaN
182,468,736574.459966227,1472727741.082,2016-09-01T11:02:21.082,,BCHH,00,HHZ,.BCHH.00.HHZ,del,-1,-1,NaN,.BCHH..HHZ_00,1,1,0,0,0,0,1,NaN,,NaN,0,NaN,NaN,NaN,NaN,NaT,NaT,NaN
183,469,736574.466957535,1472728345.13099,2016-09-01T11:12:25.130,,BCHH,00,HHZ,.BCHH.00.HHZ,del,-1,-1,NaN,.BCHH..HHZ_00,1,1,0,0,0,0,1,NaN,,NaN,0,NaN,NaN,NaN,NaN,NaT,NaT,NaN
184,470,736574.470885972,1472728684.548,2016-09-01T11:18:04.548,,BCHH,00,HHZ,.BCHH.00.HHZ,del,-1,-1,NaN,.BCHH..HHZ_00,1,1,0,0,0,0,1,NaN,,NaN,0,NaN,NaN,NaN,NaN,NaT,NaT,NaN
185,464,736574.482174236,1472729659.854,2016-09-01T11:34:19.854,,BCHH,00,HHZ,.BCHH.00.HHZ,del,-1,-1,NaN,.BCHH..HHZ_00,1,1,0,0,0,0,1,NaN,,NaN,0,NaN,NaN,NaN,NaN,NaT,NaT,NaN
186,462,736574.487583785,1472730127.239,2016-09-01T11:42:07.239,,BCHH,00,HHZ,.BCHH.00.HHZ,del,-1,-1,NaN,.BCHH..HHZ_00,1,1,0,0,0,0,1,NaN,,NaN,0,NaN,NaN,NaN,NaN,NaT,NaT,NaN
187,461,736574.525084699,1472733367.318,2016-09-01T12:36:07.318,,BCHH,00,HHZ,.BCHH.00.HHZ,del,-1,-1,NaN,.BCHH..HHZ_00,1,1,0,0,0,0,1,NaN,,NaN,0,NaN,NaN,NaN,NaN,NaT,NaT,NaN
188,460,736574.526962257,1472733529.539,2016-09-01T12:38:49.539,,BCHH,00,HHZ,.BCHH.00.HHZ,del,-1,-1,NaN,.BCHH..HHZ_00,1,1,0,0,0,0,1,NaN,,NaN,0,NaN,NaN,NaN,NaN,NaT,NaT,NaN
189,1,736574.546660741,1472735231.488,2016-09-01T13:07:11.488,,BCHH,10,HD1,.BCHH.10.HD1,,-1,-1,NaN,.BCHH..HD1_10,1,0,0,0,1,1,0,NaN,,NaN,0,NaN,NaN,NaN,NaN,NaT,NaT,NaN
190,381,736574.546660787,1472735231.492,2016-09-01T13:07:11.492,,BCHH,10,HD1,.BCHH.10.HD1,del,-1,-1,NaN,.BCHH..HD1_10,1,1,0,0,0,1,0,NaN,,NaN,0,NaN,NaN,NaN,NaN,NaT,NaT,NaN
191,452,736574.546671181,1472735232.39,2016-09-01T13:07:12.390,,BCHH,10,HD3,.BCHH.10.HD3,del,-1,-1,NaN,.BCHH..HD3_10,1,1,0,0,0,1,0,NaN,,NaN,0,NaN,NaN,NaN,NaN,NaT,NaT,NaN
192,439,736574.546683206,1472735233.429,2016-09-01T13:07:13.429,,BCHH,00,HHE,.BCHH.00.HHE,del,-1,-1,NaN,.BCHH..HHE_00,1,1,0,0,0,0,1,NaN,,NaN,0,NaN,NaN,NaN,NaN,NaT,NaT,NaN
245,876,736574.546760417,1472735240.1,2016-09-01T13:07:20.100,,BCHH,10,HD1,.BCHH.10.HD1,N,-1,-1,NaN,.BCHH..HD1_10,1,0,1,0,0,1,0,NaN,,NaN,0,NaN,NaN,NaN,NaN,NaT,NaT,NaN
304,72,736574.547071065,1472735266.94,2016-09-01T13:07:46.940,,BCHH,10,HD1,.BCHH.10.HD1,del,-1,-1,NaN,.BCHH..HD1_10,1,1,0,0,0,1,0,NaN,,NaN,0,NaN,NaN,NaN,NaN,NaT,NaT,NaN
305,73,736574.547071863,1472735267.009,2016-09-01T13:07:47.009,,BCHH,10,HD1,.BCHH.10.HD1,del,-1,-1,NaN,.BCHH..HD1_10,1,1,0,0,0,1,0,NaN,,NaN,0,NaN,NaN,NaN,NaN,NaT,NaT,NaN
327,117,736574.547242905,1472735281.787,2016-09-01T13:08:01.787,,BCHH,10,HD1,.BCHH.10.HD1,del,-1,-1,NaN,.BCHH..HD1_10,1,1,0,0,0,1,0,NaN,,NaN,0,NaN,NaN,NaN,NaN,NaT,NaT,NaN
328,453,736574.547242917,1472735281.788,2016-09-01T13:08:01.788,,BCHH,10,HD1,.BCHH.10.HD1,,-1,-1,NaN,.BCHH..HD1_10,1,0,0,0,1,1,0,NaN,,NaN,0,NaN,NaN,NaN,NaN,NaT,NaT,NaN
329,658,736574.547269595,1472735284.093,2016-09-01T13:08:04.093,,BCHH,00,HHZ,.BCHH.00.HHZ,,-1,-1,NaN,.BCHH..HHZ_00,1,0,0,0,1,0,1,NaN,,NaN,0,NaN,NaN,NaN,NaN,NaT,NaT,NaN
348,660,736574.54769816,1472735321.121,2016-09-01T13:08:41.121,,BCHH,00,HHZ,.BCHH.00.HHZ,,-1,-1,NaN,.BCHH..HHZ_00,1,0,0,0,1,0,1,NaN,,NaN,0,NaN,NaN,NaN,NaN,NaT,NaT,NaN
349,661,736574.5477275,1472735323.656,2016-09-01T13:08:43.656,,BCHH,00,HHZ,.BCHH.00.HHZ,,-1,-1,NaN,.BCHH..HHZ_00,1,0,0,0,1,0,1,NaN,,NaN,0,NaN,NaN,NaN,NaN,NaT,NaT,NaN
356,847,736574.548010417,1472735348.1,2016-09-01T13:09:08.100,,BCHH,10,HD3,.BCHH.10.HD3,N,-1,-1,NaN,.BCHH..HD3_10,1,0,1,0,0,1,0,NaN,,NaN,0,NaN,NaN,NaN,NaN,NaT,NaT,NaN
355,846,736574.54802066,1472735348.985,2016-09-01T13:09:08.985,,BCHH,10,HD2,.BCHH.10.HD2,N,-1,-1,NaN,.BCHH..HD2_10,1,0,1,0,0,1,0,NaN,,NaN,0,NaN,NaN,NaN,NaN,NaT,NaT,NaN
357,116,736574.548073333,1472735353.536,2016-09-01T13:09:13.536,,BCHH,10,HD1,.BCHH.10.HD1,del,-1,-1,NaN,.BCHH..HD1_10,1,1,0,0,0,1,0,NaN,,NaN,0,NaN,NaN,NaN,NaN,NaT,NaT,NaN
360,115,736574.548135069,1472735358.87,2016-09-01T13:09:18.870,,BCHH,10,HD1,.BCHH.10.HD1,del,-1,-1,NaN,.BCHH..HD1_10,1,1,0,0,0,1,0,NaN,,NaN,0,NaN,NaN,NaN,NaN,NaT,NaT,NaN
379,111,736574.548355926,1472735377.952,2016-09-01T13:09:37.952,,BCHH,10,HD1,.BCHH.10.HD1,del,-1,-1,NaN,.BCHH..HD1_10,1,1,0,0,0,1,0,NaN,,NaN,0,NaN,NaN,NaN,NaN,NaT,NaT,NaN
380,112,736574.548375324,1472735379.628,2016-09-01T13:09:39.628,,BCHH,10,HD1,.BCHH.10.HD1,del,-1,-1,NaN,.BCHH..HD1_10,1,1,0,0,0,1,0,NaN,,NaN,0,NaN,NaN,NaN,NaN,NaT,NaT,NaN
384,784,736574.54848875,1472735389.428,2016-09-01T13:09:49.428,,BCHH,00,HHZ,.BCHH.00.HHZ,,-1,-1,NaN,.BCHH..HHZ_00,1,0,0,0,1,0,1,NaN,,NaN,0,NaN,NaN,NaN,NaN,NaT,NaT,NaN
389,839,736574.548853796,1472735420.968,2016-09-01T13:10:20.968,,BCHH,10,HD2,.BCHH.10.HD2,del,-1,-1,NaN,.BCHH..HD2_10,1,1,0,0,0,1,0,NaN,,NaN,0,NaN,NaN,NaN,NaN,NaT,NaT,NaN
390,838,736574.548853935,1472735420.98,2016-09-01T13:10:20.980,,BCHH,10,HD2,.BCHH.10.HD2,del,-1,-1,NaN,.BCHH..HD2_10,1,1,0,0,0,1,0,NaN,,NaN,0,NaN,NaN,NaN,NaN,NaT,NaT,NaN
391,837,736574.548854109,1472735420.995,2016-09-01T13:10:20.995,,BCHH,10,HD2,.BCHH.10.HD2,del,-1,-1,NaN,.BCHH..HD2_10,1,1,0,0,0,1,0,NaN,,NaN,0,NaN,NaN,NaN,NaN,NaT,NaT,NaN
399,124,736574.549020961,1472735435.411,2016-09-01T13:10:35.411,,BCHH,10,HD1,.BCHH.10.HD1,del,-1,-1,NaN,.BCHH..HD1_10,1,1,0,0,0,1,0,NaN,,NaN,0,NaN,NaN,NaN,NaN,NaT,NaT,NaN
400,663,736574.54907103,1472735439.737,2016-09-01T13:10:39.737,,BCHH,00,HHZ,.BCHH.00.HHZ,,-1,-1,NaN,.BCHH..HHZ_00,1,0,0,0,1,0,1,NaN,,NaN,0,NaN,NaN,NaN,NaN,NaT,NaT,NaN
401,664,736574.549247303,1472735454.967,2016-09-01T13:10:54.967,,BCHH,00,HHZ,.BCHH.00.HHZ,,-1,-1,NaN,.BCHH..HHZ_00,1,0,0,0,1,0,1,NaN,,NaN,0,NaN,NaN,NaN,NaN,NaT,NaT,NaN
402,441,736574.55156522,1472735655.235,2016-09-01T13:14:15.235,,BCHH,00,HHE,.BCHH.00.HHE,S,-1,-1,NaN,.BCHH..HHE_00,1,0,0,1,0,0,1,NaN,,NaN,0,NaN,NaN,NaN,NaN,NaT,NaT,NaN
412,442,736574.551721123,1472735668.705,2016-09-01T13:14:28.705,,BCHH,00,HHE,.BCHH.00.HHE,S,-1,-1,NaN,.BCHH..HHE_00,1,0,0,1,0,0,1,NaN,,NaN,0,NaN,NaN,NaN,NaN,NaT,NaT,NaN
419,783,736574.552288715,1472735717.745,2016-09-01T13:15:17.745,,BCHH,00,HHZ,.BCHH.00.HHZ,,-1,-1,NaN,.BCHH..HHZ_00,1,0,0,0,1,0,1,NaN,,NaN,0,NaN,NaN,NaN,NaN,NaT,NaT,NaN
420,443,736574.552595752,1472735744.273,2016-09-01T13:15:44.273,,BCHH,00,HHE,.BCHH.00.HHE,S,-1,-1,NaN,.BCHH..HHE_00,1,0,0,1,0,0,1,NaN,,NaN,0,NaN,NaN,NaN,NaN,NaT,NaT,NaN
427,782,736574.552720463,1472735755.04799,2016-09-01T13:15:55.047,,BCHH,00,HHZ,.BCHH.00.HHZ,,-1,-1,NaN,.BCHH..HHZ_00,1,0,0,0,1,0,1,NaN,,NaN,0,NaN,NaN,NaN,NaN,NaT,NaT,NaN
469,177,736574.555089491,1472735959.732,2016-09-01T13:19:19.732,,BCHH,10,HD3,.BCHH.10.HD3,del,-1,-1,NaN,.BCHH..HD3_10,1,1,0,0,0,1,0,NaN,,NaN,0,NaN,NaN,NaN,NaN,NaT,NaT,NaN
470,178,736574.555092083,1472735959.956,2016-09-01T13:19:19.956,,BCHH,10,HD3,.BCHH.10.HD3,del,-1,-1,NaN,.BCHH..HD3_10,1,1,0,0,0,1,0,NaN,,NaN,0,NaN,NaN,NaN,NaN,NaT,NaT,NaN
565,669,736574.556129549,1472736049.593,2016-09-01T13:20:49.593,,BCHH,00,HHZ,.BCHH.00.HHZ,,-1,-1,NaN,.BCHH..HHZ_00,1,0,0,0,1,0,1,NaN,,NaN,0,NaN,NaN,NaN,NaN,NaT,NaT,NaN
569,261,736574.556189387,1472736054.763,2016-09-01T13:20:54.763,,BCHH,10,HD3,.BCHH.10.HD3,del,-1,-1,NaN,.BCHH..HD3_10,1,1,0,0,0,1,0,NaN,,NaN,0,NaN,NaN,NaN,NaN,NaT,NaT,NaN
570,670,736574.556240127,1472736059.147,2016-09-01T13:20:59.147,,BCHH,00,HHZ,.BCHH.00.HHZ,,-1,-1,NaN,.BCHH..HHZ_00,1,0,0,0,1,0,1,NaN,,NaN,0,NaN,NaN,NaN,NaN,NaT,NaT,NaN
571,781,736574.556289884,1472736063.446,2016-09-01T13:21:03.446,,BCHH,00,HHZ,.BCHH.00.HHZ,,-1,-1,NaN,.BCHH..HHZ_00,1,0,0,0,1,0,1,NaN,,NaN,0,NaN,NaN,NaN,NaN,NaT,NaT,NaN
608,279,736574.55652985,1472736084.179,2016-09-01T13:21:24.179,,BCHH,10,HD2,.BCHH.10.HD2,del,-1,-1,NaN,.BCHH..HD2_10,1,1,0,0,0,1,0,NaN,,NaN,0,NaN,NaN,NaN,NaN,NaT,NaT,NaN
609,278,736574.55655353,1472736086.225,2016-09-01T13:21:26.225,,BCHH,10,HD3,.BCHH.10.HD3,del,-1,-1,NaN,.BCHH..HD3_10,1,1,0,0,0,1,0,NaN,,NaN,0,NaN,NaN,NaN,NaN,NaT,NaT,NaN
610,673,736574.556554421,1472736086.302,2016-09-01T13:21:26.302,,BCHH,00,HHZ,.BCHH.00.HHZ,,-1,-1,NaN,.BCHH..HHZ_00,1,0,0,0,1,0,1,NaN,,NaN,0,NaN,NaN,NaN,NaN,NaT,NaT,NaN
615,674,736574.556664028,1472736095.772,2016-09-01T13:21:35.772,,BCHH,00,HHZ,.BCHH.00.HHZ,,-1,-1,NaN,.BCHH..HHZ_00,1,0,0,0,1,0,1,NaN,,NaN,0,NaN,NaN,NaN,NaN,NaT,NaT,NaN
623,675,736574.556808669,1472736108.269,2016-09-01T13:21:48.269,,BCHH,00,HHZ,.BCHH.00.HHZ,,-1,-1,NaN,.BCHH..HHZ_00,1,0,0,0,1,0,1,NaN,,NaN,0,NaN,NaN,NaN,NaN,NaT,NaT,NaN
686,683,736574.557135718,1472736136.526,2016-09-01T13:22:16.526,,BCHH,00,HHZ,.BCHH.00.HHZ,,-1,-1,NaN,.BCHH..HHZ_00,1,0,0,0,1,0,1,NaN,,NaN,0,NaN,NaN,NaN,NaN,NaT,NaT,NaN
687,684,736574.55720691,1472736142.677,2016-09-01T13:22:22.677,,BCHH,00,HHZ,.BCHH.00.HHZ,,-1,-1,NaN,.BCHH..HHZ_00,1,0,0,0,1,0,1,NaN,,NaN,0,NaN,NaN,NaN,NaN,NaT,NaT,NaN
688,370,736574.557249225,1472736146.333,2016-09-01T13:22:26.333,,BCHH,00,HHZ,.BCHH.00.HHZ,P,-1,-1,NaN,.BCHH..HHZ_00,1,0,0,1,0,0,1,NaN,,NaN,0,NaN,NaN,NaN,NaN,NaT,NaT,NaN
698,780,736574.557325521,1472736152.925,2016-09-01T13:22:32.925,,BCHH,00,HHZ,.BCHH.00.HHZ,,-1,-1,NaN,.BCHH..HHZ_00,1,0,0,0,1,0,1,NaN,,NaN,0,NaN,NaN,NaN,NaN,NaT,NaT,NaN
699,686,736574.557350903,1472736155.118,2016-09-01T13:22:35.118,,BCHH,00,HHZ,.BCHH.00.HHZ,,-1,-1,NaN,.BCHH..HHZ_00,1,0,0,0,1,0,1,NaN,,NaN,0,NaN,NaN,NaN,NaN,NaT,NaT,NaN
700,687,736574.557375116,1472736157.21,2016-09-01T13:22:37.210,,BCHH,00,HHZ,.BCHH.00.HHZ,,-1,-1,NaN,.BCHH..HHZ_00,1,0,0,0,1,0,1,NaN,,NaN,0,NaN,NaN,NaN,NaN,NaT,NaT,NaN
720,319,736574.557511667,1472736169.008,2016-09-01T13:22:49.008,,BCHH,10,HD2,.BCHH.10.HD2,del,-1,-1,NaN,.BCHH..HD2_10,1,1,0,0,0,1,0,NaN,,NaN,0,NaN,NaN,NaN,NaN,NaT,NaT,NaN
721,789,736574.557511713,1472736169.012,2016-09-01T13:22:49.012,,BCHH,10,HD2,.BCHH.10.HD2,N,-1,-1,NaN,.BCHH..HD2_10,1,0,1,0,0,1,0,NaN,,NaN,0,NaN,NaN,NaN,NaN,NaT,NaT,NaN
722,690,736574.557541875,1472736171.618,2016-09-01T13:22:51.618,,BCHH,00,HHZ,.BCHH.00.HHZ,,-1,-1,NaN,.BCHH..HHZ_00,1,0,0,0,1,0,1,NaN,,NaN,0,NaN,NaN,NaN,NaN,NaT,NaT,NaN
728,327,736574.557662211,1472736182.015,2016-09-01T13:23:02.015,,BCHH,00,HHZ,.BCHH.00.HHZ,del,-1,-1,NaN,.BCHH..HHZ_00,1,1,0,0,0,0,1,NaN,,NaN,0,NaN,NaN,NaN,NaN,NaT,NaT,NaN
729,691,736574.557662454,1472736182.036,2016-09-01T13:23:02.036,,BCHH,00,HHZ,.BCHH.00.HHZ,,-1,-1,NaN,.BCHH..HHZ_00,1,0,0,0,1,0,1,NaN,,NaN,0,NaN,NaN,NaN,NaN,NaT,NaT,NaN
732,692,736574.557718148,1472736186.848,2016-09-01T13:23:06.848,,BCHH,00,HHZ,.BCHH.00.HHZ,,-1,-1,NaN,.BCHH..HHZ_00,1,0,0,0,1,0,1,NaN,,NaN,0,NaN,NaN,NaN,NaN,NaT,NaT,NaN
738,693,736574.557836146,1472736197.043,2016-09-01T13:23:17.043,,BCHH,00,HHZ,.BCHH.00.HHZ,,-1,-1,NaN,.BCHH..HHZ_00,1,0,0,0,1,0,1,NaN,,NaN,0,NaN,NaN,NaN,NaN,NaT,NaT,NaN
746,694,736574.558151736,1472736224.31,2016-09-01T13:23:44.310,,BCHH,00,HHZ,.BCHH.00.HHZ,,-1,-1,NaN,.BCHH..HHZ_00,1,0,0,0,1,0,1,NaN,,NaN,0,NaN,NaN,NaN,NaN,NaT,NaT,NaN
747,775,736574.558261262,1472736233.773,2016-09-01T13:23:53.773,,BCHH,00,HHZ,.BCHH.00.HHZ,,-1,-1,NaN,.BCHH..HHZ_00,1,0,0,0,1,0,1,NaN,,NaN,0,NaN,NaN,NaN,NaN,NaT,NaT,NaN
748,776,736574.558273681,1472736234.846,2016-09-01T13:23:54.846,,BCHH,00,HHZ,.BCHH.00.HHZ,,-1,-1,NaN,.BCHH..HHZ_00,1,0,0,0,1,0,1,NaN,,NaN,0,NaN,NaN,NaN,NaN,NaT,NaT,NaN
749,695,736574.558288623,1472736236.137,2016-09-01T13:23:56.137,,BCHH,00,HHZ,.BCHH.00.HHZ,,-1,-1,NaN,.BCHH..HHZ_00,1,0,0,0,1,0,1,NaN,,NaN,0,NaN,NaN,NaN,NaN,NaT,NaT,NaN
750,336,736574.55831331,1472736238.27,2016-09-01T13:23:58.270,,BCHH,00,HHZ,.BCHH.00.HHZ,del,-1,-1,NaN,.BCHH..HHZ_00,1,1,0,0,0,0,1,NaN,,NaN,0,NaN,NaN,NaN,NaN,NaT,NaT,NaN
751,696,736574.558313808,1472736238.313,2016-09-01T13:23:58.313,,BCHH,00,HHZ,.BCHH.00.HHZ,,-1,-1,NaN,.BCHH..HHZ_00,1,0,0,0,1,0,1,NaN,,NaN,0,NaN,NaN,NaN,NaN,NaT,NaT,NaN
752,777,736574.558414491,1472736247.012,2016-09-01T13:24:07.012,,BCHH,00,HHZ,.BCHH.00.HHZ,,-1,-1,NaN,.BCHH..HHZ_00,1,0,0,0,1,0,1,NaN,,NaN,0,NaN,NaN,NaN,NaN,NaT,NaT,NaN
756,772,736574.558635162,1472736266.078,2016-09-01T13:24:26.078,,BCHH,00,HHZ,.BCHH.00.HHZ,,-1,-1,NaN,.BCHH..HHZ_00,1,0,0,0,1,0,1,NaN,,NaN,0,NaN,NaN,NaN,NaN,NaT,NaT,NaN
757,771,736574.558650116,1472736267.37,2016-09-01T13:24:27.370,,BCHH,00,HHZ,.BCHH.00.HHZ,,-1,-1,NaN,.BCHH..HHZ_00,1,0,0,0,1,0,1,NaN,,NaN,0,NaN,NaN,NaN,NaN,NaT,NaT,NaN
758,770,736574.558676076,1472736269.613,2016-09-01T13:24:29.613,,BCHH,00,HHZ,.BCHH.00.HHZ,,-1,-1,NaN,.BCHH..HHZ_00,1,0,0,0,1,0,1,NaN,,NaN,0,NaN,NaN,NaN,NaN,NaT,NaT,NaN
759,773,736574.558687083,1472736270.564,2016-09-01T13:24:30.564,,BCHH,00,HHZ,.BCHH.00.HHZ,,-1,-1,NaN,.BCHH..HHZ_00,1,0,0,0,1,0,1,NaN,,NaN,0,NaN,NaN,NaN,NaN,NaT,NaT,NaN
760,769,736574.558698657,1472736271.564,2016-09-01T13:24:31.564,,BCHH,00,HHZ,.BCHH.00.HHZ,,-1,-1,NaN,.BCHH..HHZ_00,1,0,0,0,1,0,1,NaN,,NaN,0,NaN,NaN,NaN,NaN,NaT,NaT,NaN
761,768,736574.558774005,1472736278.074,2016-09-01T13:24:38.074,,BCHH,00,HHZ,.BCHH.00.HHZ,,-1,-1,NaN,.BCHH..HHZ_00,1,0,0,0,1,0,1,NaN,,NaN,0,NaN,NaN,NaN,NaN,NaT,NaT,NaN
762,767,736574.558790081,1472736279.463,2016-09-01T13:24:39.463,,BCHH,00,HHZ,.BCHH.00.HHZ,,-1,-1,NaN,.BCHH..HHZ_00,1,0,0,0,1,0,1,NaN,,NaN,0,NaN,NaN,NaN,NaN,NaT,NaT,NaN
763,698,736574.558808738,1472736281.075,2016-09-01T13:24:41.075,,BCHH,00,HHZ,.BCHH.00.HHZ,,-1,-1,NaN,.BCHH..HHZ_00,1,0,0,0,1,0,1,NaN,,NaN,0,NaN,NaN,NaN,NaN,NaT,NaT,NaN
764,697,736574.558895266,1472736288.551,2016-09-01T13:24:48.551,,BCHH,00,HHZ,.BCHH.00.HHZ,,-1,-1,NaN,.BCHH..HHZ_00,1,0,0,0,1,0,1,NaN,,NaN,0,NaN,NaN,NaN,NaN,NaT,NaT,NaN
768,342,736574.558930139,1472736291.564,2016-09-01T13:24:51.564,,BCHH,10,HD2,.BCHH.10.HD2,del,-1,-1,NaN,.BCHH..HD2_10,1,1,0,0,0,1,0,NaN,,NaN,0,NaN,NaN,NaN,NaN,NaT,NaT,NaN
769,790,736574.558930324,1472736291.58,2016-09-01T13:24:51.580,,BCHH,10,HD2,.BCHH.10.HD2,N,-1,-1,NaN,.BCHH..HD2_10,1,0,1,0,0,1,0,NaN,,NaN,0,NaN,NaN,NaN,NaN,NaT,NaT,NaN
770,699,736574.558930938,1472736291.633,2016-09-01T13:24:51.633,,BCHH,00,HHZ,.BCHH.00.HHZ,,-1,-1,NaN,.BCHH..HHZ_00,1,0,0,0,1,0,1,NaN,,NaN,0,NaN,NaN,NaN,NaN,NaT,NaT,NaN
771,700,736574.558988738,1472736296.627,2016-09-01T13:24:56.627,,BCHH,00,HHZ,.BCHH.00.HHZ,,-1,-1,NaN,.BCHH..HHZ_00,1,0,0,0,1,0,1,NaN,,NaN,0,NaN,NaN,NaN,NaN,NaT,NaT,NaN
772,765,736574.559054213,1472736302.284,2016-09-01T13:25:02.284,,BCHH,00,HHZ,.BCHH.00.HHZ,,-1,-1,NaN,.BCHH..HHZ_00,1,0,0,0,1,0,1,NaN,,NaN,0,NaN,NaN,NaN,NaN,NaT,NaT,NaN
773,343,736574.559056539,1472736302.485,2016-09-01T13:25:02.485,,BCHH,00,HHE,.BCHH.00.HHE,del,-1,-1,NaN,.BCHH..HHE_00,1,1,0,0,0,0,1,NaN,,NaN,0,NaN,NaN,NaN,NaN,NaT,NaT,NaN
774,774,736574.559067766,1472736303.455,2016-09-01T13:25:03.455,,BCHH,00,HHZ,.BCHH.00.HHZ,,-1,-1,NaN,.BCHH..HHZ_00,1,0,0,0,1,0,1,NaN,,NaN,0,NaN,NaN,NaN,NaN,NaT,NaT,NaN
775,766,736574.559076794,1472736304.235,2016-09-01T13:25:04.235,,BCHH,00,HHZ,.BCHH.00.HHZ,,-1,-1,NaN,.BCHH..HHZ_00,1,0,0,0,1,0,1,NaN,,NaN,0,NaN,NaN,NaN,NaN,NaT,NaT,NaN
776,378,736574.559087488,1472736305.159,2016-09-01T13:25:05.159,,BCHH,00,HHZ,.BCHH.00.HHZ,del,-1,-1,NaN,.BCHH..HHZ_00,1,1,0,0,0,0,1,NaN,,NaN,0,NaN,NaN,NaN,NaN,NaT,NaT,NaN
777,764,736574.559087801,1472736305.186,2016-09-01T13:25:05.186,,BCHH,00,HHZ,.BCHH.00.HHZ,,-1,-1,NaN,.BCHH..HHZ_00,1,0,0,0,1,0,1,NaN,,NaN,0,NaN,NaN,NaN,NaN,NaT,NaT,NaN
778,345,736574.559254178,1472736319.561,2016-09-01T13:25:19.561,,BCHH,10,HD2,.BCHH.10.HD2,del,-1,-1,NaN,.BCHH..HD2_10,1,1,0,0,0,1,0,NaN,,NaN,0,NaN,NaN,NaN,NaN,NaT,NaT,NaN
779,344,736574.559254502,1472736319.589,2016-09-01T13:25:19.589,,BCHH,00,HHZ,.BCHH.00.HHZ,del,-1,-1,NaN,.BCHH..HHZ_00,1,1,0,0,0,0,1,NaN,,NaN,0,NaN,NaN,NaN,NaN,NaT,NaT,NaN
780,701,736574.559254606,1472736319.598,2016-09-01T13:25:19.598,,BCHH,00,HHZ,.BCHH.00.HHZ,,-1,-1,NaN,.BCHH..HHZ_00,1,0,0,0,1,0,1,NaN,,NaN,0,NaN,NaN,NaN,NaN,NaT,NaT,NaN
781,702,736574.559498843,1472736340.7,2016-09-01T13:25:40.700,,BCHH,00,HHZ,.BCHH.00.HHZ,,-1,-1,NaN,.BCHH..HHZ_00,1,0,0,0,1,0,1,NaN,,NaN,0,NaN,NaN,NaN,NaN,NaT,NaT,NaN
782,763,736574.559504595,1472736341.197,2016-09-01T13:25:41.197,,BCHH,00,HHZ,.BCHH.00.HHZ,,-1,-1,NaN,.BCHH..HHZ_00,1,0,0,0,1,0,1,NaN,,NaN,0,NaN,NaN,NaN,NaN,NaT,NaT,NaN
783,778,736574.559705509,1472736358.556,2016-09-01T13:25:58.556,,BCHH,00,HHZ,.BCHH.00.HHZ,,-1,-1,NaN,.BCHH..HHZ_00,1,0,0,0,1,0,1,NaN,,NaN,0,NaN,NaN,NaN,NaN,NaT,NaT,NaN
784,762,736574.559780567,1472736365.041,2016-09-01T13:26:05.041,,BCHH,00,HHZ,.BCHH.00.HHZ,,-1,-1,NaN,.BCHH..HHZ_00,1,0,0,0,1,0,1,NaN,,NaN,0,NaN,NaN,NaN,NaN,NaT,NaT,NaN
785,779,736574.559836447,1472736369.869,2016-09-01T13:26:09.869,,BCHH,00,HHZ,.BCHH.00.HHZ,,-1,-1,NaN,.BCHH..HHZ_00,1,0,0,0,1,0,1,NaN,,NaN,0,NaN,NaN,NaN,NaN,NaT,NaT,NaN
786,761,736574.559893449,1472736374.794,2016-09-01T13:26:14.794,,BCHH,00,HHZ,.BCHH.00.HHZ,,-1,-1,NaN,.BCHH..HHZ_00,1,0,0,0,1,0,1,NaN,,NaN,0,NaN,NaN,NaN,NaN,NaT,NaT,NaN
787,346,736574.559923484,1472736377.389,2016-09-01T13:26:17.389,,BCHH,00,HHZ,.BCHH.00.HHZ,U,-1,-1,NaN,.BCHH..HHZ_00,1,0,0,0,0,0,1,NaN,,NaN,0,NaN,NaN,NaN,NaN,NaT,NaT,NaN
788,379,736574.560114676,1472736393.908,2016-09-01T13:26:33.908,,BCHH,00,HHZ,.BCHH.00.HHZ,U,-1,-1,NaN,.BCHH..HHZ_00,1,0,0,0,0,0,1,NaN,,NaN,0,NaN,NaN,NaN,NaN,NaT,NaT,NaN
789,703,736574.560229132,1472736403.797,2016-09-01T13:26:43.797,,BCHH,00,HHZ,.BCHH.00.HHZ,,-1,-1,NaN,.BCHH..HHZ_00,1,0,0,0,1,0,1,NaN,,NaN,0,NaN,NaN,NaN,NaN,NaT,NaT,NaN
790,757,736574.561254167,1472736492.36,2016-09-01T13:28:12.360,,BCHH,00,HHZ,.BCHH.00.HHZ,,-1,-1,NaN,.BCHH..HHZ_00,1,0,0,0,1,0,1,NaN,,NaN,0,NaN,NaN,NaN,NaN,NaT,NaT,NaN
791,758,736574.56131794,1472736497.87,2016-09-01T13:28:17.870,,BCHH,00,HHZ,.BCHH.00.HHZ,,-1,-1,NaN,.BCHH..HHZ_00,1,0,0,0,1,0,1,NaN,,NaN,0,NaN,NaN,NaN,NaN,NaT,NaT,NaN
792,760,736574.561390463,1472736504.136,2016-09-01T13:28:24.136,,BCHH,00,HHZ,.BCHH.00.HHZ,,-1,-1,NaN,.BCHH..HHZ_00,1,0,0,0,1,0,1,NaN,,NaN,0,NaN,NaN,NaN,NaN,NaT,NaT,NaN
793,759,736574.561397523,1472736504.746,2016-09-01T13:28:24.746,,BCHH,00,HHZ,.BCHH.00.HHZ,,-1,-1,NaN,.BCHH..HHZ_00,1,0,0,0,1,0,1,NaN,,NaN,0,NaN,NaN,NaN,NaN,NaT,NaT,NaN
794,756,736574.561622708,1472736524.202,2016-09-01T13:28:44.202,,BCHH,00,HHZ,.BCHH.00.HHZ,,-1,-1,NaN,.BCHH..HHZ_00,1,0,0,0,1,0,1,NaN,,NaN,0,NaN,NaN,NaN,NaN,NaT,NaT,NaN
795,755,736574.561928877,1472736550.65501,2016-09-01T13:29:10.655,,BCHH,00,HHZ,.BCHH.00.HHZ,,-1,-1,NaN,.BCHH..HHZ_00,1,0,0,0,1,0,1,NaN,,NaN,0,NaN,NaN,NaN,NaN,NaT,NaT,NaN
796,754,736574.562323102,1472736584.716,2016-09-01T13:29:44.716,,BCHH,00,HHZ,.BCHH.00.HHZ,,-1,-1,NaN,.BCHH..HHZ_00,1,0,0,0,1,0,1,NaN,,NaN,0,NaN,NaN,NaN,NaN,NaT,NaT,NaN
797,444,736574.562422141,1472736593.273,2016-09-01T13:29:53.273,,BCHH,00,HHE,.BCHH.00.HHE,S,-1,-1,NaN,.BCHH..HHE_00,1,0,0,1,0,0,1,NaN,,NaN,0,NaN,NaN,NaN,NaN,NaT,NaT,NaN
809,748,736574.563050023,1472736647.522,2016-09-01T13:30:47.522,,BCHH,00,HHZ,.BCHH.00.HHZ,,-1,-1,NaN,.BCHH..HHZ_00,1,0,0,0,1,0,1,NaN,,NaN,0,NaN,NaN,NaN,NaN,NaT,NaT,NaN
810,746,736574.563203866,1472736660.814,2016-09-01T13:31:00.814,,BCHH,00,HHZ,.BCHH.00.HHZ,,-1,-1,NaN,.BCHH..HHZ_00,1,0,0,0,1,0,1,NaN,,NaN,0,NaN,NaN,NaN,NaN,NaT,NaT,NaN
811,750,736574.563264491,1472736666.052,2016-09-01T13:31:06.052,,BCHH,00,HHZ,.BCHH.00.HHZ,,-1,-1,NaN,.BCHH..HHZ_00,1,0,0,0,1,0,1,NaN,,NaN,0,NaN,NaN,NaN,NaN,NaT,NaT,NaN
812,747,736574.563292488,1472736668.471,2016-09-01T13:31:08.471,,BCHH,00,HHZ,.BCHH.00.HHZ,,-1,-1,NaN,.BCHH..HHZ_00,1,0,0,0,1,0,1,NaN,,NaN,0,NaN,NaN,NaN,NaN,NaT,NaT,NaN
813,749,736574.563330799,1472736671.781,2016-09-01T13:31:11.781,,BCHH,00,HHZ,.BCHH.00.HHZ,,-1,-1,NaN,.BCHH..HHZ_00,1,0,0,0,1,0,1,NaN,,NaN,0,NaN,NaN,NaN,NaN,NaT,NaT,NaN
814,751,736574.56335338,1472736673.732,2016-09-01T13:31:13.732,,BCHH,00,HHZ,.BCHH.00.HHZ,,-1,-1,NaN,.BCHH..HHZ_00,1,0,0,0,1,0,1,NaN,,NaN,0,NaN,NaN,NaN,NaN,NaT,NaT,NaN
815,752,736574.56336353,1472736674.609,2016-09-01T13:31:14.609,,BCHH,00,HHZ,.BCHH.00.HHZ,,-1,-1,NaN,.BCHH..HHZ_00,1,0,0,0,1,0,1,NaN,,NaN,0,NaN,NaN,NaN,NaN,NaT,NaT,NaN
816,753,736574.563377083,1472736675.78,2016-09-01T13:31:15.780,,BCHH,00,HHZ,.BCHH.00.HHZ,,-1,-1,NaN,.BCHH..HHZ_00,1,0,0,0,1,0,1,NaN,,NaN,0,NaN,NaN,NaN,NaN,NaT,NaT,NaN
817,745,736574.563472164,1472736683.995,2016-09-01T13:31:23.995,,BCHH,00,HHZ,.BCHH.00.HHZ,,-1,-1,NaN,.BCHH..HHZ_00,1,0,0,0,1,0,1,NaN,,NaN,0,NaN,NaN,NaN,NaN,NaT,NaT,NaN
818,744,736574.563502512,1472736686.617,2016-09-01T13:31:26.617,,BCHH,00,HHZ,.BCHH.00.HHZ,,-1,-1,NaN,.BCHH..HHZ_00,1,0,0,0,1,0,1,NaN,,NaN,0,NaN,NaN,NaN,NaN,NaT,NaT,NaN
819,743,736574.563534259,1472736689.36,2016-09-01T13:31:29.360,,BCHH,00,HHZ,.BCHH.00.HHZ,,-1,-1,NaN,.BCHH..HHZ_00,1,0,0,0,1,0,1,NaN,,NaN,0,NaN,NaN,NaN,NaN,NaT,NaT,NaN
820,742,736574.563557639,1472736691.38,2016-09-01T13:31:31.380,,BCHH,00,HHZ,.BCHH.00.HHZ,,-1,-1,NaN,.BCHH..HHZ_00,1,0,0,0,1,0,1,NaN,,NaN,0,NaN,NaN,NaN,NaN,NaT,NaT,NaN
821,740,736574.56362184,1472736696.927,2016-09-01T13:31:36.927,,BCHH,00,HHZ,.BCHH.00.HHZ,,-1,-1,NaN,.BCHH..HHZ_00,1,0,0,0,1,0,1,NaN,,NaN,0,NaN,NaN,NaN,NaN,NaT,NaT,NaN
822,741,736574.563667535,1472736700.875,2016-09-01T13:31:40.875,,BCHH,00,HHZ,.BCHH.00.HHZ,,-1,-1,NaN,.BCHH..HHZ_00,1,0,0,0,1,0,1,NaN,,NaN,0,NaN,NaN,NaN,NaN,NaT,NaT,NaN
823,739,736574.563832569,1472736715.134,2016-09-01T13:31:55.134,,BCHH,00,HHZ,.BCHH.00.HHZ,,-1,-1,NaN,.BCHH..HHZ_00,1,0,0,0,1,0,1,NaN,,NaN,0,NaN,NaN,NaN,NaN,NaT,NaT,NaN
824,738,736574.563874433,1472736718.751,2016-09-01T13:31:58.751,,BCHH,00,HHZ,.BCHH.00.HHZ,,-1,-1,NaN,.BCHH..HHZ_00,1,0,0,0,1,0,1,NaN,,NaN,0,NaN,NaN,NaN,NaN,NaT,NaT,NaN
825,737,736574.563883148,1472736719.504,2016-09-01T13:31:59.504,,BCHH,00,HHZ,.BCHH.00.HHZ,,-1,-1,NaN,.BCHH..HHZ_00,1,0,0,0,1,0,1,NaN,,NaN,0,NaN,NaN,NaN,NaN,NaT,NaT,NaN
826,736,736574.563894664,1472736720.499,2016-09-01T13:32:00.499,,BCHH,00,HHZ,.BCHH.00.HHZ,,-1,-1,NaN,.BCHH..HHZ_00,1,0,0,0,1,0,1,NaN,,NaN,0,NaN,NaN,NaN,NaN,NaT,NaT,NaN
827,735,736574.563996192,1472736729.271,2016-09-01T13:32:09.271,,BCHH,00,HHZ,.BCHH.00.HHZ,,-1,-1,NaN,.BCHH..HHZ_00,1,0,0,0,1,0,1,NaN,,NaN,0,NaN,NaN,NaN,NaN,NaT,NaT,NaN
828,734,736574.564003866,1472736729.934,2016-09-01T13:32:09.934,,BCHH,00,HHZ,.BCHH.00.HHZ,,-1,-1,NaN,.BCHH..HHZ_00,1,0,0,0,1,0,1,NaN,,NaN,0,NaN,NaN,NaN,NaN,NaT,NaT,NaN
829,733,736574.564011898,1472736730.628,2016-09-01T13:32:10.628,,BCHH,00,HHZ,.BCHH.00.HHZ,,-1,-1,NaN,.BCHH..HHZ_00,1,0,0,0,1,0,1,NaN,,NaN,0,NaN,NaN,NaN,NaN,NaT,NaT,NaN
830,732,736574.564027593,1472736731.984,2016-09-01T13:32:11.984,,BCHH,00,HHZ,.BCHH.00.HHZ,,-1,-1,NaN,.BCHH..HHZ_00,1,0,0,0,1,0,1,NaN,,NaN,0,NaN,NaN,NaN,NaN,NaT,NaT,NaN
831,731,736574.564056551,1472736734.486,2016-09-01T13:32:14.486,,BCHH,00,HHZ,.BCHH.00.HHZ,,-1,-1,NaN,.BCHH..HHZ_00,1,0,0,0,1,0,1,NaN,,NaN,0,NaN,NaN,NaN,NaN,NaT,NaT,NaN
832,730,736574.564101562,1472736738.375,2016-09-01T13:32:18.375,,BCHH,00,HHZ,.BCHH.00.HHZ,,-1,-1,NaN,.BCHH..HHZ_00,1,0,0,0,1,0,1,NaN,,NaN,0,NaN,NaN,NaN,NaN,NaT,NaT,NaN
833,729,736574.564132963,1472736741.088,2016-09-01T13:32:21.088,,BCHH,00,HHZ,.BCHH.00.HHZ,,-1,-1,NaN,.BCHH..HHZ_00,1,0,0,0,1,0,1,NaN,,NaN,0,NaN,NaN,NaN,NaN,NaT,NaT,NaN
834,725,736574.56415912,1472736743.348,2016-09-01T13:32:23.348,,BCHH,00,HHZ,.BCHH.00.HHZ,,-1,-1,NaN,.BCHH..HHZ_00,1,0,0,0,1,0,1,NaN,,NaN,0,NaN,NaN,NaN,NaN,NaT,NaT,NaN
835,726,736574.564187037,1472736745.76,2016-09-01T13:32:25.760,,BCHH,00,HHZ,.BCHH.00.HHZ,,-1,-1,NaN,.BCHH..HHZ_00,1,0,0,0,1,0,1,NaN,,NaN,0,NaN,NaN,NaN,NaN,NaT,NaT,NaN
836,727,736574.564222627,1472736748.835,2016-09-01T13:32:28.835,,BCHH,00,HHZ,.BCHH.00.HHZ,,-1,-1,NaN,.BCHH..HHZ_00,1,0,0,0,1,0,1,NaN,,NaN,0,NaN,NaN,NaN,NaN,NaT,NaT,NaN
837,728,736574.564244954,1472736750.764,2016-09-01T13:32:30.764,,BCHH,00,HHZ,.BCHH.00.HHZ,,-1,-1,NaN,.BCHH..HHZ_00,1,0,0,0,1,0,1,NaN,,NaN,0,NaN,NaN,NaN,NaN,NaT,NaT,NaN
842,723,736574.564404398,1472736764.54,2016-09-01T13:32:44.540,,BCHH,00,HHZ,.BCHH.00.HHZ,,-1,-1,NaN,.BCHH..HHZ_00,1,0,0,0,1,0,1,NaN,,NaN,0,NaN,NaN,NaN,NaN,NaT,NaT,NaN
843,722,736574.564563137,1472736778.255,2016-09-01T13:32:58.255,,BCHH,00,HHZ,.BCHH.00.HHZ,,-1,-1,NaN,.BCHH..HHZ_00,1,0,0,0,1,0,1,NaN,,NaN,0,NaN,NaN,NaN,NaN,NaT,NaT,NaN
844,704,736574.564639942,1472736784.891,2016-09-01T13:33:04.891,,BCHH,00,HHZ,.BCHH.00.HHZ,,-1,-1,NaN,.BCHH..HHZ_00,1,0,0,0,1,0,1,NaN,,NaN,0,NaN,NaN,NaN,NaN,NaT,NaT,NaN
845,724,736574.564696065,1472736789.74,2016-09-01T13:33:09.740,,BCHH,00,HHZ,.BCHH.00.HHZ,,-1,-1,NaN,.BCHH..HHZ_00,1,0,0,0,1,0,1,NaN,,NaN,0,NaN,NaN,NaN,NaN,NaT,NaT,NaN
846,705,736574.564734537,1472736793.064,2016-09-01T13:33:13.064,,BCHH,00,HHZ,.BCHH.00.HHZ,,-1,-1,NaN,.BCHH..HHZ_00,1,0,0,0,1,0,1,NaN,,NaN,0,NaN,NaN,NaN,NaN,NaT,NaT,NaN
847,716,736574.564762697,1472736795.497,2016-09-01T13:33:15.497,,BCHH,00,HHZ,.BCHH.00.HHZ,,-1,-1,NaN,.BCHH..HHZ_00,1,0,0,0,1,0,1,NaN,,NaN,0,NaN,NaN,NaN,NaN,NaT,NaT,NaN
848,706,736574.564884016,1472736805.979,2016-09-01T13:33:25.979,,BCHH,00,HHZ,.BCHH.00.HHZ,,-1,-1,NaN,.BCHH..HHZ_00,1,0,0,0,1,0,1,NaN,,NaN,0,NaN,NaN,NaN,NaN,NaT,NaT,NaN
855,721,736574.564995764,1472736815.634,2016-09-01T13:33:35.634,,BCHH,00,HHZ,.BCHH.00.HHZ,,-1,-1,NaN,.BCHH..HHZ_00,1,0,0,0,1,0,1,NaN,,NaN,0,NaN,NaN,NaN,NaN,NaT,NaT,NaN
856,720,736574.565025069,1472736818.166,2016-09-01T13:33:38.166,,BCHH,00,HHZ,.BCHH.00.HHZ,,-1,-1,NaN,.BCHH..HHZ_00,1,0,0,0,1,0,1,NaN,,NaN,0,NaN,NaN,NaN,NaN,NaT,NaT,NaN
857,717,736574.565055069,1472736820.758,2016-09-01T13:33:40.758,,BCHH,00,HHZ,.BCHH.00.HHZ,,-1,-1,NaN,.BCHH..HHZ_00,1,0,0,0,1,0,1,NaN,,NaN,0,NaN,NaN,NaN,NaN,NaT,NaT,NaN
858,718,736574.565080544,1472736822.959,2016-09-01T13:33:42.959,,BCHH,00,HHZ,.BCHH.00.HHZ,,-1,-1,NaN,.BCHH..HHZ_00,1,0,0,0,1,0,1,NaN,,NaN,0,NaN,NaN,NaN,NaN,NaT,NaT,NaN
859,719,736574.565139155,1472736828.023,2016-09-01T13:33:48.023,,BCHH,00,HHZ,.BCHH.00.HHZ,,-1,-1,NaN,.BCHH..HHZ_00,1,0,0,0,1,0,1,NaN,,NaN,0,NaN,NaN,NaN,NaN,NaT,NaT,NaN
863,438,736574.565212917,1472736834.396,2016-09-01T13:33:54.396,,BCHH,10,HD2,.BCHH.10.HD2,N,-1,-1,NaN,.BCHH..HD2_10,1,0,1,0,0,1,0,NaN,,NaN,0,NaN,NaN,NaN,NaN,NaT,NaT,NaN
864,366,736574.565213067,1472736834.409,2016-09-01T13:33:54.409,,BCHH,10,HD3,.BCHH.10.HD3,N,-1,-1,NaN,.BCHH..HD3_10,1,0,1,0,0,1,0,NaN,,NaN,0,NaN,NaN,NaN,NaN,NaT,NaT,NaN
865,367,736574.565213333,1472736834.432,2016-09-01T13:33:54.432,,BCHH,00,HHZ,.BCHH.00.HHZ,N,-1,-1,NaN,.BCHH..HHZ_00,1,0,1,0,0,0,1,NaN,,NaN,0,NaN,NaN,NaN,NaN,NaT,NaT,NaN
866,711,736574.565263704,1472736838.784,2016-09-01T13:33:58.784,,BCHH,00,HHZ,.BCHH.00.HHZ,,-1,-1,NaN,.BCHH..HHZ_00,1,0,0,0,1,0,1,NaN,,NaN,0,NaN,NaN,NaN,NaN,NaT,NaT,NaN
867,710,736574.565310104,1472736842.793,2016-09-01T13:34:02.793,,BCHH,00,HHZ,.BCHH.00.HHZ,,-1,-1,NaN,.BCHH..HHZ_00,1,0,0,0,1,0,1,NaN,,NaN,0,NaN,NaN,NaN,NaN,NaT,NaT,NaN
868,712,736574.565318484,1472736843.517,2016-09-01T13:34:03.517,,BCHH,00,HHZ,.BCHH.00.HHZ,,-1,-1,NaN,.BCHH..HHZ_00,1,0,0,0,1,0,1,NaN,,NaN,0,NaN,NaN,NaN,NaN,NaT,NaT,NaN
869,713,736574.565323715,1472736843.969,2016-09-01T13:34:03.969,,BCHH,00,HHZ,.BCHH.00.HHZ,,-1,-1,NaN,.BCHH..HHZ_00,1,0,0,0,1,0,1,NaN,,NaN,0,NaN,NaN,NaN,NaN,NaT,NaT,NaN
870,708,736574.565363623,1472736847.417,2016-09-01T13:34:07.417,,BCHH,00,HHZ,.BCHH.00.HHZ,,-1,-1,NaN,.BCHH..HHZ_00,1,0,0,0,1,0,1,NaN,,NaN,0,NaN,NaN,NaN,NaN,NaT,NaT,NaN
871,368,736574.565363715,1472736847.425,2016-09-01T13:34:07.425,,BCHH,00,HHZ,.BCHH.00.HHZ,del,-1,-1,NaN,.BCHH..HHZ_00,1,1,0,0,0,0,1,NaN,,NaN,0,NaN,NaN,NaN,NaN,NaT,NaT,NaN
872,458,736574.565363958,1472736847.446,2016-09-01T13:34:07.446,,BCHH,00,HHE,.BCHH.00.HHE,Del,-1,-1,NaN,.BCHH..HHE_00,1,1,0,0,0,0,1,NaN,,NaN,0,NaN,NaN,NaN,NaN,NaT,NaT,NaN
873,380,736574.565434769,1472736853.564,2016-09-01T13:34:13.564,,BCHH,00,HHZ,.BCHH.00.HHZ,del,-1,-1,NaN,.BCHH..HHZ_00,1,1,0,0,0,0,1,NaN,,NaN,0,NaN,NaN,NaN,NaN,NaT,NaT,NaN
874,707,736574.565434965,1472736853.581,2016-09-01T13:34:13.581,,BCHH,00,HHZ,.BCHH.00.HHZ,,-1,-1,NaN,.BCHH..HHZ_00,1,0,0,0,1,0,1,NaN,,NaN,0,NaN,NaN,NaN,NaN,NaT,NaT,NaN
875,714,736574.565502002,1472736859.373,2016-09-01T13:34:19.373,,BCHH,00,HHZ,.BCHH.00.HHZ,,-1,-1,NaN,.BCHH..HHZ_00,1,0,0,0,1,0,1,NaN,,NaN,0,NaN,NaN,NaN,NaN,NaT,NaT,NaN
876,715,736574.56551735,1472736860.699,2016-09-01T13:34:20.699,,BCHH,00,HHZ,.BCHH.00.HHZ,,-1,-1,NaN,.BCHH..HHZ_00,1,0,0,0,1,0,1,NaN,,NaN,0,NaN,NaN,NaN,NaN,NaT,NaT,NaN
877,709,736574.566981759,1472736987.224,2016-09-01T13:36:27.224,,BCHH,00,HHZ,.BCHH.00.HHZ,,-1,-1,NaN,.BCHH..HHZ_00,1,0,0,0,1,0,1,NaN,,NaN,0,NaN,NaN,NaN,NaN,NaT,NaT,NaN
878,373,736574.574999375,1472737679.946,2016-09-01T13:47:59.946,,BCHH,10,HD2,.BCHH.10.HD2,del,-1,-1,NaN,.BCHH..HD2_10,1,1,0,0,0,1,0,NaN,,NaN,0,NaN,NaN,NaN,NaN,NaT,NaT,NaN
879,646,736574.578811667,1472738009.328,2016-09-01T13:53:29.328,,BCHH,00,HHZ,.BCHH.00.HHZ,,-1,-1,NaN,.BCHH..HHZ_00,1,0,0,0,1,0,1,NaN,,NaN,0,NaN,NaN,NaN,NaN,NaT,NaT,NaN
880,647,736574.59261265,1472739201.733,2016-09-01T14:13:21.733,,BCHH,00,HHZ,.BCHH.00.HHZ,,-1,-1,NaN,.BCHH..HHZ_00,1,0,0,0,1,0,1,NaN,,NaN,0,NaN,NaN,NaN,NaN,NaT,NaT,NaN
881,648,736574.639977766,1472743294.079,2016-09-01T15:21:34.079,,BCHH,00,HHZ,.BCHH.00.HHZ,,-1,-1,NaN,.BCHH..HHZ_00,1,0,0,0,1,0,1,NaN,,NaN,0,NaN,NaN,NaN,NaN,NaT,NaT,NaN
882,649,736574.678474375,1472746620.186,2016-09-01T16:17:00.186,,BCHH,00,HHZ,.BCHH.00.HHZ,,-1,-1,NaN,.BCHH..HHZ_00,1,0,0,0,1,0,1,NaN,,NaN,0,NaN,NaN,NaN,NaN,NaT,NaT,NaN
883,652,736574.739457778,1472751889.152,2016-09-01T17:44:49.152,,BCHH,00,HHZ,.BCHH.00.HHZ,,-1,-1,NaN,.BCHH..HHZ_00,1,0,0,0,1,0,1,NaN,,NaN,0,NaN,NaN,NaN,NaN,NaT,NaT,NaN
884,651,736574.744672593,1472752339.712,2016-09-01T17:52:19.712,,BCHH,00,HHZ,.BCHH.00.HHZ,,-1,-1,NaN,.BCHH..HHZ_00,1,0,0,0,1,0,1,NaN,,NaN,0,NaN,NaN,NaN,NaN,NaT,NaT,NaN
885,650,736574.757908912,1472753483.33,2016-09-01T18:11:23.330,,BCHH,00,HHZ,.BCHH.00.HHZ,,-1,-1,NaN,.BCHH..HHZ_00,1,0,0,0,1,0,1,NaN,,NaN,0,NaN,NaN,NaN,NaN,NaT,NaT,NaN
886,653,736574.771145243,1472754626.949,2016-09-01T18:30:26.949,,BCHH,00,HHZ,.BCHH.00.HHZ,,-1,-1,NaN,.BCHH..HHZ_00,1,0,0,0,1,0,1,NaN,,NaN,0,NaN,NaN,NaN,NaN,NaT,NaT,NaN
887,655,736574.885057326,1472764468.953,2016-09-01T21:14:28.953,,BCHH,00,HHZ,.BCHH.00.HHZ,,-1,-1,NaN,.BCHH..HHZ_00,1,0,0,0,1,0,1,NaN,,NaN,0,NaN,NaN,NaN,NaN,NaT,NaT,NaN
888,654,736574.885804676,1472764533.52401,2016-09-01T21:15:33.524,,BCHH,00,HHZ,.BCHH.00.HHZ,,-1,-1,NaN,.BCHH..HHZ_00,1,0,0,0,1,0,1,NaN,,NaN,0,NaN,NaN,NaN,NaN,NaT,NaT,NaN
889,656,736574.891218785,1472765001.303,2016-09-01T21:23:21.303,,BCHH,00,HHZ,.BCHH.00.HHZ,,-1,-1,NaN,.BCHH..HHZ_00,1,0,0,0,1,0,1,NaN,,NaN,0,NaN,NaN,NaN,NaN,NaT,NaT,NaN
890,657,736574.892132199,1472765080.222,2016-09-01T21:24:40.222,,BCHH,00,HHZ,.BCHH.00.HHZ,,-1,-1,NaN,.BCHH..HHZ_00,1,0,0,0,1,0,1,NaN,,NaN,0,NaN,NaN,NaN,NaN,NaT,NaT,NaN
