final_event_number,candidate_event_number,segment_file,segment_path,segment_start_epoch_s,segment_end_epoch_s
1,1,candidate_event_001.pkl,/Users/glennthompson/Developer/KSCRocketSeismoHydrology/08_fireball_paper/falcon9-seismoacoustic-workflow-1.0.0/data/outputs/070_prepare_event_waveform_products/event_streams/candidate_event_001.pkl,1472735235.4271336,1472735236.5271335
2,2,candidate_event_002.pkl,/Users/glennthompson/Developer/KSCRocketSeismoHydrology/08_fireball_paper/falcon9-seismoacoustic-workflow-1.0.0/data/outputs/070_prepare_event_waveform_products/event_streams/candidate_event_002.pkl,1472735235.5571334,1472735236.6571333
3,3,candidate_event_003.pkl,/Users/glennthompson/Developer/KSCRocketSeismoHydrology/08_fireball_paper/falcon9-seismoacoustic-workflow-1.0.0/data/outputs/070_prepare_event_waveform_products/event_streams/candidate_event_003.pkl,1472735235.755,1472735236.855
4,4,candidate_event_004.pkl,/Users/glennthompson/Developer/KSCRocketSeismoHydrology/08_fireball_paper/falcon9-seismoacoustic-workflow-1.0.0/data/outputs/070_prepare_event_waveform_products/event_streams/candidate_event_004.pkl,1472735235.9470668,1472735237.0470667
5,5,candidate_event_005.pkl,/Users/glennthompson/Developer/KSCRocketSeismoHydrology/08_fireball_paper/falcon9-seismoacoustic-workflow-1.0.0/data/outputs/070_prepare_event_waveform_products/event_streams/candidate_event_005.pkl,1472735236.2995667,1472735237.3995667
6,6,candidate_event_006.pkl,/Users/glennthompson/Developer/KSCRocketSeismoHydrology/08_fireball_paper/falcon9-seismoacoustic-workflow-1.0.0/data/outputs/070_prepare_event_waveform_products/event_streams/candidate_event_006.pkl,1472735236.742,1472735237.842
7,7,candidate_event_007.pkl,/Users/glennthompson/Developer/KSCRocketSeismoHydrology/08_fireball_paper/falcon9-seismoacoustic-workflow-1.0.0/data/outputs/070_prepare_event_waveform_products/event_streams/candidate_event_007.pkl,1472735237.134,1472735238.234
8,8,candidate_event_008.pkl,/Users/glennthompson/Developer/KSCRocketSeismoHydrology/08_fireball_paper/falcon9-seismoacoustic-workflow-1.0.0/data/outputs/070_prepare_event_waveform_products/event_streams/candidate_event_008.pkl,1472735237.3951335,1472735238.4951334
9,9,candidate_event_009.pkl,/Users/glennthompson/Developer/KSCRocketSeismoHydrology/08_fireball_paper/falcon9-seismoacoustic-workflow-1.0.0/data/outputs/070_prepare_event_waveform_products/event_streams/candidate_event_009.pkl,1472735237.6111336,1472735238.7111335
10,10,candidate_event_010.pkl,/Users/glennthompson/Developer/KSCRocketSeismoHydrology/08_fireball_paper/falcon9-seismoacoustic-workflow-1.0.0/data/outputs/070_prepare_event_waveform_products/event_streams/candidate_event_010.pkl,1472735237.8890667,1472735238.9890666
11,11,candidate_event_011.pkl,/Users/glennthompson/Developer/KSCRocketSeismoHydrology/08_fireball_paper/falcon9-seismoacoustic-workflow-1.0.0/data/outputs/070_prepare_event_waveform_products/event_streams/candidate_event_011.pkl,1472735238.4771335,1472735239.5771334
12,12,candidate_event_012.pkl,/Users/glennthompson/Developer/KSCRocketSeismoHydrology/08_fireball_paper/falcon9-seismoacoustic-workflow-1.0.0/data/outputs/070_prepare_event_waveform_products/event_streams/candidate_event_012.pkl,1472735238.7395668,1472735239.8395667
13,13,candidate_event_013.pkl,/Users/glennthompson/Developer/KSCRocketSeismoHydrology/08_fireball_paper/falcon9-seismoacoustic-workflow-1.0.0/data/outputs/070_prepare_event_waveform_products/event_streams/candidate_event_013.pkl,1472735238.9271336,1472735240.0271335
14,14,candidate_event_014.pkl,/Users/glennthompson/Developer/KSCRocketSeismoHydrology/08_fireball_paper/falcon9-seismoacoustic-workflow-1.0.0/data/outputs/070_prepare_event_waveform_products/event_streams/candidate_event_014.pkl,1472735239.0001335,1472735240.1001334
15,15,candidate_event_015.pkl,/Users/glennthompson/Developer/KSCRocketSeismoHydrology/08_fireball_paper/falcon9-seismoacoustic-workflow-1.0.0/data/outputs/070_prepare_event_waveform_products/event_streams/candidate_event_015.pkl,1472735239.0831337,1472735240.1831336
16,16,candidate_event_016.pkl,/Users/glennthompson/Developer/KSCRocketSeismoHydrology/08_fireball_paper/falcon9-seismoacoustic-workflow-1.0.0/data/outputs/070_prepare_event_waveform_products/event_streams/candidate_event_016.pkl,1472735240.4075668,1472735241.5075667
17,17,candidate_event_017.pkl,/Users/glennthompson/Developer/KSCRocketSeismoHydrology/08_fireball_paper/falcon9-seismoacoustic-workflow-1.0.0/data/outputs/070_prepare_event_waveform_products/event_streams/candidate_event_017.pkl,1472735241.0698934,1472735242.1698933
18,18,candidate_event_018.pkl,/Users/glennthompson/Developer/KSCRocketSeismoHydrology/08_fireball_paper/falcon9-seismoacoustic-workflow-1.0.0/data/outputs/070_prepare_event_waveform_products/event_streams/candidate_event_018.pkl,1472735242.9671335,1472735244.0671334
19,19,candidate_event_019.pkl,/Users/glennthompson/Developer/KSCRocketSeismoHydrology/08_fireball_paper/falcon9-seismoacoustic-workflow-1.0.0/data/outputs/070_prepare_event_waveform_products/event_streams/candidate_event_019.pkl,1472735245.0420666,1472735246.1420665
20,20,candidate_event_020.pkl,/Users/glennthompson/Developer/KSCRocketSeismoHydrology/08_fireball_paper/falcon9-seismoacoustic-workflow-1.0.0/data/outputs/070_prepare_event_waveform_products/event_streams/candidate_event_020.pkl,1472735245.6871336,1472735246.7871335
21,21,candidate_event_021.pkl,/Users/glennthompson/Developer/KSCRocketSeismoHydrology/08_fireball_paper/falcon9-seismoacoustic-workflow-1.0.0/data/outputs/070_prepare_event_waveform_products/event_streams/candidate_event_021.pkl,1472735246.2898934,1472735247.3898933
22,22,candidate_event_022.pkl,/Users/glennthompson/Developer/KSCRocketSeismoHydrology/08_fireball_paper/falcon9-seismoacoustic-workflow-1.0.0/data/outputs/070_prepare_event_waveform_products/event_streams/candidate_event_022.pkl,1472735247.905903,1472735249.005903
23,23,candidate_event_023.pkl,/Users/glennthompson/Developer/KSCRocketSeismoHydrology/08_fireball_paper/falcon9-seismoacoustic-workflow-1.0.0/data/outputs/070_prepare_event_waveform_products/event_streams/candidate_event_023.pkl,1472735248.4858932,1472735249.5858932
24,24,candidate_event_024.pkl,/Users/glennthompson/Developer/KSCRocketSeismoHydrology/08_fireball_paper/falcon9-seismoacoustic-workflow-1.0.0/data/outputs/070_prepare_event_waveform_products/event_streams/candidate_event_024.pkl,1472735249.9511335,1472735251.0511334
25,25,candidate_event_025.pkl,/Users/glennthompson/Developer/KSCRocketSeismoHydrology/08_fireball_paper/falcon9-seismoacoustic-workflow-1.0.0/data/outputs/070_prepare_event_waveform_products/event_streams/candidate_event_025.pkl,1472735252.2978933,1472735253.3978932
26,26,candidate_event_026.pkl,/Users/glennthompson/Developer/KSCRocketSeismoHydrology/08_fireball_paper/falcon9-seismoacoustic-workflow-1.0.0/data/outputs/070_prepare_event_waveform_products/event_streams/candidate_event_026.pkl,1472735253.9351337,1472735255.0351336
27,27,candidate_event_027.pkl,/Users/glennthompson/Developer/KSCRocketSeismoHydrology/08_fireball_paper/falcon9-seismoacoustic-workflow-1.0.0/data/outputs/070_prepare_event_waveform_products/event_streams/candidate_event_027.pkl,1472735257.884,1472735258.984
28,28,candidate_event_028.pkl,/Users/glennthompson/Developer/KSCRocketSeismoHydrology/08_fireball_paper/falcon9-seismoacoustic-workflow-1.0.0/data/outputs/070_prepare_event_waveform_products/event_streams/candidate_event_028.pkl,1472735258.5231335,1472735259.6231334
29,29,candidate_event_029.pkl,/Users/glennthompson/Developer/KSCRocketSeismoHydrology/08_fireball_paper/falcon9-seismoacoustic-workflow-1.0.0/data/outputs/070_prepare_event_waveform_products/event_streams/candidate_event_029.pkl,1472735261.3618932,1472735262.461893
30,30,candidate_event_030.pkl,/Users/glennthompson/Developer/KSCRocketSeismoHydrology/08_fireball_paper/falcon9-seismoacoustic-workflow-1.0.0/data/outputs/070_prepare_event_waveform_products/event_streams/candidate_event_030.pkl,1472735261.7351334,1472735262.8351333
31,31,candidate_event_031.pkl,/Users/glennthompson/Developer/KSCRocketSeismoHydrology/08_fireball_paper/falcon9-seismoacoustic-workflow-1.0.0/data/outputs/070_prepare_event_waveform_products/event_streams/candidate_event_031.pkl,1472735265.1635666,1472735266.2635665
32,32,candidate_event_032.pkl,/Users/glennthompson/Developer/KSCRocketSeismoHydrology/08_fireball_paper/falcon9-seismoacoustic-workflow-1.0.0/data/outputs/070_prepare_event_waveform_products/event_streams/candidate_event_032.pkl,1472735267.1961336,1472735268.2961335
33,33,candidate_event_033.pkl,/Users/glennthompson/Developer/KSCRocketSeismoHydrology/08_fireball_paper/falcon9-seismoacoustic-workflow-1.0.0/data/outputs/070_prepare_event_waveform_products/event_streams/candidate_event_033.pkl,1472735268.1515667,1472735269.2515666
34,34,candidate_event_034.pkl,/Users/glennthompson/Developer/KSCRocketSeismoHydrology/08_fireball_paper/falcon9-seismoacoustic-workflow-1.0.0/data/outputs/070_prepare_event_waveform_products/event_streams/candidate_event_034.pkl,1472735272.0721335,1472735273.1721334
35,35,candidate_event_035.pkl,/Users/glennthompson/Developer/KSCRocketSeismoHydrology/08_fireball_paper/falcon9-seismoacoustic-workflow-1.0.0/data/outputs/070_prepare_event_waveform_products/event_streams/candidate_event_035.pkl,1472735275.5815668,1472735276.6815667
36,36,candidate_event_036.pkl,/Users/glennthompson/Developer/KSCRocketSeismoHydrology/08_fireball_paper/falcon9-seismoacoustic-workflow-1.0.0/data/outputs/070_prepare_event_waveform_products/event_streams/candidate_event_036.pkl,1472735277.4578934,1472735278.5578933
37,37,candidate_event_037.pkl,/Users/glennthompson/Developer/KSCRocketSeismoHydrology/08_fireball_paper/falcon9-seismoacoustic-workflow-1.0.0/data/outputs/070_prepare_event_waveform_products/event_streams/candidate_event_037.pkl,1472735289.0911336,1472735290.1911335
38,38,candidate_event_038.pkl,/Users/glennthompson/Developer/KSCRocketSeismoHydrology/08_fireball_paper/falcon9-seismoacoustic-workflow-1.0.0/data/outputs/070_prepare_event_waveform_products/event_streams/candidate_event_038.pkl,1472735297.732,1472735298.832
39,39,candidate_event_039.pkl,/Users/glennthompson/Developer/KSCRocketSeismoHydrology/08_fireball_paper/falcon9-seismoacoustic-workflow-1.0.0/data/outputs/070_prepare_event_waveform_products/event_streams/candidate_event_039.pkl,1472735302.1631336,1472735303.2631335
40,40,candidate_event_040.pkl,/Users/glennthompson/Developer/KSCRocketSeismoHydrology/08_fireball_paper/falcon9-seismoacoustic-workflow-1.0.0/data/outputs/070_prepare_event_waveform_products/event_streams/candidate_event_040.pkl,1472735328.6835666,1472735329.7835665
41,41,candidate_event_041.pkl,/Users/glennthompson/Developer/KSCRocketSeismoHydrology/08_fireball_paper/falcon9-seismoacoustic-workflow-1.0.0/data/outputs/070_prepare_event_waveform_products/event_streams/candidate_event_041.pkl,1472735346.8150668,1472735347.9150667
42,42,candidate_event_042.pkl,/Users/glennthompson/Developer/KSCRocketSeismoHydrology/08_fireball_paper/falcon9-seismoacoustic-workflow-1.0.0/data/outputs/070_prepare_event_waveform_products/event_streams/candidate_event_042.pkl,1472735353.6855617,1472735354.7855616
43,43,candidate_event_043.pkl,/Users/glennthompson/Developer/KSCRocketSeismoHydrology/08_fireball_paper/falcon9-seismoacoustic-workflow-1.0.0/data/outputs/070_prepare_event_waveform_products/event_streams/candidate_event_043.pkl,1472735358.5820668,1472735359.6820667
44,44,candidate_event_044.pkl,/Users/glennthompson/Developer/KSCRocketSeismoHydrology/08_fireball_paper/falcon9-seismoacoustic-workflow-1.0.0/data/outputs/070_prepare_event_waveform_products/event_streams/candidate_event_044.pkl,1472735359.324,1472735360.4239998
45,45,candidate_event_045.pkl,/Users/glennthompson/Developer/KSCRocketSeismoHydrology/08_fireball_paper/falcon9-seismoacoustic-workflow-1.0.0/data/outputs/070_prepare_event_waveform_products/event_streams/candidate_event_045.pkl,1472735362.2675667,1472735363.3675666
46,46,candidate_event_046.pkl,/Users/glennthompson/Developer/KSCRocketSeismoHydrology/08_fireball_paper/falcon9-seismoacoustic-workflow-1.0.0/data/outputs/070_prepare_event_waveform_products/event_streams/candidate_event_046.pkl,1472735370.5058932,1472735371.6058931
47,47,candidate_event_047.pkl,/Users/glennthompson/Developer/KSCRocketSeismoHydrology/08_fireball_paper/falcon9-seismoacoustic-workflow-1.0.0/data/outputs/070_prepare_event_waveform_products/event_streams/candidate_event_047.pkl,1472735373.4361334,1472735374.5361333
48,48,candidate_event_048.pkl,/Users/glennthompson/Developer/KSCRocketSeismoHydrology/08_fireball_paper/falcon9-seismoacoustic-workflow-1.0.0/data/outputs/070_prepare_event_waveform_products/event_streams/candidate_event_048.pkl,1472735379.4755669,1472735380.5755668
49,49,candidate_event_049.pkl,/Users/glennthompson/Developer/KSCRocketSeismoHydrology/08_fireball_paper/falcon9-seismoacoustic-workflow-1.0.0/data/outputs/070_prepare_event_waveform_products/event_streams/candidate_event_049.pkl,1472735403.2985668,1472735404.3985667
50,50,candidate_event_050.pkl,/Users/glennthompson/Developer/KSCRocketSeismoHydrology/08_fireball_paper/falcon9-seismoacoustic-workflow-1.0.0/data/outputs/070_prepare_event_waveform_products/event_streams/candidate_event_050.pkl,1472735405.7590666,1472735406.8590665
51,51,candidate_event_051.pkl,/Users/glennthompson/Developer/KSCRocketSeismoHydrology/08_fireball_paper/falcon9-seismoacoustic-workflow-1.0.0/data/outputs/070_prepare_event_waveform_products/event_streams/candidate_event_051.pkl,1472735421.5620668,1472735422.6620667
52,52,candidate_event_052.pkl,/Users/glennthompson/Developer/KSCRocketSeismoHydrology/08_fireball_paper/falcon9-seismoacoustic-workflow-1.0.0/data/outputs/070_prepare_event_waveform_products/event_streams/candidate_event_052.pkl,1472735428.2245717,1472735429.3245716
53,53,candidate_event_053.pkl,/Users/glennthompson/Developer/KSCRocketSeismoHydrology/08_fireball_paper/falcon9-seismoacoustic-workflow-1.0.0/data/outputs/070_prepare_event_waveform_products/event_streams/candidate_event_053.pkl,1472735434.6970668,1472735435.7970667
54,54,candidate_event_054.pkl,/Users/glennthompson/Developer/KSCRocketSeismoHydrology/08_fireball_paper/falcon9-seismoacoustic-workflow-1.0.0/data/outputs/070_prepare_event_waveform_products/event_streams/candidate_event_054.pkl,1472735656.8631334,1472735657.9631333
55,55,candidate_event_055.pkl,/Users/glennthompson/Developer/KSCRocketSeismoHydrology/08_fireball_paper/falcon9-seismoacoustic-workflow-1.0.0/data/outputs/070_prepare_event_waveform_products/event_streams/candidate_event_055.pkl,1472735658.9221334,1472735660.0221334
56,56,candidate_event_056.pkl,/Users/glennthompson/Developer/KSCRocketSeismoHydrology/08_fireball_paper/falcon9-seismoacoustic-workflow-1.0.0/data/outputs/070_prepare_event_waveform_products/event_streams/candidate_event_056.pkl,1472735669.9951334,1472735671.0951333
57,57,candidate_event_057.pkl,/Users/glennthompson/Developer/KSCRocketSeismoHydrology/08_fireball_paper/falcon9-seismoacoustic-workflow-1.0.0/data/outputs/070_prepare_event_waveform_products/event_streams/candidate_event_057.pkl,1472735745.658893,1472735746.758893
58,58,candidate_event_058.pkl,/Users/glennthompson/Developer/KSCRocketSeismoHydrology/08_fireball_paper/falcon9-seismoacoustic-workflow-1.0.0/data/outputs/070_prepare_event_waveform_products/event_streams/candidate_event_058.pkl,1472735948.8250668,1472735949.9250667
59,59,candidate_event_059.pkl,/Users/glennthompson/Developer/KSCRocketSeismoHydrology/08_fireball_paper/falcon9-seismoacoustic-workflow-1.0.0/data/outputs/070_prepare_event_waveform_products/event_streams/candidate_event_059.pkl,1472735950.6161337,1472735951.7161336
60,60,candidate_event_060.pkl,/Users/glennthompson/Developer/KSCRocketSeismoHydrology/08_fireball_paper/falcon9-seismoacoustic-workflow-1.0.0/data/outputs/070_prepare_event_waveform_products/event_streams/candidate_event_060.pkl,1472735950.856567,1472735951.9565668
61,61,candidate_event_061.pkl,/Users/glennthompson/Developer/KSCRocketSeismoHydrology/08_fireball_paper/falcon9-seismoacoustic-workflow-1.0.0/data/outputs/070_prepare_event_waveform_products/event_streams/candidate_event_061.pkl,1472735951.1145668,1472735952.2145667
62,62,candidate_event_062.pkl,/Users/glennthompson/Developer/KSCRocketSeismoHydrology/08_fireball_paper/falcon9-seismoacoustic-workflow-1.0.0/data/outputs/070_prepare_event_waveform_products/event_streams/candidate_event_062.pkl,1472735952.566893,1472735953.666893
63,63,candidate_event_063.pkl,/Users/glennthompson/Developer/KSCRocketSeismoHydrology/08_fireball_paper/falcon9-seismoacoustic-workflow-1.0.0/data/outputs/070_prepare_event_waveform_products/event_streams/candidate_event_063.pkl,1472735952.758067,1472735953.8580668
64,64,candidate_event_064.pkl,/Users/glennthompson/Developer/KSCRocketSeismoHydrology/08_fireball_paper/falcon9-seismoacoustic-workflow-1.0.0/data/outputs/070_prepare_event_waveform_products/event_streams/candidate_event_064.pkl,1472735953.2368932,1472735954.336893
65,65,candidate_event_065.pkl,/Users/glennthompson/Developer/KSCRocketSeismoHydrology/08_fireball_paper/falcon9-seismoacoustic-workflow-1.0.0/data/outputs/070_prepare_event_waveform_products/event_streams/candidate_event_065.pkl,1472735954.0211334,1472735955.1211333
66,66,candidate_event_066.pkl,/Users/glennthompson/Developer/KSCRocketSeismoHydrology/08_fireball_paper/falcon9-seismoacoustic-workflow-1.0.0/data/outputs/070_prepare_event_waveform_products/event_streams/candidate_event_066.pkl,1472735954.712,1472735955.8119998
67,67,candidate_event_067.pkl,/Users/glennthompson/Developer/KSCRocketSeismoHydrology/08_fireball_paper/falcon9-seismoacoustic-workflow-1.0.0/data/outputs/070_prepare_event_waveform_products/event_streams/candidate_event_067.pkl,1472735956.3075666,1472735957.4075665
68,68,candidate_event_068.pkl,/Users/glennthompson/Developer/KSCRocketSeismoHydrology/08_fireball_paper/falcon9-seismoacoustic-workflow-1.0.0/data/outputs/070_prepare_event_waveform_products/event_streams/candidate_event_068.pkl,1472735957.6421337,1472735958.7421336
69,69,candidate_event_069.pkl,/Users/glennthompson/Developer/KSCRocketSeismoHydrology/08_fireball_paper/falcon9-seismoacoustic-workflow-1.0.0/data/outputs/070_prepare_event_waveform_products/event_streams/candidate_event_069.pkl,1472735958.3551335,1472735959.4551334
70,70,candidate_event_070.pkl,/Users/glennthompson/Developer/KSCRocketSeismoHydrology/08_fireball_paper/falcon9-seismoacoustic-workflow-1.0.0/data/outputs/070_prepare_event_waveform_products/event_streams/candidate_event_070.pkl,1472735962.1218932,1472735963.221893
71,71,candidate_event_071.pkl,/Users/glennthompson/Developer/KSCRocketSeismoHydrology/08_fireball_paper/falcon9-seismoacoustic-workflow-1.0.0/data/outputs/070_prepare_event_waveform_products/event_streams/candidate_event_071.pkl,1472735962.3071334,1472735963.4071333
72,72,candidate_event_072.pkl,/Users/glennthompson/Developer/KSCRocketSeismoHydrology/08_fireball_paper/falcon9-seismoacoustic-workflow-1.0.0/data/outputs/070_prepare_event_waveform_products/event_streams/candidate_event_072.pkl,1472735963.2338932,1472735964.333893
73,73,candidate_event_073.pkl,/Users/glennthompson/Developer/KSCRocketSeismoHydrology/08_fireball_paper/falcon9-seismoacoustic-workflow-1.0.0/data/outputs/070_prepare_event_waveform_products/event_streams/candidate_event_073.pkl,1472735964.536,1472735965.636
74,74,candidate_event_074.pkl,/Users/glennthompson/Developer/KSCRocketSeismoHydrology/08_fireball_paper/falcon9-seismoacoustic-workflow-1.0.0/data/outputs/070_prepare_event_waveform_products/event_streams/candidate_event_074.pkl,1472735966.3391335,1472735967.4391334
75,75,candidate_event_075.pkl,/Users/glennthompson/Developer/KSCRocketSeismoHydrology/08_fireball_paper/falcon9-seismoacoustic-workflow-1.0.0/data/outputs/070_prepare_event_waveform_products/event_streams/candidate_event_075.pkl,1472735968.865,1472735969.965
76,76,candidate_event_076.pkl,/Users/glennthompson/Developer/KSCRocketSeismoHydrology/08_fireball_paper/falcon9-seismoacoustic-workflow-1.0.0/data/outputs/070_prepare_event_waveform_products/event_streams/candidate_event_076.pkl,1472735972.8711336,1472735973.9711335
77,77,candidate_event_077.pkl,/Users/glennthompson/Developer/KSCRocketSeismoHydrology/08_fireball_paper/falcon9-seismoacoustic-workflow-1.0.0/data/outputs/070_prepare_event_waveform_products/event_streams/candidate_event_077.pkl,1472735973.2820668,1472735974.3820667
78,78,candidate_event_078.pkl,/Users/glennthompson/Developer/KSCRocketSeismoHydrology/08_fireball_paper/falcon9-seismoacoustic-workflow-1.0.0/data/outputs/070_prepare_event_waveform_products/event_streams/candidate_event_078.pkl,1472735981.9041336,1472735983.0041335
79,79,candidate_event_079.pkl,/Users/glennthompson/Developer/KSCRocketSeismoHydrology/08_fireball_paper/falcon9-seismoacoustic-workflow-1.0.0/data/outputs/070_prepare_event_waveform_products/event_streams/candidate_event_079.pkl,1472735987.837067,1472735988.9370668
80,80,candidate_event_080.pkl,/Users/glennthompson/Developer/KSCRocketSeismoHydrology/08_fireball_paper/falcon9-seismoacoustic-workflow-1.0.0/data/outputs/070_prepare_event_waveform_products/event_streams/candidate_event_080.pkl,1472735994.9231336,1472735996.0231335
81,81,candidate_event_081.pkl,/Users/glennthompson/Developer/KSCRocketSeismoHydrology/08_fireball_paper/falcon9-seismoacoustic-workflow-1.0.0/data/outputs/070_prepare_event_waveform_products/event_streams/candidate_event_081.pkl,1472735995.712067,1472735996.8120668
82,82,candidate_event_082.pkl,/Users/glennthompson/Developer/KSCRocketSeismoHydrology/08_fireball_paper/falcon9-seismoacoustic-workflow-1.0.0/data/outputs/070_prepare_event_waveform_products/event_streams/candidate_event_082.pkl,1472735999.5520668,1472736000.6520667
83,83,candidate_event_083.pkl,/Users/glennthompson/Developer/KSCRocketSeismoHydrology/08_fireball_paper/falcon9-seismoacoustic-workflow-1.0.0/data/outputs/070_prepare_event_waveform_products/event_streams/candidate_event_083.pkl,1472736003.438,1472736004.5379999
84,84,candidate_event_084.pkl,/Users/glennthompson/Developer/KSCRocketSeismoHydrology/08_fireball_paper/falcon9-seismoacoustic-workflow-1.0.0/data/outputs/070_prepare_event_waveform_products/event_streams/candidate_event_084.pkl,1472736004.679067,1472736005.7790668
85,85,candidate_event_085.pkl,/Users/glennthompson/Developer/KSCRocketSeismoHydrology/08_fireball_paper/falcon9-seismoacoustic-workflow-1.0.0/data/outputs/070_prepare_event_waveform_products/event_streams/candidate_event_085.pkl,1472736005.7955666,1472736006.8955665
86,86,candidate_event_086.pkl,/Users/glennthompson/Developer/KSCRocketSeismoHydrology/08_fireball_paper/falcon9-seismoacoustic-workflow-1.0.0/data/outputs/070_prepare_event_waveform_products/event_streams/candidate_event_086.pkl,1472736015.9215667,1472736017.0215666
87,87,candidate_event_087.pkl,/Users/glennthompson/Developer/KSCRocketSeismoHydrology/08_fireball_paper/falcon9-seismoacoustic-workflow-1.0.0/data/outputs/070_prepare_event_waveform_products/event_streams/candidate_event_087.pkl,1472736017.4765668,1472736018.5765667
88,88,candidate_event_088.pkl,/Users/glennthompson/Developer/KSCRocketSeismoHydrology/08_fireball_paper/falcon9-seismoacoustic-workflow-1.0.0/data/outputs/070_prepare_event_waveform_products/event_streams/candidate_event_088.pkl,1472736018.1420667,1472736019.2420666
89,89,candidate_event_089.pkl,/Users/glennthompson/Developer/KSCRocketSeismoHydrology/08_fireball_paper/falcon9-seismoacoustic-workflow-1.0.0/data/outputs/070_prepare_event_waveform_products/event_streams/candidate_event_089.pkl,1472736020.0260668,1472736021.1260667
90,90,candidate_event_090.pkl,/Users/glennthompson/Developer/KSCRocketSeismoHydrology/08_fireball_paper/falcon9-seismoacoustic-workflow-1.0.0/data/outputs/070_prepare_event_waveform_products/event_streams/candidate_event_090.pkl,1472736022.9185667,1472736024.0185666
91,91,candidate_event_091.pkl,/Users/glennthompson/Developer/KSCRocketSeismoHydrology/08_fireball_paper/falcon9-seismoacoustic-workflow-1.0.0/data/outputs/070_prepare_event_waveform_products/event_streams/candidate_event_091.pkl,1472736025.8125668,1472736026.9125667
92,92,candidate_event_092.pkl,/Users/glennthompson/Developer/KSCRocketSeismoHydrology/08_fireball_paper/falcon9-seismoacoustic-workflow-1.0.0/data/outputs/070_prepare_event_waveform_products/event_streams/candidate_event_092.pkl,1472736028.1020668,1472736029.2020667
93,93,candidate_event_093.pkl,/Users/glennthompson/Developer/KSCRocketSeismoHydrology/08_fireball_paper/falcon9-seismoacoustic-workflow-1.0.0/data/outputs/070_prepare_event_waveform_products/event_streams/candidate_event_093.pkl,1472736033.3025668,1472736034.4025667
94,94,candidate_event_094.pkl,/Users/glennthompson/Developer/KSCRocketSeismoHydrology/08_fireball_paper/falcon9-seismoacoustic-workflow-1.0.0/data/outputs/070_prepare_event_waveform_products/event_streams/candidate_event_094.pkl,1472736039.3355668,1472736040.4355667
95,95,candidate_event_095.pkl,/Users/glennthompson/Developer/KSCRocketSeismoHydrology/08_fireball_paper/falcon9-seismoacoustic-workflow-1.0.0/data/outputs/070_prepare_event_waveform_products/event_streams/candidate_event_095.pkl,1472736040.2351334,1472736041.3351333
96,96,candidate_event_096.pkl,/Users/glennthompson/Developer/KSCRocketSeismoHydrology/08_fireball_paper/falcon9-seismoacoustic-workflow-1.0.0/data/outputs/070_prepare_event_waveform_products/event_streams/candidate_event_096.pkl,1472736053.5225668,1472736054.6225667
97,97,candidate_event_097.pkl,/Users/glennthompson/Developer/KSCRocketSeismoHydrology/08_fireball_paper/falcon9-seismoacoustic-workflow-1.0.0/data/outputs/070_prepare_event_waveform_products/event_streams/candidate_event_097.pkl,1472736066.7175667,1472736067.8175666
98,98,candidate_event_098.pkl,/Users/glennthompson/Developer/KSCRocketSeismoHydrology/08_fireball_paper/falcon9-seismoacoustic-workflow-1.0.0/data/outputs/070_prepare_event_waveform_products/event_streams/candidate_event_098.pkl,1472736068.4565668,1472736069.5565667
99,99,candidate_event_099.pkl,/Users/glennthompson/Developer/KSCRocketSeismoHydrology/08_fireball_paper/falcon9-seismoacoustic-workflow-1.0.0/data/outputs/070_prepare_event_waveform_products/event_streams/candidate_event_099.pkl,1472736071.2475667,1472736072.3475666
100,100,candidate_event_100.pkl,/Users/glennthompson/Developer/KSCRocketSeismoHydrology/08_fireball_paper/falcon9-seismoacoustic-workflow-1.0.0/data/outputs/070_prepare_event_waveform_products/event_streams/candidate_event_100.pkl,1472736074.3670669,1472736075.4670668
101,101,candidate_event_101.pkl,/Users/glennthompson/Developer/KSCRocketSeismoHydrology/08_fireball_paper/falcon9-seismoacoustic-workflow-1.0.0/data/outputs/070_prepare_event_waveform_products/event_streams/candidate_event_101.pkl,1472736074.5635667,1472736075.6635666
102,102,candidate_event_102.pkl,/Users/glennthompson/Developer/KSCRocketSeismoHydrology/08_fireball_paper/falcon9-seismoacoustic-workflow-1.0.0/data/outputs/070_prepare_event_waveform_products/event_streams/candidate_event_102.pkl,1472736076.7705667,1472736077.8705666
103,103,candidate_event_103.pkl,/Users/glennthompson/Developer/KSCRocketSeismoHydrology/08_fireball_paper/falcon9-seismoacoustic-workflow-1.0.0/data/outputs/070_prepare_event_waveform_products/event_streams/candidate_event_103.pkl,1472736077.1620667,1472736078.2620666
104,104,candidate_event_104.pkl,/Users/glennthompson/Developer/KSCRocketSeismoHydrology/08_fireball_paper/falcon9-seismoacoustic-workflow-1.0.0/data/outputs/070_prepare_event_waveform_products/event_streams/candidate_event_104.pkl,1472736077.4950666,1472736078.5950665
105,105,candidate_event_105.pkl,/Users/glennthompson/Developer/KSCRocketSeismoHydrology/08_fireball_paper/falcon9-seismoacoustic-workflow-1.0.0/data/outputs/070_prepare_event_waveform_products/event_streams/candidate_event_105.pkl,1472736078.3450668,1472736079.4450667
106,106,candidate_event_106.pkl,/Users/glennthompson/Developer/KSCRocketSeismoHydrology/08_fireball_paper/falcon9-seismoacoustic-workflow-1.0.0/data/outputs/070_prepare_event_waveform_products/event_streams/candidate_event_106.pkl,1472736079.5200667,1472736080.6200666
107,107,candidate_event_107.pkl,/Users/glennthompson/Developer/KSCRocketSeismoHydrology/08_fireball_paper/falcon9-seismoacoustic-workflow-1.0.0/data/outputs/070_prepare_event_waveform_products/event_streams/candidate_event_107.pkl,1472736079.6440668,1472736080.7440667
108,108,candidate_event_108.pkl,/Users/glennthompson/Developer/KSCRocketSeismoHydrology/08_fireball_paper/falcon9-seismoacoustic-workflow-1.0.0/data/outputs/070_prepare_event_waveform_products/event_streams/candidate_event_108.pkl,1472736080.1345668,1472736081.2345667
109,109,candidate_event_109.pkl,/Users/glennthompson/Developer/KSCRocketSeismoHydrology/08_fireball_paper/falcon9-seismoacoustic-workflow-1.0.0/data/outputs/070_prepare_event_waveform_products/event_streams/candidate_event_109.pkl,1472736081.2098932,1472736082.3098931
110,110,candidate_event_110.pkl,/Users/glennthompson/Developer/KSCRocketSeismoHydrology/08_fireball_paper/falcon9-seismoacoustic-workflow-1.0.0/data/outputs/070_prepare_event_waveform_products/event_streams/candidate_event_110.pkl,1472736091.1875668,1472736092.2875667
111,111,candidate_event_111.pkl,/Users/glennthompson/Developer/KSCRocketSeismoHydrology/08_fireball_paper/falcon9-seismoacoustic-workflow-1.0.0/data/outputs/070_prepare_event_waveform_products/event_streams/candidate_event_111.pkl,1472736099.5065668,1472736100.6065667
112,112,candidate_event_112.pkl,/Users/glennthompson/Developer/KSCRocketSeismoHydrology/08_fireball_paper/falcon9-seismoacoustic-workflow-1.0.0/data/outputs/070_prepare_event_waveform_products/event_streams/candidate_event_112.pkl,1472736105.4385667,1472736106.5385666
113,113,candidate_event_113.pkl,/Users/glennthompson/Developer/KSCRocketSeismoHydrology/08_fireball_paper/falcon9-seismoacoustic-workflow-1.0.0/data/outputs/070_prepare_event_waveform_products/event_streams/candidate_event_113.pkl,1472736110.5235667,1472736111.6235666
114,114,candidate_event_114.pkl,/Users/glennthompson/Developer/KSCRocketSeismoHydrology/08_fireball_paper/falcon9-seismoacoustic-workflow-1.0.0/data/outputs/070_prepare_event_waveform_products/event_streams/candidate_event_114.pkl,1472736111.3925667,1472736112.4925666
115,115,candidate_event_115.pkl,/Users/glennthompson/Developer/KSCRocketSeismoHydrology/08_fireball_paper/falcon9-seismoacoustic-workflow-1.0.0/data/outputs/070_prepare_event_waveform_products/event_streams/candidate_event_115.pkl,1472736113.4460669,1472736114.5460668
116,116,candidate_event_116.pkl,/Users/glennthompson/Developer/KSCRocketSeismoHydrology/08_fireball_paper/falcon9-seismoacoustic-workflow-1.0.0/data/outputs/070_prepare_event_waveform_products/event_streams/candidate_event_116.pkl,1472736114.0260668,1472736115.1260667
117,117,candidate_event_117.pkl,/Users/glennthompson/Developer/KSCRocketSeismoHydrology/08_fireball_paper/falcon9-seismoacoustic-workflow-1.0.0/data/outputs/070_prepare_event_waveform_products/event_streams/candidate_event_117.pkl,1472736114.408567,1472736115.5085669
118,118,candidate_event_118.pkl,/Users/glennthompson/Developer/KSCRocketSeismoHydrology/08_fireball_paper/falcon9-seismoacoustic-workflow-1.0.0/data/outputs/070_prepare_event_waveform_products/event_streams/candidate_event_118.pkl,1472736114.8265667,1472736115.9265666
119,119,candidate_event_119.pkl,/Users/glennthompson/Developer/KSCRocketSeismoHydrology/08_fireball_paper/falcon9-seismoacoustic-workflow-1.0.0/data/outputs/070_prepare_event_waveform_products/event_streams/candidate_event_119.pkl,1472736115.1210668,1472736116.2210667
120,120,candidate_event_120.pkl,/Users/glennthompson/Developer/KSCRocketSeismoHydrology/08_fireball_paper/falcon9-seismoacoustic-workflow-1.0.0/data/outputs/070_prepare_event_waveform_products/event_streams/candidate_event_120.pkl,1472736115.379567,1472736116.4795668
121,121,candidate_event_121.pkl,/Users/glennthompson/Developer/KSCRocketSeismoHydrology/08_fireball_paper/falcon9-seismoacoustic-workflow-1.0.0/data/outputs/070_prepare_event_waveform_products/event_streams/candidate_event_121.pkl,1472736115.9020667,1472736117.0020666
122,122,candidate_event_122.pkl,/Users/glennthompson/Developer/KSCRocketSeismoHydrology/08_fireball_paper/falcon9-seismoacoustic-workflow-1.0.0/data/outputs/070_prepare_event_waveform_products/event_streams/candidate_event_122.pkl,1472736116.7005668,1472736117.8005667
123,123,candidate_event_123.pkl,/Users/glennthompson/Developer/KSCRocketSeismoHydrology/08_fireball_paper/falcon9-seismoacoustic-workflow-1.0.0/data/outputs/070_prepare_event_waveform_products/event_streams/candidate_event_123.pkl,1472736117.991067,1472736119.0910668
124,124,candidate_event_124.pkl,/Users/glennthompson/Developer/KSCRocketSeismoHydrology/08_fireball_paper/falcon9-seismoacoustic-workflow-1.0.0/data/outputs/070_prepare_event_waveform_products/event_streams/candidate_event_124.pkl,1472736119.4460669,1472736120.5460668
125,125,candidate_event_125.pkl,/Users/glennthompson/Developer/KSCRocketSeismoHydrology/08_fireball_paper/falcon9-seismoacoustic-workflow-1.0.0/data/outputs/070_prepare_event_waveform_products/event_streams/candidate_event_125.pkl,1472736121.2160668,1472736122.3160667
126,126,candidate_event_126.pkl,/Users/glennthompson/Developer/KSCRocketSeismoHydrology/08_fireball_paper/falcon9-seismoacoustic-workflow-1.0.0/data/outputs/070_prepare_event_waveform_products/event_streams/candidate_event_126.pkl,1472736122.3555667,1472736123.4555666
127,127,candidate_event_127.pkl,/Users/glennthompson/Developer/KSCRocketSeismoHydrology/08_fireball_paper/falcon9-seismoacoustic-workflow-1.0.0/data/outputs/070_prepare_event_waveform_products/event_streams/candidate_event_127.pkl,1472736123.0095668,1472736124.1095667
128,128,candidate_event_128.pkl,/Users/glennthompson/Developer/KSCRocketSeismoHydrology/08_fireball_paper/falcon9-seismoacoustic-workflow-1.0.0/data/outputs/070_prepare_event_waveform_products/event_streams/candidate_event_128.pkl,1472736124.7231336,1472736125.8231335
129,129,candidate_event_129.pkl,/Users/glennthompson/Developer/KSCRocketSeismoHydrology/08_fireball_paper/falcon9-seismoacoustic-workflow-1.0.0/data/outputs/070_prepare_event_waveform_products/event_streams/candidate_event_129.pkl,1472736125.5925667,1472736126.6925666
130,130,candidate_event_130.pkl,/Users/glennthompson/Developer/KSCRocketSeismoHydrology/08_fireball_paper/falcon9-seismoacoustic-workflow-1.0.0/data/outputs/070_prepare_event_waveform_products/event_streams/candidate_event_130.pkl,1472736126.1475668,1472736127.2475667
131,131,candidate_event_131.pkl,/Users/glennthompson/Developer/KSCRocketSeismoHydrology/08_fireball_paper/falcon9-seismoacoustic-workflow-1.0.0/data/outputs/070_prepare_event_waveform_products/event_streams/candidate_event_131.pkl,1472736126.9235668,1472736128.0235667
132,132,candidate_event_132.pkl,/Users/glennthompson/Developer/KSCRocketSeismoHydrology/08_fireball_paper/falcon9-seismoacoustic-workflow-1.0.0/data/outputs/070_prepare_event_waveform_products/event_streams/candidate_event_132.pkl,1472736127.7815666,1472736128.8815665
133,133,candidate_event_133.pkl,/Users/glennthompson/Developer/KSCRocketSeismoHydrology/08_fireball_paper/falcon9-seismoacoustic-workflow-1.0.0/data/outputs/070_prepare_event_waveform_products/event_streams/candidate_event_133.pkl,1472736130.092567,1472736131.1925669
134,134,candidate_event_134.pkl,/Users/glennthompson/Developer/KSCRocketSeismoHydrology/08_fireball_paper/falcon9-seismoacoustic-workflow-1.0.0/data/outputs/070_prepare_event_waveform_products/event_streams/candidate_event_134.pkl,1472736130.7325668,1472736131.8325667
135,135,candidate_event_135.pkl,/Users/glennthompson/Developer/KSCRocketSeismoHydrology/08_fireball_paper/falcon9-seismoacoustic-workflow-1.0.0/data/outputs/070_prepare_event_waveform_products/event_streams/candidate_event_135.pkl,1472736148.3835669,1472736149.4835668
136,136,candidate_event_136.pkl,/Users/glennthompson/Developer/KSCRocketSeismoHydrology/08_fireball_paper/falcon9-seismoacoustic-workflow-1.0.0/data/outputs/070_prepare_event_waveform_products/event_streams/candidate_event_136.pkl,1472736149.1770668,1472736150.2770667
137,137,candidate_event_137.pkl,/Users/glennthompson/Developer/KSCRocketSeismoHydrology/08_fireball_paper/falcon9-seismoacoustic-workflow-1.0.0/data/outputs/070_prepare_event_waveform_products/event_streams/candidate_event_137.pkl,1472736149.4280667,1472736150.5280666
138,138,candidate_event_138.pkl,/Users/glennthompson/Developer/KSCRocketSeismoHydrology/08_fireball_paper/falcon9-seismoacoustic-workflow-1.0.0/data/outputs/070_prepare_event_waveform_products/event_streams/candidate_event_138.pkl,1472736158.2178934,1472736159.3178933
139,139,candidate_event_139.pkl,/Users/glennthompson/Developer/KSCRocketSeismoHydrology/08_fireball_paper/falcon9-seismoacoustic-workflow-1.0.0/data/outputs/070_prepare_event_waveform_products/event_streams/candidate_event_139.pkl,1472736159.6865668,1472736160.7865667
140,140,candidate_event_140.pkl,/Users/glennthompson/Developer/KSCRocketSeismoHydrology/08_fireball_paper/falcon9-seismoacoustic-workflow-1.0.0/data/outputs/070_prepare_event_waveform_products/event_streams/candidate_event_140.pkl,1472736160.4475667,1472736161.5475667
141,141,candidate_event_141.pkl,/Users/glennthompson/Developer/KSCRocketSeismoHydrology/08_fireball_paper/falcon9-seismoacoustic-workflow-1.0.0/data/outputs/070_prepare_event_waveform_products/event_streams/candidate_event_141.pkl,1472736162.4195666,1472736163.5195665
142,142,candidate_event_142.pkl,/Users/glennthompson/Developer/KSCRocketSeismoHydrology/08_fireball_paper/falcon9-seismoacoustic-workflow-1.0.0/data/outputs/070_prepare_event_waveform_products/event_streams/candidate_event_142.pkl,1472736164.5595667,1472736165.6595666
143,143,candidate_event_143.pkl,/Users/glennthompson/Developer/KSCRocketSeismoHydrology/08_fireball_paper/falcon9-seismoacoustic-workflow-1.0.0/data/outputs/070_prepare_event_waveform_products/event_streams/candidate_event_143.pkl,1472736167.585,1472736168.685
144,144,candidate_event_144.pkl,/Users/glennthompson/Developer/KSCRocketSeismoHydrology/08_fireball_paper/falcon9-seismoacoustic-workflow-1.0.0/data/outputs/070_prepare_event_waveform_products/event_streams/candidate_event_144.pkl,1472736177.965067,1472736179.0650668
145,145,candidate_event_145.pkl,/Users/glennthompson/Developer/KSCRocketSeismoHydrology/08_fireball_paper/falcon9-seismoacoustic-workflow-1.0.0/data/outputs/070_prepare_event_waveform_products/event_streams/candidate_event_145.pkl,1472736191.8475666,1472736192.9475665
146,146,candidate_event_146.pkl,/Users/glennthompson/Developer/KSCRocketSeismoHydrology/08_fireball_paper/falcon9-seismoacoustic-workflow-1.0.0/data/outputs/070_prepare_event_waveform_products/event_streams/candidate_event_146.pkl,1472736221.570567,1472736222.6705668
147,147,candidate_event_147.pkl,/Users/glennthompson/Developer/KSCRocketSeismoHydrology/08_fireball_paper/falcon9-seismoacoustic-workflow-1.0.0/data/outputs/070_prepare_event_waveform_products/event_streams/candidate_event_147.pkl,1472736257.0315666,1472736258.1315665
148,148,candidate_event_148.pkl,/Users/glennthompson/Developer/KSCRocketSeismoHydrology/08_fireball_paper/falcon9-seismoacoustic-workflow-1.0.0/data/outputs/070_prepare_event_waveform_products/event_streams/candidate_event_148.pkl,1472736594.6581335,1472736595.7581334
149,149,candidate_event_149.pkl,/Users/glennthompson/Developer/KSCRocketSeismoHydrology/08_fireball_paper/falcon9-seismoacoustic-workflow-1.0.0/data/outputs/070_prepare_event_waveform_products/event_streams/candidate_event_149.pkl,1472736642.224,1472736643.324
150,150,candidate_event_150.pkl,/Users/glennthompson/Developer/KSCRocketSeismoHydrology/08_fireball_paper/falcon9-seismoacoustic-workflow-1.0.0/data/outputs/070_prepare_event_waveform_products/event_streams/candidate_event_150.pkl,1472736751.4651334,1472736752.5651333
151,151,candidate_event_151.pkl,/Users/glennthompson/Developer/KSCRocketSeismoHydrology/08_fireball_paper/falcon9-seismoacoustic-workflow-1.0.0/data/outputs/070_prepare_event_waveform_products/event_streams/candidate_event_151.pkl,1472736811.289,1472736812.389
152,152,candidate_event_152.pkl,/Users/glennthompson/Developer/KSCRocketSeismoHydrology/08_fireball_paper/falcon9-seismoacoustic-workflow-1.0.0/data/outputs/070_prepare_event_waveform_products/event_streams/candidate_event_152.pkl,1472736829.0165668,1472736830.1165667
153,153,candidate_event_153.pkl,/Users/glennthompson/Developer/KSCRocketSeismoHydrology/08_fireball_paper/falcon9-seismoacoustic-workflow-1.0.0/data/outputs/070_prepare_event_waveform_products/event_streams/candidate_event_153.pkl,1472736833.896067,1472736834.9960668
