event_number,catalogue_reference_arrival_time,estimated_source_time,solution_quality_class,is_named_event,named_event_key,energetics_selection_reason,channel,distance_m,signal_start_s,signal_end_s,signal_duration_s,local_baseline_pa,positive_peak_pa,negative_peak_pa,absolute_peak_pa,peak_to_peak_pa,positive_peak_spl_db,peak_spl_db,pressure_squared_exposure_pa2_s,sound_exposure_level_db,acoustic_energy_fluence_j_m2,acoustic_energy_2pi_j,acoustic_energy_4pi_j,acoustic_tnt_equivalent_2pi_kg,illustrative_total_tnt_at_reference_efficiency_kg,illustrative_total_tnt_lower_kg,illustrative_total_tnt_upper_kg
1,2016-09-01 13:07:15.927133560+00:00,2016-09-01 13:07:11.912999868+00:00,A_high_quality,True,upper_stage,A-quality and named,DD1,1439.9638305217552,-0.0191335678100585,0.1368664503097534,0.1560000181198119,-17.89709710198736,49.92956629814347,-7.094862904181806,49.92956629814347,57.02442920232528,127.94655596013936,127.94655596013936,78.08103882725243,112.90485591429318,0.19080854555815274,2485883.984937987,4971767.969875974,0.5941405317729413,59.414053177294136,5.941405317729413,594.1405317729414
1,2016-09-01 13:07:15.927133560+00:00,2016-09-01 13:07:11.912999868+00:00,A_high_quality,True,upper_stage,A-quality and named,DD2,1408.3384566901343,-0.0191335678100585,0.1368664503097534,0.1560000181198119,1.6050440683444767,50.23769391035305,-19.980724584653778,50.23769391035305,70.21841849500683,127.99999399708548,127.99999399708548,39.09943474925393,109.90110487626616,0.09554824562665933,1190739.231500346,2381478.463000692,0.28459350657274046,28.459350657274047,2.8459350657274043,284.59350657274047
1,2016-09-01 13:07:15.927133560+00:00,2016-09-01 13:07:11.912999868+00:00,A_high_quality,True,upper_stage,A-quality and named,DD3,1412.8543304792386,-0.0191335678100585,0.1368664503097534,0.1560000181198119,2.4878517131315028,34.243303833063116,-20.8840385994527,34.243303833063116,55.12734243251582,124.67091327180452,124.67091327180452,27.75763410076276,108.41322455297393,0.06783200979971257,850764.436953221,1701528.873906442,0.20333758053375262,20.333758053375263,2.033375805337526,203.3375805337526
2,2016-09-01 13:07:16.057133436+00:00,2016-09-01 13:07:12.044509411+00:00,A_high_quality,False,,A-quality,DD1,1439.9638305217552,-0.0059999227523803,0.1700001955032348,0.1760001182556151,1.3911842644056116,24.530052009329673,-19.929700222743865,24.530052009329673,44.45975223207354,121.77336946694342,121.77336946694342,31.153414546663,108.91445662797366,0.07613036158458777,991838.4214767087,1983676.8429534175,0.2370550720546627,23.70550720546627,2.370550720546627,237.0550720546627
2,2016-09-01 13:07:16.057133436+00:00,2016-09-01 13:07:12.044509411+00:00,A_high_quality,False,,A-quality,DD2,1408.3384566901343,-0.0059999227523803,0.1700001955032348,0.1760001182556151,4.816887642894029,17.65683252670739,-30.083946322847687,30.083946322847687,47.74077884955508,118.91765604261408,123.54609618908967,34.50108903801412,109.35772812607209,0.08431115567097344,1050700.617809669,2101401.235619338,0.2511234746199018,25.11234746199018,2.511234746199018,251.1234746199018
2,2016-09-01 13:07:16.057133436+00:00,2016-09-01 13:07:12.044509411+00:00,A_high_quality,False,,A-quality,DD3,1412.8543304792386,-0.0059999227523803,0.1700001955032348,0.1760001182556151,3.891880550077652,18.982970956476926,-24.92017386949017,24.92017386949017,43.9031448259671,119.54668375226647,121.91042144862733,30.410804970290165,108.80967924690167,0.0743156283879823,932083.4504094919,1864166.9008189838,0.22277329120685752,22.27732912068575,2.227732912068575,222.77329120685752
3,2016-09-01 13:07:16.255000114+00:00,2016-09-01 13:07:12.242376089+00:00,A_high_quality,False,,A-quality,DD1,1439.9638305217552,0.0169999599456787,0.0690000057220459,0.0520000457763672,5.040697087702267,28.652856171289105,-25.906459144589842,28.652856171289105,54.55931531587895,123.12275848197145,123.12275848197145,21.71230451787707,107.34645930066654,0.05305888994301967,691259.6308625032,1382519.2617250064,0.16521501693654475,16.521501693654475,1.6521501693654475,165.21501693654474
3,2016-09-01 13:07:16.255000114+00:00,2016-09-01 13:07:12.242376089+00:00,A_high_quality,False,,A-quality,DD2,1408.3384566901343,0.0169999599456787,0.0690000057220459,0.0520000457763672,1.7252940947518796,36.101380412771555,-11.617998076960593,36.101380412771555,47.71937848973215,125.12987625457737,125.12987625457737,22.972053072569942,107.59139819637323,0.05613736831754196,699593.8687358911,1399187.7374717821,0.16720694759462024,16.720694759462024,1.6720694759462023,167.20694759462023
3,2016-09-01 13:07:16.255000114+00:00,2016-09-01 13:07:12.242376089+00:00,A_high_quality,False,,A-quality,DD3,1412.8543304792386,0.0169999599456787,0.0690000057220459,0.0520000457763672,2.157856405236826,36.40574981660841,-9.043991504004886,36.40574981660841,45.4497413206133,125.20279969180108,125.20279969180108,21.25088213819168,107.25316971284123,0.051931300780809125,651334.1414987921,1302668.2829975842,0.15567259596051436,15.567259596051436,1.5567259596051435,155.67259596051434
8,2016-09-01 13:07:17.895133495+00:00,2016-09-01 13:07:13.882509470+00:00,A_high_quality,False,,A-quality,DD1,1439.9638305217552,0.0088663101196289,0.068866491317749,0.060000181198120096,-2.422076332748273,40.68045603725649,-10.912486730861481,40.68045603725649,51.59294276811797,126.16711634309829,126.16711634309829,32.652689444081254,109.11858966492039,0.07979417634505916,1039571.1810876215,2079142.362175243,0.2484634754033512,24.84634754033512,2.484634754033512,248.4634754033512
8,2016-09-01 13:07:17.895133495+00:00,2016-09-01 13:07:13.882509470+00:00,A_high_quality,False,,A-quality,DD2,1408.3384566901343,0.0088663101196289,0.068866491317749,0.060000181198120096,0.6499085772830778,29.128754817522857,-24.161617618843927,29.128754817522857,53.29037243636678,123.26583848683498,123.26583848683498,21.048219310267587,107.21155368870495,0.051436048668187365,641005.1870746547,1282010.3741493095,0.153203916604841,15.3203916604841,1.53203916604841,153.203916604841
8,2016-09-01 13:07:17.895133495+00:00,2016-09-01 13:07:13.882509470+00:00,A_high_quality,False,,A-quality,DD3,1412.8543304792386,0.0088663101196289,0.068866491317749,0.060000181198120096,-0.4086741193442011,29.733918067514445,-23.627390188046782,29.733918067514445,53.36130825556123,123.44444289442215,123.44444289442215,22.929252417283088,107.58329903945307,0.05603277530870292,702775.7643801522,1405551.5287603044,0.16796743890539012,16.796743890539013,1.6796743890539012,167.9674389053901
9,2016-09-01 13:07:18.111133575+00:00,2016-09-01 13:07:14.098509550+00:00,A_high_quality,False,,A-quality,DD1,1439.9638305217552,0.000866413116455,0.0728664398193359,0.0720000267028809,-5.371423062921317,76.16837635923045,-92.67870802322024,92.67870802322024,168.8470843824507,131.6148940480715,133.31899950528606,232.78682773010766,117.64898410741053,0.568866868210456,7411287.7550089285,14822575.510017857,1.7713402856139886,177.13402856139885,17.713402856139886,1771.3402856139885
9,2016-09-01 13:07:18.111133575+00:00,2016-09-01 13:07:14.098509550+00:00,A_high_quality,False,,A-quality,DD2,1408.3384566901343,0.000866413116455,0.0728664398193359,0.0720000267028809,-5.058926713642624,117.95641035106439,-62.8467925766257,117.95641035106439,180.8032029276901,135.41383103938412,135.41383103938412,265.9951467121422,118.2281372133557,0.6500188500560358,8100650.523723533,16201301.047447067,1.9361019416165233,193.61019416165232,19.36101941616523,1936.1019416165232
9,2016-09-01 13:07:18.111133575+00:00,2016-09-01 13:07:14.098509550+00:00,A_high_quality,False,,A-quality,DD3,1412.8543304792386,0.000866413116455,0.0728664398193359,0.0720000267028809,-6.567625151288783,111.67469003362756,-68.28379652261744,111.67469003362756,179.958486556245,134.93849520091254,134.93849520091254,261.082445832502,118.1471768120595,0.6380135626817184,8002110.670554401,16004221.341108803,1.9125503514709372,191.2550351470937,19.125503514709372,1912.5503514709371
10,2016-09-01 13:07:18.389066696+00:00,2016-09-01 13:07:14.376442671+00:00,A_high_quality,False,,A-quality,DD1,1439.9638305217552,0.1088266372680664,0.2288265228271484,0.119999885559082,-4.654912605742444,41.23655687725773,-12.332200738694658,41.23655687725773,53.56875761595239,126.28504800477275,126.28504800477275,44.095320590109665,110.42332513112184,0.10775681412658991,1403872.8596858897,2807745.7193717794,0.3355336662729182,33.553366627291815,3.3553366627291816,335.5336662729182
10,2016-09-01 13:07:18.389066696+00:00,2016-09-01 13:07:14.376442671+00:00,A_high_quality,False,,A-quality,DD2,1408.3384566901343,0.1088266372680664,0.2288265228271484,0.119999885559082,24.669117448521142,4.543308289270904,-58.70615261363254,58.70615261363254,63.249460902903444,107.1268442299534,129.35307247151084,143.8541924250023,115.55862531975285,0.3515400107545317,4380954.139996069,8761908.279992137,1.0470731692151216,104.70731692151216,10.470731692151215,1047.0731692151217
10,2016-09-01 13:07:18.389066696+00:00,2016-09-01 13:07:14.376442671+00:00,A_high_quality,False,,A-quality,DD3,1412.8543304792386,0.1088266372680664,0.2288265228271484,0.119999885559082,22.279688090517816,9.665920804959597,-53.48837849660441,53.48837849660441,63.15429930156401,113.6842647376422,128.54458873534756,124.5032870088115,114.93120826055154,0.3042517295898089,3815994.1328704995,7631988.265740999,0.9120444868237332,91.20444868237331,9.120444868237332,912.0444868237331
11,2016-09-01 13:07:18.977133512+00:00,2016-09-01 13:07:14.964509487+00:00,A_high_quality,False,,A-quality,DD1,1439.9638305217552,0.0459997653961181,0.241999864578247,0.19600009918212888,9.656759469887191,46.13515803776015,-81.18997102437052,81.18997102437052,127.32512906213067,127.26004033956507,132.16944781494982,279.8950839414364,118.44935279285907,0.6839864668540021,8911084.138778664,17822168.27755733,2.1298002243734855,212.98002243734854,21.298002243734853,2129.8002243734854
11,2016-09-01 13:07:18.977133512+00:00,2016-09-01 13:07:14.964509487+00:00,A_high_quality,False,,A-quality,DD2,1408.3384566901343,0.0459997653961181,0.241999864578247,0.19600009918212888,14.23253120231999,61.25231824542401,-94.37515613048703,94.37515613048703,155.62747437591105,129.72185069264123,133.47655374906589,485.1978621630596,120.83858887319928,1.1856898906286777,14776278.30741662,29552556.61483324,3.531615274239154,353.1615274239154,35.31615274239154,3531.615274239154
11,2016-09-01 13:07:18.977133512+00:00,2016-09-01 13:07:14.964509487+00:00,A_high_quality,False,,A-quality,DD3,1412.8543304792386,0.0459997653961181,0.241999864578247,0.19600009918212888,13.771112036204284,56.288559359794434,-104.16213976243235,104.16213976243235,160.45069912222678,128.98780275752677,134.333597943897,480.3977867659549,120.79541006575371,1.173959828902458,14724070.18148136,29448140.36296272,3.519137232667629,351.9137232667629,35.19137232667629,3519.1372326676287
12,2016-09-01 13:07:19.239566803+00:00,2016-09-01 13:07:15.226942778+00:00,A_high_quality,False,,A-quality,DD1,1439.9638305217552,0.0084331035614013,0.1044332981109619,0.0960001945495606,-11.668360080096448,156.87104915264428,-119.37212404786709,156.87104915264428,276.24317320051136,137.89025610907925,137.89025610907925,688.3468826875663,122.35747358639995,1.6821301240072741,21915057.963570148,43830115.927140296,5.237824561082731,523.7824561082731,52.37824561082731,5237.824561082731
12,2016-09-01 13:07:19.239566803+00:00,2016-09-01 13:07:15.226942778+00:00,A_high_quality,False,,A-quality,DD2,1408.3384566901343,0.0084331035614013,0.1044332981109619,0.0960001945495606,-10.896412764292112,164.66305676758802,-129.4953372053201,164.66305676758802,294.15839397290813,138.3113235526096,138.3113235526096,864.0062454517602,123.344568904512,2.111393207927839,26312557.69599992,52625115.39199984,6.288852221797304,628.8852221797305,62.88852221797304,6288.852221797304
12,2016-09-01 13:07:19.239566803+00:00,2016-09-01 13:07:15.226942778+00:00,A_high_quality,False,,A-quality,DD3,1412.8543304792386,0.0084331035614013,0.1044332981109619,0.0960001945495606,-10.032456654479105,168.68079467571886,-133.65609675836953,168.68079467571886,302.3368914340884,138.52071285395473,138.52071285395473,857.1119994878884,123.30977583899163,2.0945455703343265,26270265.145908993,52540530.291817985,6.278744059729683,627.8744059729682,62.78744059729683,6278.744059729683
13,2016-09-01 13:07:19.427133560+00:00,2016-09-01 13:07:15.414509535+00:00,A_high_quality,False,,A-quality,DD1,1439.9638305217552,-0.04,0.35,0.38999999999999996,29.303876569544407,1240.7955779018034,-143.2471210985221,1240.7955779018034,1384.0426990003255,155.85340482705658,155.85340482705658,51348.66613324457,141.08469175232494,125.48199215064595,1634799289.37636,3269598578.75272,390.7264075947323,39072.64075947323,3907.2640759473225,390726.4075947323
13,2016-09-01 13:07:19.427133560+00:00,2016-09-01 13:07:15.414509535+00:00,A_high_quality,False,,A-quality,DD2,1408.3384566901343,-0.04,0.35,0.38999999999999996,4.678427689527172,1502.8447592351006,-168.02305863356582,1502.8447592351006,1670.8678178686664,157.51768251030649,157.51768251030649,76778.14132583796,142.83177603016296,187.62462304648815,2338211423.8901553,4676422847.780311,558.8459426123699,55884.59426123698,5588.459426123698,558845.9426123699
13,2016-09-01 13:07:19.427133560+00:00,2016-09-01 13:07:15.414509535+00:00,A_high_quality,False,,A-quality,DD3,1412.8543304792386,-0.04,0.35,0.38999999999999996,23.78736298950557,1332.3020717369998,-148.8677818327045,1332.3020717369998,1481.1698535697042,156.4714541512035,156.4714541512035,62268.50110511326,141.92208420408969,152.16706012633077,1908513747.6164427,3817027495.2328854,456.14573317792605,45614.5733177926,4561.45733177926,456145.73317792604
14,2016-09-01 13:07:19.500133513+00:00,2016-09-01 13:07:15.513600111+00:00,A_high_quality,True,lower_stage,A-quality and named,DD1,1439.9638305217552,-0.0742402076721191,0.2617597579956054,0.3359999656677245,29.930797972553464,1240.1686564987963,-143.87404250153116,1240.1686564987963,1384.0426990003275,155.84901510619025,155.84901510619025,51011.334468877656,141.05606693600777,124.65764650648815,1624059583.6211965,3248119167.242393,388.1595563148175,38815.95563148175,3881.5955631481747,388159.5563148175
14,2016-09-01 13:07:19.500133513+00:00,2016-09-01 13:07:15.513600111+00:00,A_high_quality,True,lower_stage,A-quality and named,DD2,1408.3384566901343,-0.0742402076721191,0.2617597579956054,0.3359999656677245,12.374062863577326,1495.1491240610526,-175.7186938076174,1495.1491240610526,1670.86781786867,157.4730903014946,157.4730903014946,74772.00971556004,142.71679062404823,182.72219013185634,2277116432.946419,4554232865.892838,544.243889327538,54424.3889327538,5442.43889327538,544243.889327538
14,2016-09-01 13:07:19.500133513+00:00,2016-09-01 13:07:15.513600111+00:00,A_high_quality,True,lower_stage,A-quality and named,DD3,1412.8543304792386,-0.0742402076721191,0.2617597579956054,0.3359999656677245,24.23077564496017,1331.8586590815469,-117.49390848162523,1331.8586590815469,1449.3525675631722,156.46856285911258,156.46856285911258,61819.78697325917,141.8906751285294,151.07052642037058,1894760773.4128773,3789521546.8257546,452.8586934543206,45285.86934543206,4528.586934543206,452858.6934543206
15,2016-09-01 13:07:19.583133698+00:00,2016-09-01 13:07:15.570509672+00:00,A_high_quality,False,,A-quality,DD1,1439.9638305217552,0.0048663616180419,0.1808664798736572,0.1760001182556153,485.6920548627122,-180.48956289810923,-599.63529939169,599.63529939169,419.1457364935807,139.10844195041116,149.53714390712923,31753.570078633536,138.99732569112228,77.5969763464294,1010945711.1312206,2021891422.2624412,241.62182388413493,24162.182388413494,2416.218238841349,241621.8238841349
15,2016-09-01 13:07:19.583133698+00:00,2016-09-01 13:07:15.570509672+00:00,A_high_quality,False,,A-quality,DD2,1408.3384566901343,0.0048663616180419,0.1808664798736572,0.1760001182556153,586.4464597904631,-264.15596730114663,-749.7910907345047,749.7910907345047,485.63512343335805,142.41660860422954,151.4782056004334,43526.53877312234,140.36694142140053,106.36686807990135,1325562828.745668,2651125657.491336,316.817119681087,31681.7119681087,3168.17119681087,316817.119681087
15,2016-09-01 13:07:19.583133698+00:00,2016-09-01 13:07:15.570509672+00:00,A_high_quality,False,,A-quality,DD3,1412.8543304792386,0.0048663616180419,0.1808664798736572,0.1760001182556153,532.979957783161,-218.7991105395858,-658.0603766263605,658.0603766263605,439.2612660867747,140.78031113021012,150.34471492048084,35630.97074498548,139.4976766328372,87.0722752513231,1092080205.8962681,2184160411.7925363,261.01343353161286,26101.343353161286,2610.1343353161283,261013.43353161286
18,2016-09-01 13:07:23.467133522+00:00,2016-09-01 13:07:19.454509497+00:00,A_high_quality,False,,A-quality,DD1,1439.9638305217552,-0.0151336193084716,0.068866491317749,0.08400011062622059,7.608797722165353,163.11433083424885,-53.19750988264621,163.11433083424885,216.31184071689506,138.22924246250113,138.22924246250113,476.9138018593832,120.76379899746364,1.1654459297183009,15183614.35816782,30367228.71633564,3.6289709269043544,362.89709269043544,36.28970926904354,3628.970926904354
18,2016-09-01 13:07:23.467133522+00:00,2016-09-01 13:07:19.454509497+00:00,A_high_quality,False,,A-quality,DD2,1408.3384566901343,-0.0151336193084716,0.068866491317749,0.08400011062622059,7.725815580127008,196.2297340042621,-56.01564344263632,196.2297340042621,252.24537744689843,139.83469638975717,139.83469638975717,636.845047924326,122.01973784778843,1.556273829926818,19394561.27213406,38789122.54426812,4.635411393913494,463.5411393913494,46.35411393913494,4635.411393913494
18,2016-09-01 13:07:23.467133522+00:00,2016-09-01 13:07:19.454509497+00:00,A_high_quality,False,,A-quality,DD3,1412.8543304792386,-0.0151336193084716,0.068866491317749,0.08400011062622059,9.358511949235092,182.53768913088402,-56.33454835722741,182.53768913088402,238.87223748811144,139.2064510506973,139.2064510506973,586.0844333819375,121.65900195185705,1.4322288738408773,17963339.064244308,35926678.128488615,4.2933410765402265,429.33410765402266,42.933410765402265,4293.341076540226
20,2016-09-01 13:07:26.187133551+00:00,2016-09-01 13:07:22.174509525+00:00,A_high_quality,False,,A-quality,DD1,1439.9638305217552,0.0048663616180419,0.0848665237426757,0.0800001621246338,-1.443891750791793,57.503472657225714,-8.30277787972296,57.503472657225714,65.80625053694868,129.173281540628,129.173281540628,66.11312002345883,112.18227661627861,0.16156224947131212,2104858.6024093307,4209717.204818661,0.5030732797345436,50.30732797345436,5.030732797345436,503.07327973454363
20,2016-09-01 13:07:26.187133551+00:00,2016-09-01 13:07:22.174509525+00:00,A_high_quality,False,,A-quality,DD2,1408.3384566901343,0.0048663616180419,0.0848665237426757,0.0800001621246338,3.937527808559795,53.35354506125676,-27.626896066869044,53.35354506125676,80.9804411281258,128.52266571259239,128.52266571259239,54.46902948572627,111.34089645873779,0.13310730044370347,1658806.8529978166,3317613.7059956333,0.39646435301095045,39.646435301095046,3.9646435301095044,396.46435301095045
20,2016-09-01 13:07:26.187133551+00:00,2016-09-01 13:07:22.174509525+00:00,A_high_quality,False,,A-quality,DD3,1412.8543304792386,0.0048663616180419,0.0848665237426757,0.0800001621246338,-0.17452995632286936,62.50468404095432,-18.228509246886794,62.50468404095432,80.73319328784112,129.8976513702147,129.8976513702147,69.05486701641686,112.37134301925335,0.16875106859509761,2116514.1395997815,4233028.279199563,0.5058590199808273,50.585901998082726,5.058590199808273,505.85901998082727
21,2016-09-01 13:07:26.789893389+00:00,2016-09-01 13:07:22.777269363+00:00,A_high_quality,False,,A-quality,DD1,1439.9638305217552,0.0052399635314941,0.0692400932312011,0.064000129699707,-4.4460302168923125,44.47771604794659,-14.461921480293272,44.47771604794659,58.939637528239864,126.94224964505258,126.94224964505258,41.59184157782224,110.16948158885003,0.10163900119345563,1324169.0227909642,2648338.0455819285,0.31648399206284994,31.648399206284992,3.1648399206284994,316.48399206284995
21,2016-09-01 13:07:26.789893389+00:00,2016-09-01 13:07:22.777269363+00:00,A_high_quality,False,,A-quality,DD2,1408.3384566901343,0.0052399635314941,0.0692400932312011,0.064000129699707,-2.734632825928095,42.690073072874306,-19.373848494968637,42.690073072874306,62.06392156784294,126.58593805050555,126.58593805050555,41.00158488658795,110.107406530551,0.10019657647098802,1248667.5572486,2497335.1144972,0.29843870871142447,29.843870871142446,2.9843870871142446,298.43870871142445
21,2016-09-01 13:07:26.789893389+00:00,2016-09-01 13:07:22.777269363+00:00,A_high_quality,False,,A-quality,DD3,1412.8543304792386,0.0052399635314941,0.0692400932312011,0.064000129699707,-1.020961247691736,39.18952467684235,-21.925610695639314,39.18952467684235,61.11513537248167,125.84280000722585,125.84280000722585,36.986500013392906,109.65983245183781,0.09038481530011216,1133626.8337761478,2267253.6675522956,0.2709433159120812,27.09433159120812,2.709433159120812,270.9433159120812
22,2016-09-01 13:07:28.405903101+00:00,2016-09-01 13:07:24.420000076+00:00,A_high_quality,True,payload_impact,A-quality and named,DD1,1439.9638305217552,-0.04,0.33,0.37,6.892253746718615,234.1865640166422,-109.4680086400374,234.1865640166422,343.6545726566796,141.37063958028426,141.37063958028426,1509.0350609639675,125.7663933897532,3.687665911000855,48043496.181699656,96086992.36339931,11.482671171534335,1148.2671171534334,114.82671171534335,11482.671171534335
22,2016-09-01 13:07:28.405903101+00:00,2016-09-01 13:07:24.420000076+00:00,A_high_quality,True,payload_impact,A-quality and named,DD2,1408.3384566901343,-0.04,0.33,0.37,2.2444693009982712,273.71788521781264,-120.75185687327271,273.71788521781264,394.4697420910853,142.72546360508204,142.72546360508204,1720.3960106622912,126.33568435492151,4.204173836682435,52393162.11985307,104786324.23970614,12.522266281035629,1252.226628103563,125.22266281035628,12522.266281035629
22,2016-09-01 13:07:28.405903101+00:00,2016-09-01 13:07:24.420000076+00:00,A_high_quality,True,payload_impact,A-quality and named,DD3,1412.8543304792386,-0.04,0.33,0.37,12.866067445200963,265.17905139254367,-114.27821973564072,265.17905139254367,379.4572711281844,142.4501843408043,142.4501843408043,1689.0726709932292,126.25588343815818,4.127628224917448,51769648.47559323,103539296.95118646,12.373242943497427,1237.3242943497428,123.73242943497426,12373.242943497427
23,2016-09-01 13:07:28.985893250+00:00,2016-09-01 13:07:24.987499952+00:00,A_high_quality,True,payload_explosion,A-quality and named,DD1,1439.9638305217552,-0.0027596950531005,0.1772403717041015,0.180000066757202,7.788284201213414,274.8473374263174,-108.5736810967309,274.8473374263174,383.42101852304825,142.7612307689199,142.7612307689199,1790.3061628858768,126.50867315340196,4.375014986670767,56998388.92128616,113996777.84257232,13.622941902793059,1362.294190279306,136.2294190279306,13622.941902793058
23,2016-09-01 13:07:28.985893250+00:00,2016-09-01 13:07:24.987499952+00:00,A_high_quality,True,payload_explosion,A-quality and named,DD2,1408.3384566901343,-0.0027596950531005,0.1772403717041015,0.180000066757202,2.4654019658965387,303.68692692791626,-118.92421610819767,303.68692692791626,422.61114303611396,143.6279220241789,143.6279220241789,2079.3107779738402,127.15859413382175,5.081262637736612,63323598.76026598,126647197.52053197,15.134703336583648,1513.4703336583648,151.34703336583647,15134.703336583647
23,2016-09-01 13:07:28.985893250+00:00,2016-09-01 13:07:24.987499952+00:00,A_high_quality,True,payload_explosion,A-quality and named,DD3,1412.8543304792386,-0.0027596950531005,0.1772403717041015,0.180000066757202,-1.1562331946440165,292.52589405730714,-112.15079012691479,292.52589405730714,404.6766841842219,143.3026863941245,143.3026863941245,1988.9780942902423,126.96570008698806,4.860514447793011,60961673.5474811,121923347.0949622,14.57018966239988,1457.018966239988,145.70189662399878,14570.18966239988
24,2016-09-01 13:07:30.451133490+00:00,2016-09-01 13:07:26.457999945+00:00,A_high_quality,True,event_024,A-quality and named,DD1,1439.9638305217552,-0.0071334838867187,0.1528663635253906,0.1599998474121093,1.81753447728776,210.7873528071633,-85.04581329189777,210.7873528071633,295.8331660990611,140.45629108177772,140.45629108177772,1017.1416781078829,124.0532145887599,2.485614012586688,32382973.459349263,64765946.91869853,7.739716409978313,773.9716409978313,77.39716409978313,7739.716409978313
24,2016-09-01 13:07:30.451133490+00:00,2016-09-01 13:07:26.457999945+00:00,A_high_quality,True,event_024,A-quality and named,DD2,1408.3384566901343,-0.0071334838867187,0.1528663635253906,0.1599998474121093,5.078737899650612,259.07104159383596,-108.44152797109803,259.07104159383596,367.512569564934,142.2477775105541,142.2477775105541,1493.1244049660077,125.72036002692718,3.6487846515370377,45471803.31136528,90943606.62273055,10.868021823940076,1086.8021823940076,108.68021823940076,10868.021823940077
24,2016-09-01 13:07:30.451133490+00:00,2016-09-01 13:07:26.457999945+00:00,A_high_quality,True,event_024,A-quality and named,DD3,1412.8543304792386,-0.0071334838867187,0.1528663635253906,0.1599998474121093,2.032867960777319,253.61996125221734,-83.22015350720216,253.61996125221734,336.8401147594195,142.06306872395294,142.06306872395294,1383.0678268465613,125.38783487481913,3.3798366980327446,42390677.70343207,84781355.40686414,10.131615129883382,1013.1615129883382,101.31615129883382,10131.615129883383
25,2016-09-01 13:07:32.797893286+00:00,2016-09-01 13:07:28.785269260+00:00,A_high_quality,False,,A-quality,DD1,1439.9638305217552,-0.0227596759796142,0.0712403059005737,0.0939999818801879,1.3770659146003892,92.27530726723543,-99.59655995736475,99.59655995736475,191.87186722460018,133.28111008723712,133.94428685171346,321.0248473974233,119.04478656871188,0.7844962764321066,10220541.874167291,20441083.748334583,2.4427681343612075,244.27681343612076,24.427681343612075,2442.7681343612076
25,2016-09-01 13:07:32.797893286+00:00,2016-09-01 13:07:28.785269260+00:00,A_high_quality,False,,A-quality,DD2,1408.3384566901343,-0.0227596759796142,0.0712403059005737,0.0939999818801879,0.42631269665584254,97.68376265770011,-101.08241107540019,101.08241107540019,198.7661737331003,133.77584768162484,134.07291193494927,328.1154122182129,119.13966639192554,0.8018236632210289,9992469.105850415,19984938.21170083,2.3882574344766767,238.82574344766766,23.882574344766766,2388.2574344766767
25,2016-09-01 13:07:32.797893286+00:00,2016-09-01 13:07:28.785269260+00:00,A_high_quality,False,,A-quality,DD3,1412.8543304792386,-0.0227596759796142,0.0712403059005737,0.0939999818801879,0.585939355021569,97.7503547980145,-96.27493431103683,97.7503547980145,194.02528910905133,133.7817669347363,133.7817669347363,327.47561120655,119.13118970059921,0.8002601658301692,10037044.33067646,20074088.66135292,2.3989111688997276,239.89111688997275,23.989111688997273,2398.9111688997277
26,2016-09-01 13:07:34.435133696+00:00,2016-09-01 13:07:30.422509670+00:00,A_high_quality,False,,A-quality,DD1,1439.9638305217552,0.000866413116455,0.1168663501739502,0.1159999370574952,-3.2819399739492163,36.799062108522804,-7.548152053238278,36.799062108522804,44.34721416176108,125.29613508721042,125.29613508721042,21.056648314214467,107.21329252326613,0.05145664683142603,670385.3535630417,1340770.7071260833,0.16022594492424513,16.022594492424513,1.6022594492424513,160.22594492424514
26,2016-09-01 13:07:34.435133696+00:00,2016-09-01 13:07:30.422509670+00:00,A_high_quality,False,,A-quality,DD2,1408.3384566901343,0.000866413116455,0.1168663501739502,0.1159999370574952,-0.6570480022505544,36.26052660741508,-11.528056522776994,36.26052660741508,47.78858313019207,125.16808222699224,125.16808222699224,19.772903333118624,106.94010451833785,0.048319527802407905,602166.5497314525,1204333.099462905,0.14392125949604506,14.392125949604505,1.4392125949604506,143.92125949604505
26,2016-09-01 13:07:34.435133696+00:00,2016-09-01 13:07:30.422509670+00:00,A_high_quality,False,,A-quality,DD3,1412.8543304792386,0.000866413116455,0.1168663501739502,0.1159999370574952,0.7724035715636332,31.66834933896153,-14.720677083168361,31.66834933896153,46.38902642212989,123.99190862813202,123.99190862813202,18.918783360199114,106.74833212781083,0.046232293920626374,579855.9061212452,1159711.8122424905,0.13858888769628233,13.858888769628233,1.3858888769628233,138.58888769628234
27,2016-09-01 13:07:38.384000063+00:00,2016-09-01 13:07:34.371376038+00:00,A_high_quality,False,,A-quality,DD1,1439.9638305217552,0.0018932819366455,0.0658931732177734,0.0639998912811279,-12.235528252497193,39.97840141268037,-16.19719026376883,39.97840141268037,56.1755916764492,126.01590857294164,126.01590857294164,24.566095281520248,107.88276140632242,0.06003276827656445,782116.4235263382,1564232.8470526764,0.18693031155027204,18.693031155027203,1.8693031155027202,186.93031155027202
27,2016-09-01 13:07:38.384000063+00:00,2016-09-01 13:07:34.371376038+00:00,A_high_quality,False,,A-quality,DD2,1408.3384566901343,0.0018932819366455,0.0658931732177734,0.0639998912811279,0.28473116457742254,33.43832100138764,-35.254988869180956,35.254988869180956,68.6933098705686,124.46428933877115,124.92381172464489,29.727458821225955,108.71097794866957,0.07264571867911969,905323.8671671643,1810647.7343343287,0.21637759731528786,21.637759731528785,2.1637759731528785,216.37759731528786
27,2016-09-01 13:07:38.384000063+00:00,2016-09-01 13:07:34.371376038+00:00,A_high_quality,False,,A-quality,DD3,1412.8543304792386,0.0018932819366455,0.0658931732177734,0.0639998912811279,1.1187339420219418,32.41585226326005,-36.81398313500618,36.81398313500618,69.22983539826623,124.19454897407218,125.29965626720418,28.79505034480546,108.57257850852152,0.07036716926527926,882560.9814117727,1765121.9628235453,0.21093713704870284,21.093713704870282,2.1093713704870285,210.93713704870285
29,2016-09-01 13:07:41.861893177+00:00,2016-09-01 13:07:37.849269152+00:00,A_high_quality,False,,A-quality,DD1,1439.9638305217552,-0.0027596950531005,0.0732402801513671,0.0759999752044676,-4.987528054501547,32.546859798563446,-29.60384414241387,32.546859798563446,62.150703940977316,124.22958194914014,124.22958194914014,27.9252843521788,108.43937612731965,0.06824170082221455,889063.6982879317,1778127.3965758635,0.21249132368258405,21.249132368258405,2.1249132368258405,212.49132368258404
29,2016-09-01 13:07:41.861893177+00:00,2016-09-01 13:07:37.849269152+00:00,A_high_quality,False,,A-quality,DD2,1408.3384566901343,-0.0027596950531005,0.0732402801513671,0.0759999752044676,0.12500731192252157,34.60835102174353,-38.46065442614083,38.46065442614083,73.06900544788436,124.76301822734534,125.67973348052817,32.467526656226475,109.09389214437988,0.07934168950865539,988770.2466105295,1977540.493221059,0.23632176066217245,23.632176066217244,2.3632176066217245,236.32176066217244
29,2016-09-01 13:07:41.861893177+00:00,2016-09-01 13:07:37.849269152+00:00,A_high_quality,False,,A-quality,DD3,1412.8543304792386,-0.0027596950531005,0.0732402801513671,0.0759999752044676,-0.3643737280369137,34.34657708759646,-40.131327206361405,40.131327206361405,74.47790429395786,124.6970693390627,126.04907054223332,35.44070041221579,109.47442304904955,0.08660730698240736,1086248.4685104343,2172496.9370208685,0.25961961484475005,25.961961484475005,2.5961961484475005,259.61961484475006
32,2016-09-01 13:07:47.696133614+00:00,2016-09-01 13:07:43.683509588+00:00,A_high_quality,False,,A-quality,DD1,1439.9638305217552,-0.0262403488159179,0.1377596855163574,0.16400003433227528,1.564962969979859,46.08463025610048,-7.589495121711485,46.08463025610048,53.67412537781197,127.25052223532325,127.25052223532325,41.86774819931651,110.19819612245155,0.10231324095701282,1332953.1253338156,2665906.250667631,0.3185834429574129,31.85834429574129,3.185834429574129,318.5834429574129
32,2016-09-01 13:07:47.696133614+00:00,2016-09-01 13:07:43.683509588+00:00,A_high_quality,False,,A-quality,DD2,1408.3384566901343,-0.0262403488159179,0.1377596855163574,0.16400003433227528,0.79135655023269,46.61894820960207,-13.763575764295396,46.61894820960207,60.38252397389746,127.3506495064824,127.3506495064824,36.41462420025164,109.59215841056542,0.08898730837929894,1108975.6645755323,2217951.3291510646,0.26505154507063394,26.505154507063395,2.6505154507063393,265.05154507063395
32,2016-09-01 13:07:47.696133614+00:00,2016-09-01 13:07:43.683509588+00:00,A_high_quality,False,,A-quality,DD3,1412.8543304792386,-0.0262403488159179,0.1377596855163574,0.16400003433227528,2.756826141371568,45.98260981744018,-15.400216859306884,45.98260981744018,61.38282667674706,127.23127242110009,127.23127242110009,39.03283789893874,109.89370136664638,0.09538550127363515,1196346.57036078,2392693.14072156,0.2859336927248518,28.59336927248518,2.859336927248518,285.9336927248518
36,2016-09-01 13:07:57.957893372+00:00,2016-09-01 13:07:53.945269346+00:00,A_high_quality,False,,A-quality,DD1,1439.9638305217552,0.0012400150299072,0.1812400817871093,0.1800000667572021,7.703834211262292,22.139669940728567,-32.76407783757682,32.76407783757682,54.90374777830539,120.8828229288764,124.28735906701323,51.03270104536552,111.05788563836596,0.12470986053238278,1624739.8362292803,3249479.6724585607,0.38832214059017217,38.83221405901722,3.8832214059017214,388.3221405901722
36,2016-09-01 13:07:57.957893372+00:00,2016-09-01 13:07:53.945269346+00:00,A_high_quality,False,,A-quality,DD2,1408.3384566901343,0.0012400150299072,0.1812400817871093,0.1800000667572021,0.2491106160261705,28.894034249863832,-18.645081072528402,28.894034249863832,47.539115322392234,123.19556375166664,123.19556375166664,21.42349933924126,107.28830419126682,0.052353129659693014,652434.0135056062,1304868.0270112124,0.1559354716791602,15.59354716791602,1.5593547167916018,155.9354716791602
36,2016-09-01 13:07:57.957893372+00:00,2016-09-01 13:07:53.945269346+00:00,A_high_quality,False,,A-quality,DD3,1412.8543304792386,0.0012400150299072,0.1812400817871093,0.1800000667572021,-10.490011326255665,32.80122336249047,-39.35081741166873,39.35081741166873,72.15204077415919,124.29720091807049,125.87847524943528,55.50465842950242,111.42269443061842,0.13563809223986595,1701203.6870879738,3402407.3741759476,0.406597439552575,40.6597439552575,4.06597439552575,406.597439552575
37,2016-09-01 13:08:09.591133595+00:00,2016-09-01 13:08:05.578509569+00:00,A_high_quality,False,,A-quality,DD1,1439.9638305217552,-0.0031335353851318,0.064866304397583,0.06799983978271479,-5.777333411148957,47.52978250846611,-16.592389382171618,47.52978250846611,64.12217189063773,127.5187166269437,127.5187166269437,40.53576296049654,110.05778360354066,0.09905823602954943,1290546.4050456544,2581092.810091309,0.30844799355775676,30.844799355775674,3.0844799355775674,308.4479935577568
37,2016-09-01 13:08:09.591133595+00:00,2016-09-01 13:08:05.578509569+00:00,A_high_quality,False,,A-quality,DD2,1408.3384566901343,-0.0031335353851318,0.064866304397583,0.06799983978271479,0.582715796847138,36.58694970704413,-32.92582506635712,36.58694970704413,69.51277477340125,125.2459241547694,125.2459241547694,32.51031144855973,109.09961138726239,0.07944624375280648,990073.2201974756,1980146.4403949513,0.23663317882348844,23.663317882348842,2.366331788234884,236.63317882348844
37,2016-09-01 13:08:09.591133595+00:00,2016-09-01 13:08:05.578509569+00:00,A_high_quality,False,,A-quality,DD3,1412.8543304792386,-0.0031335353851318,0.064866304397583,0.06799983978271479,1.1316033833207775,36.547954227564844,-35.15998541184642,36.547954227564844,71.70793963941126,125.23666153336657,125.23666153336657,33.56741581323852,109.23857917055896,0.08202951556062385,1028832.7712173337,2057665.5424346675,0.2458969338473551,24.589693384735508,2.4589693384735507,245.8969338473551
38,2016-09-01 13:08:18.232000113+00:00,2016-09-01 13:08:14.219376087+00:00,A_high_quality,False,,A-quality,DD1,1439.9638305217552,-0.0021066665649414,0.1658933162689209,0.1679999828338623,3.9630354054722288,26.373777726007585,-27.75093054645338,27.75093054645338,54.124708272460964,122.4028469207781,122.84495109673327,36.54724113546743,109.60794607343077,0.08931138762958772,1163562.918691796,2327125.837383592,0.2780982119244254,27.80982119244254,2.780982119244254,278.0982119244254
38,2016-09-01 13:08:18.232000113+00:00,2016-09-01 13:08:14.219376087+00:00,A_high_quality,False,,A-quality,DD2,1408.3384566901343,-0.0021066665649414,0.1658933162689209,0.1679999828338623,0.254971577261054,28.656905399332043,-16.958199495567037,28.656905399332043,45.615104894899076,123.12398588711133,123.12398588711133,17.42045151147826,106.38999415738765,0.04257078371133726,530524.678379461,1061049.356758922,0.12679844129528228,12.679844129528227,1.2679844129528228,126.79844129528227
38,2016-09-01 13:08:18.232000113+00:00,2016-09-01 13:08:14.219376087+00:00,A_high_quality,False,,A-quality,DD3,1412.8543304792386,-0.0021066665649414,0.1658933162689209,0.1679999828338623,-2.6401588257000563,26.180906334013557,-21.060687471445856,26.180906334013557,47.241593805459416,122.33909362547473,122.33909362547473,15.934661777032018,106.00282858412913,0.03893992297366004,488393.33732712216,976786.6746542443,0.1167288091126009,11.67288091126009,1.167288091126009,116.7288091126009
39,2016-09-01 13:08:22.663133621+00:00,2016-09-01 13:08:18.650509596+00:00,A_high_quality,False,,A-quality,DD1,1439.9638305217552,-0.0071334838867187,0.1488664150238037,0.1559998989105224,6.176737334957298,27.218546629188804,-39.23258251368593,39.23258251368593,66.45112914287473,122.67669872171929,125.85233802322306,59.05877472325098,111.69224441202032,0.1443233732112815,1880267.7892055416,3760535.578411083,0.44939478709501474,44.93947870950147,4.493947870950147,449.39478709501475
39,2016-09-01 13:08:22.663133621+00:00,2016-09-01 13:08:18.650509596+00:00,A_high_quality,False,,A-quality,DD2,1408.3384566901343,-0.0071334838867187,0.1488664150238037,0.1559998989105224,0.4678123574444352,39.943237472323,-20.522985560395714,39.943237472323,60.466223032718716,126.00826533315944,126.00826533315944,42.69701283904907,110.28337500725223,0.1043397352527694,1300300.3389019533,2600600.6778039066,0.31077923969931964,31.077923969931962,3.1077923969931964,310.77923969931965
39,2016-09-01 13:08:22.663133621+00:00,2016-09-01 13:08:18.650509596+00:00,A_high_quality,False,,A-quality,DD3,1412.8543304792386,-0.0071334838867187,0.1488664150238037,0.1559998989105224,0.8761751041583126,34.217394585167185,-26.148005130111976,34.217394585167185,60.36539971527916,124.66433884636706,124.66433884636706,41.119436427816325,110.11987162374072,0.1004845731666176,1260300.2854405236,2520600.5708810473,0.3012189974762246,30.12189974762246,3.012189974762246,301.2189974762246
52,2016-09-01 13:10:28.724571705+00:00,2016-09-01 13:10:24.711947680+00:00,A_high_quality,False,,A-quality,DD1,1439.9638305217552,0.0053215026855468,0.185321569442749,0.1800000667572022,-1.4016259240429756,17.25067335041881,-13.590125819262312,17.25067335041881,30.840799169681123,118.71552112031367,118.71552112031367,12.932859359602881,105.09634563468157,0.03160434493928215,411746.41685570223,823492.8337114045,0.09840975546264394,9.840975546264394,0.9840975546264393,98.40975546264394
52,2016-09-01 13:10:28.724571705+00:00,2016-09-01 13:10:24.711947680+00:00,A_high_quality,False,,A-quality,DD2,1408.3384566901343,0.0053215026855468,0.185321569442749,0.1800000667572022,0.32233120984958064,12.783688807911608,-12.15788856547021,12.783688807911608,24.94157737338182,116.11252388892886,116.11252388892886,6.733043860215067,102.2615145221875,0.01645370406750382,205048.98659496842,410097.97318993683,0.0490078839854131,4.90078839854131,0.490078839854131,49.0078839854131
52,2016-09-01 13:10:28.724571705+00:00,2016-09-01 13:10:24.711947680+00:00,A_high_quality,False,,A-quality,DD3,1412.8543304792386,0.0053215026855468,0.185321569442749,0.1800000667572022,0.2589170510705743,11.955964492531583,-10.222487755012962,11.955964492531583,22.178452247544545,115.53109241827985,115.53109241827985,5.735676280233403,101.565246405794,0.014016412502464683,175797.02158278055,351594.0431655611,0.04201649655420185,4.201649655420185,0.4201649655420185,42.01649655420185
54,2016-09-01 13:14:17.363133430+00:00,2016-09-01 13:14:13.350509405+00:00,A_high_quality,False,,A-quality,DD1,1439.9638305217552,0.0008666515350341,0.1208665370941162,0.1199998855590821,23.08952780328415,113.39192709990232,-121.09346248954657,121.09346248954657,234.48538958944889,135.0710428108798,135.6418140344114,478.0238468008625,120.77389571132896,1.1681585737093272,15218955.11418273,30437910.22836546,3.6374175703113596,363.74175703113593,36.37417570311359,3637.4175703113597
54,2016-09-01 13:14:17.363133430+00:00,2016-09-01 13:14:13.350509405+00:00,A_high_quality,False,,A-quality,DD2,1408.3384566901343,0.0008666515350341,0.1208665370941162,0.1199998855590821,-0.2998355961280461,136.6830341582682,-137.71683785642352,137.71683785642352,274.3998720146917,136.69369230511197,136.7591409312313,573.9030932522961,121.56778574207954,1.4024610348367323,17477718.862110917,34955437.72422183,4.177275062646013,417.72750626460123,41.77275062646012,4177.275062646013
54,2016-09-01 13:14:17.363133430+00:00,2016-09-01 13:14:13.350509405+00:00,A_high_quality,False,,A-quality,DD3,1412.8543304792386,0.0008666515350341,0.1208665370941162,0.1199998855590821,0.8950796461660133,121.01944543080172,-138.02379658654803,138.02379658654803,259.04324201734977,135.6365032558235,136.77847947203108,510.385793428311,121.05838585980835,1.2472422547176643,15643194.971109875,31286389.94221975,3.7388133296151707,373.88133296151705,37.38813329615171,3738.8133296151705
56,2016-09-01 13:14:30.495133400+00:00,2016-09-01 13:14:26.482509375+00:00,A_high_quality,False,,A-quality,DD1,1439.9638305217552,0.0008666515350341,0.1888666152954101,0.187999963760376,-9.419288987733056,95.37529168967282,-52.407618734443574,95.37529168967282,147.78291042411638,133.56811767038732,133.56811767038732,282.17517892298133,118.48458817768334,0.6895583907640511,8983676.046928095,17967352.09385619,2.1471501068183785,214.71501068183784,21.471501068183784,2147.1501068183784
56,2016-09-01 13:14:30.495133400+00:00,2016-09-01 13:14:26.482509375+00:00,A_high_quality,False,,A-quality,DD2,1408.3384566901343,0.0008666515350341,0.1888666152954101,0.187999963760376,0.5259518389173137,112.50991306162251,-51.999802844586476,112.50991306162251,164.50971590620898,135.0032158686981,135.0032158686981,346.1733100371258,119.37233589396763,0.8459521900748739,10542406.656336728,21084813.312673457,2.5196956635604035,251.96956635604036,25.196956635604035,2519.6956635604033
56,2016-09-01 13:14:30.495133400+00:00,2016-09-01 13:14:26.482509375+00:00,A_high_quality,False,,A-quality,DD3,1412.8543304792386,0.0008666515350341,0.1888666152954101,0.187999963760376,-1.1937187718122826,108.158551048741,-53.6938941427634,108.158551048741,161.8524451915044,134.66061729851046,134.66061729851046,340.8504659525783,119.30503900700205,0.8329446257127712,10446980.232491061,20893960.464982122,2.496888200882185,249.68882008821848,24.968882008821847,2496.8882008821847
57,2016-09-01 13:15:46.158893108+00:00,2016-09-01 13:15:42.146269083+00:00,A_high_quality,False,,A-quality,DD1,1439.9638305217552,-0.0108931064605712,0.1331069469451904,0.1440000534057616,4.2787884811414205,65.55695231554182,-49.554664259554514,65.55695231554182,115.11161657509633,130.3117751947846,130.3117751947846,130.7283588059213,115.14309817652506,0.31946408989445974,4162028.815367671,8324057.630735342,0.9947487608431337,99.47487608431337,9.947487608431336,994.7487608431337
57,2016-09-01 13:15:46.158893108+00:00,2016-09-01 13:15:42.146269083+00:00,A_high_quality,False,,A-quality,DD2,1408.3384566901343,-0.0108931064605712,0.1331069469451904,0.1440000534057616,1.7064299509896674e-13,88.38661958906347,-42.220808957394716,88.38661958906347,130.60742854645818,132.90713057284944,132.90713057284944,158.40653502942433,115.97713103025727,0.3871019265348396,4824133.059600523,9648266.119201045,1.1529954731358802,115.29954731358802,11.529954731358801,1152.9954731358803
57,2016-09-01 13:15:46.158893108+00:00,2016-09-01 13:15:42.146269083+00:00,A_high_quality,False,,A-quality,DD3,1412.8543304792386,-0.0108931064605712,0.1331069469451904,0.1440000534057616,-1.2195571985836036,84.70605306468916,-49.78087353863212,84.70605306468916,134.48692660332128,132.53768900612408,132.53768900612408,149.68661771290525,115.73122983943422,0.3657928511748992,4587856.824384483,9175713.648768965,1.0965240976062338,109.65240976062339,10.965240976062338,1096.5240976062337
62,2016-09-01 13:19:13.066893101+00:00,2016-09-01 13:19:09.054269075+00:00,A_high_quality,False,,A-quality,DD1,1439.9638305217552,-0.0028929710388183,0.093106985092163,0.0959999561309813,-1.7080519861609353,52.42943940135001,-5.113003258889276,52.42943940135001,57.54244266023929,128.3709043681351,128.3709043681351,62.19219581336443,111.91675899346188,0.15198059101736824,1980027.2368636746,3960054.473727349,0.4732378673192339,47.32378673192339,4.732378673192339,473.2378673192339
62,2016-09-01 13:19:13.066893101+00:00,2016-09-01 13:19:09.054269075+00:00,A_high_quality,False,,A-quality,DD2,1408.3384566901343,-0.0028929710388183,0.093106985092163,0.0959999561309813,2.153113240472866,45.8178545924775,-16.076364308601757,45.8178545924775,61.894218901079256,127.20009507909029,127.20009507909029,41.94149759722294,110.20583942350197,0.10249346416563904,1277291.7802307564,2554583.5604615128,0.3052800621966435,30.52800621966435,3.0528006219664348,305.2800621966435
62,2016-09-01 13:19:13.066893101+00:00,2016-09-01 13:19:09.054269075+00:00,A_high_quality,False,,A-quality,DD3,1412.8543304792386,-0.0028929710388183,0.093106985092163,0.0959999561309813,1.285855653183669,43.87022804873543,-19.2217727078426,43.87022804873543,63.09200075657803,126.82279792642629,126.82279792642629,41.48956955006441,110.15878937764653,0.10138907653619117,1271644.7716530024,2543289.5433060047,0.3039303947545417,30.39303947545417,3.0393039475454167,303.9303947545417
65,2016-09-01 13:19:14.521133423+00:00,2016-09-01 13:19:10.508509397+00:00,A_high_quality,False,,A-quality,DD1,1439.9638305217552,0.002000093460083,0.1140000820159912,0.1119999885559082,3.7412565369223962,52.65605829175206,-20.817644496188223,52.65605829175206,73.47370278794028,128.40836700125817,128.40836700125817,52.56890316546922,111.18668924359787,0.1284639152506972,1673648.256318854,3347296.512637708,0.40001153353701097,40.0011533537011,4.0001153353701095,400.01153353701096
65,2016-09-01 13:19:14.521133423+00:00,2016-09-01 13:19:10.508509397+00:00,A_high_quality,False,,A-quality,DD2,1408.3384566901343,0.002000093460083,0.1140000820159912,0.1119999885559082,0.8484631799804612,71.39896858170802,-29.467363439854484,71.39896858170802,100.8663320215625,131.05323884815195,131.05323884815195,94.01443988760036,113.71134571653423,0.22974538768759675,2863127.8845746694,5726255.769149339,0.684303987709051,68.4303987709051,6.84303987709051,684.303987709051
65,2016-09-01 13:19:14.521133423+00:00,2016-09-01 13:19:10.508509397+00:00,A_high_quality,False,,A-quality,DD3,1412.8543304792386,0.002000093460083,0.1140000820159912,0.1119999885559082,-0.9876862030985458,70.85929532768233,-19.268113367532315,70.85929532768233,90.12740869521465,130.98733666878582,130.98733666878582,87.42506174786135,113.39575956393335,0.21364276305733312,2679555.943547652,5359111.887095304,0.6404292408096682,64.04292408096683,6.404292408096682,640.4292408096683
66,2016-09-01 13:19:15.211999893+00:00,2016-09-01 13:19:11.199375868+00:00,A_high_quality,False,,A-quality,DD1,1439.9638305217552,0.0018935203552246,0.1178934574127197,0.1159999370574951,-4.484825175927184,44.53481627607401,-17.984630053186088,44.53481627607401,62.5194463292601,126.95339338706069,126.95339338706069,32.73511937517918,109.12953937674885,0.07999561238509509,1042195.5217556449,2084391.0435112899,0.24909070787658819,24.90907078765882,2.490907078765882,249.09070787658817
66,2016-09-01 13:19:15.211999893+00:00,2016-09-01 13:19:11.199375868+00:00,A_high_quality,False,,A-quality,DD2,1408.3384566901343,0.0018935203552246,0.1178934574127197,0.1159999370574951,-0.15414619283810418,53.766705700985405,-13.86174688755772,53.766705700985405,67.62845258854313,128.5896686460145,128.5896686460145,47.38137989248965,110.73547713242982,0.11578703766770038,1442958.6576487687,2885917.3152975375,0.34487539618756424,34.48753961875642,3.448753961875642,344.87539618756426
66,2016-09-01 13:19:15.211999893+00:00,2016-09-01 13:19:11.199375868+00:00,A_high_quality,False,,A-quality,DD3,1412.8543304792386,0.0018935203552246,0.1178934574127197,0.1159999370574951,1.036113136557383,48.599172303094896,-13.834454456636156,48.599172303094896,62.433626759731055,127.71197754305284,127.71197754305284,45.5602634950665,110.56526235802596,0.11133673095683305,1396410.5074342599,2792821.0148685197,0.33375012127969883,33.37501212796988,3.337501212796988,333.7501212796988
69,2016-09-01 13:19:18.855133533+00:00,2016-09-01 13:19:14.842509508+00:00,A_high_quality,False,,A-quality,DD1,1439.9638305217552,0.000866413116455,0.1488664150238037,0.14800000190734872,5.157671002393626,27.64488678489323,-17.026954233178085,27.64488678489323,44.67184101807132,122.81169640064968,122.81169640064968,22.741362351784993,107.54756486795968,0.05557362375717406,724021.9817137297,1448043.9634274594,0.17304540671934265,17.304540671934266,1.7304540671934265,173.04540671934265
69,2016-09-01 13:19:18.855133533+00:00,2016-09-01 13:19:14.842509508+00:00,A_high_quality,False,,A-quality,DD2,1408.3384566901343,0.000866413116455,0.1488664150238037,0.14800000190734872,0.32445583637826947,34.23330938727486,-15.275966243943275,34.23330938727486,49.50927563121813,124.6683777885309,124.6683777885309,24.61472447142739,107.89134987468262,0.0601516046181042,749619.9954977478,1499239.9909954956,0.17916347884745407,17.916347884745406,1.7916347884745405,179.16347884745406
69,2016-09-01 13:19:18.855133533+00:00,2016-09-01 13:19:14.842509508+00:00,A_high_quality,False,,A-quality,DD3,1412.8543304792386,0.000866413116455,0.1488664150238037,0.14800000190734872,-0.5124981221198417,32.664609000133176,-13.58535833215401,32.664609000133176,46.249967332287184,124.26094936656447,124.26094936656447,23.0501407785945,107.60613590856708,0.056328193155893345,706480.9619583016,1412961.9239166032,0.1688530023800912,16.88530023800912,1.688530023800912,168.8530023800912
70,2016-09-01 13:19:22.621893167+00:00,2016-09-01 13:19:18.609269142+00:00,A_high_quality,False,,A-quality,DD1,1439.9638305217552,0.1852402687072754,0.2932403087615967,0.10800004005432129,2.6269445652307204,31.263212688053603,-15.60366880601909,31.263212688053603,46.86688149407269,123.88007219058298,123.88007219058298,21.177388590895337,107.23812414373336,0.05175170280058053,674229.3895114105,1348458.779022821,0.1611446915658247,16.11446915658247,1.611446915658247,161.1446915658247
70,2016-09-01 13:19:22.621893167+00:00,2016-09-01 13:19:18.609269142+00:00,A_high_quality,False,,A-quality,DD2,1408.3384566901343,0.1852402687072754,0.2932403087615967,0.10800004005432129,-0.17812698172854413,43.35794528817627,-7.962481033881973,43.35794528817627,51.32042632205824,126.72077394701766,126.72077394701766,32.292954103731965,109.07047784016449,0.07891508228958972,983453.7915688786,1966907.5831377571,0.23505109741129984,23.505109741129985,2.350510974112998,235.05109741129985
70,2016-09-01 13:19:22.621893167+00:00,2016-09-01 13:19:18.609269142+00:00,A_high_quality,False,,A-quality,DD3,1412.8543304792386,0.1852402687072754,0.2932403087615967,0.10800004005432129,2.4387274113391384,37.5657104514994,-13.929081346922457,37.5657104514994,51.49479179842186,125.47523222136498,125.47523222136498,28.265508356196108,108.49196809340471,0.0690731145475639,866330.6539225165,1732661.307845033,0.20705799567937774,20.705799567937774,2.0705799567937775,207.05799567937774
71,2016-09-01 13:19:22.807133436+00:00,2016-09-01 13:19:18.794509411+00:00,A_high_quality,False,,A-quality,DD1,1439.9638305217552,0.0008666515350341,0.0808665752410888,0.0799999237060547,-3.502687354773034,37.392844608057274,-9.4740368860154,37.392844608057274,46.86688149407267,125.43517018177626,125.43517018177626,25.54326130806936,108.05216354914825,0.06242069281106231,813226.6829761151,1626453.3659522303,0.19436584201149978,19.436584201149977,1.9436584201149978,194.36584201149978
71,2016-09-01 13:19:22.807133436+00:00,2016-09-01 13:19:18.794509411+00:00,A_high_quality,False,,A-quality,DD2,1408.3384566901343,0.0008666515350341,0.0808665752410888,0.0799999237060547,0.46158991926875287,42.71822838717937,-8.60219793487929,42.71822838717937,51.320426322058665,126.59166475288592,126.59166475288592,30.963547169344398,108.88790716103722,0.0756663780277699,942967.8612336816,1885935.722467363,0.22537472782831777,22.537472782831777,2.2537472782831776,225.37472782831776
71,2016-09-01 13:19:22.807133436+00:00,2016-09-01 13:19:18.794509411+00:00,A_high_quality,False,,A-quality,DD3,1412.8543304792386,0.0008666515350341,0.0808665752410888,0.0799999237060547,1.5812955246785447,38.42314233816003,-13.071649460261847,38.42314233816003,51.49479179842187,125.67125767949176,125.67125767949176,26.685619583999003,108.24217299333775,0.06521230168833016,817907.4642209831,1635814.9284419662,0.19548457557862883,19.548457557862882,1.9548457557862882,195.48457557862884
72,2016-09-01 13:19:23.733893156+00:00,2016-09-01 13:19:19.721269131+00:00,A_high_quality,False,,A-quality,DD1,1439.9638305217552,-0.0027596950531005,0.1132402420043945,0.115999937057495,1.794248251272312,31.959018530135264,-17.29295211584681,31.959018530135264,49.25197064598207,124.07126875769998,124.07126875769998,25.20537596208677,107.99433188408594,0.06159499412158932,802469.3495320551,1604938.6990641102,0.19179477761282387,19.17947776128239,1.9179477761282386,191.79477761282388
72,2016-09-01 13:19:23.733893156+00:00,2016-09-01 13:19:19.721269131+00:00,A_high_quality,False,,A-quality,DD2,1408.3384566901343,-0.0027596950531005,0.1132402420043945,0.115999937057495,0.046810009478389814,28.510386357233326,-12.804662326771926,28.510386357233326,41.31504868400525,123.07946214015445,123.07946214015445,14.54426475510416,105.60631780259106,0.03554217574223048,442932.9157389099,885865.8314778198,0.10586350758578153,10.586350758578153,1.0586350758578151,105.86350758578153
72,2016-09-01 13:19:23.733893156+00:00,2016-09-01 13:19:19.721269131+00:00,A_high_quality,False,,A-quality,DD3,1412.8543304792386,-0.0027596950531005,0.1132402420043945,0.115999937057495,0.2842536735534293,29.65088006509812,-9.515998608258837,29.65088006509812,39.16687867335696,123.42015184965932,123.42015184965932,17.45179549373604,106.39780123801492,0.04264737976790151,534893.100512594,1069786.201025188,0.1278425192429718,12.784251924297179,1.2784251924297179,127.84251924297179
73,2016-09-01 13:19:25.036000013+00:00,2016-09-01 13:19:21.023375988+00:00,A_high_quality,False,,A-quality,DD1,1439.9638305217552,-0.0021066665649414,0.1218931674957275,0.1239998340606689,-4.660383117669695,47.61596497255111,-19.48997250768362,47.61596497255111,67.10593748023473,127.53445188776874,127.53445188776874,43.02941843117809,110.31705485039579,0.10515204293363746,1369937.4875879202,2739874.9751758403,0.3274229176835373,32.74229176835373,3.274229176835373,327.4229176835373
73,2016-09-01 13:19:25.036000013+00:00,2016-09-01 13:19:21.023375988+00:00,A_high_quality,False,,A-quality,DD2,1408.3384566901343,-0.0021066665649414,0.1218931674957275,0.1239998340606689,-0.4072992913195419,57.801675826147765,-14.375742369397354,57.801675826147765,72.17741819554512,129.21820868609913,129.21820868609913,57.323022453913985,111.5626908991672,0.14008167290944254,1745722.723148908,3491445.446297816,0.4172377445384579,41.72377445384579,4.172377445384579,417.2377445384579
73,2016-09-01 13:19:25.036000013+00:00,2016-09-01 13:19:21.023375988+00:00,A_high_quality,False,,A-quality,DD3,1412.8543304792386,-0.0021066665649414,0.1218931674957275,0.1239998340606689,1.0724205856315154,54.11346088042391,-14.744753810093092,54.11346088042391,68.858214690517,128.64550629788184,128.64550629788184,54.10922009645365,111.31211282943788,0.1322280254330678,1658433.85651057,3316867.71302114,0.3963752047109393,39.63752047109393,3.9637520471093928,396.3752047109393
74,2016-09-01 13:19:26.839133501+00:00,2016-09-01 13:19:22.826509476+00:00,A_high_quality,False,,A-quality,DD1,1439.9638305217552,0.000866413116455,0.1168663501739502,0.1159999370574952,15.90335260191375,41.839468261494844,-20.012750184395763,41.839468261494844,61.85221844589061,126.41112321548883,126.41112321548883,44.42618978615483,110.45579076227429,0.1085653672787457,1414406.8183512925,2828813.636702585,0.33805134281818655,33.80513428181865,3.380513428181865,338.0513428181865
74,2016-09-01 13:19:26.839133501+00:00,2016-09-01 13:19:22.826509476+00:00,A_high_quality,False,,A-quality,DD2,1408.3384566901343,0.000866413116455,0.1168663501739502,0.1159999370574952,0.011809629264377284,48.38467367990746,-17.143970996087496,48.38467367990746,65.52864467599495,127.67355641451317,127.67355641451317,46.76316948686949,110.67843947517899,0.11427630176924142,1424131.5981781017,2848263.1963562034,0.34037562097946983,34.03756209794698,3.403756209794698,340.37562097946983
74,2016-09-01 13:19:26.839133501+00:00,2016-09-01 13:19:22.826509476+00:00,A_high_quality,False,,A-quality,DD3,1412.8543304792386,0.000866413116455,0.1168663501739502,0.1159999370574952,-0.42860307858386304,49.34081557714659,-16.72574865958571,49.34081557714659,66.0665642367323,127.84352656406588,127.84352656406588,45.690881645704074,110.5776954690218,0.11165592572832926,1400413.9205846621,2800827.8411693242,0.3347069599867739,33.47069599867739,3.347069599867739,334.7069599867739
75,2016-09-01 13:19:29.365000010+00:00,2016-09-01 13:19:25.352375984+00:00,A_high_quality,False,,A-quality,DD1,1439.9638305217552,-0.0311067104339599,0.1848933696746826,0.2160000801086425,4.189480184832551,46.52001081047909,-26.258593337459526,46.52001081047909,72.77860414793862,127.33219622630556,127.33219622630556,49.83934122934877,110.9551230190683,0.12179361794337888,1586746.5653986011,3173493.1307972022,0.3792415309270079,37.92415309270079,3.792415309270079,379.2415309270079
75,2016-09-01 13:19:29.365000010+00:00,2016-09-01 13:19:25.352375984+00:00,A_high_quality,False,,A-quality,DD2,1408.3384566901343,-0.0311067104339599,0.1848933696746826,0.2160000801086425,-0.9295541740406723,62.32758642252402,-29.616452981224473,62.32758642252402,91.94403940374849,129.87300627812218,129.87300627812218,90.13655929953092,113.52840984797199,0.22026891598625628,2745030.4087185506,5490060.817437101,0.6560780135560589,65.60780135560589,6.560780135560589,656.0780135560589
75,2016-09-01 13:19:29.365000010+00:00,2016-09-01 13:19:25.352375984+00:00,A_high_quality,False,,A-quality,DD3,1412.8543304792386,-0.0311067104339599,0.1848933696746826,0.2160000801086425,-1.0107911785891766,57.74484985631703,-28.0350897413251,57.74484985631703,85.77993959764213,129.2096652160224,129.2096652160224,80.59824245615881,113.0426558025487,0.19695989767281866,2470315.665727033,4940631.331454066,0.5904196141795012,59.04196141795012,5.904196141795011,590.4196141795012
76,2016-09-01 13:19:33.371133566+00:00,2016-09-01 13:19:29.358509541+00:00,A_high_quality,False,,A-quality,DD1,1439.9638305217552,0.000866413116455,0.0888664722442627,0.0880000591278077,-2.4831754125272285,27.768419027336204,-7.982323874835388,27.768419027336204,35.750742902171595,122.85042317164323,122.85042317164323,20.334176297963943,107.06166593256539,0.04969112428334341,647383.8458764381,1294767.6917528762,0.15472845264733223,15.472845264733223,1.5472845264733222,154.72845264733223
76,2016-09-01 13:19:33.371133566+00:00,2016-09-01 13:19:29.358509541+00:00,A_high_quality,False,,A-quality,DD2,1408.3384566901343,0.000866413116455,0.0888664722442627,0.0880000591278077,-1.4627540724371917,21.261826884857832,-16.37946455280638,21.261826884857832,37.64129143766421,120.53141164223061,120.53141164223061,12.215180963408608,104.84839913942004,0.029850536677851317,372002.697386421,744005.394772842,0.08891077853403943,8.891077853403942,0.8891077853403943,88.91077853403944
76,2016-09-01 13:19:33.371133566+00:00,2016-09-01 13:19:29.358509541+00:00,A_high_quality,False,,A-quality,DD3,1412.8543304792386,0.000866413116455,0.0888664722442627,0.0880000591278077,-0.10183894518353272,24.27352494626219,-14.530318933797487,24.27352494626219,38.803843880059674,121.68205705015424,121.68205705015424,13.748207704148042,105.36186093388605,0.03359683164389819,421379.07517896243,842758.1503579249,0.10071201605615737,10.071201605615737,1.0071201605615736,100.71201605615737
78,2016-09-01 13:19:42.404133558+00:00,2016-09-01 13:19:38.391509533+00:00,A_high_quality,False,,A-quality,DD1,1439.9638305217552,-0.0022401809692382,0.1257598400115966,0.1280000209808348,-9.956884587607826,32.70948810900067,-9.035665463481825,32.70948810900067,41.745153572482494,124.27287503942736,124.27287503942736,30.618640139300943,108.83925907212195,0.07482352027710683,974812.6857182848,1949625.3714365696,0.23298582354643518,23.298582354643518,2.329858235464352,232.98582354643517
78,2016-09-01 13:19:42.404133558+00:00,2016-09-01 13:19:38.391509533+00:00,A_high_quality,False,,A-quality,DD2,1408.3384566901343,-0.0022401809692382,0.1257598400115966,0.1280000209808348,0.41108332037655837,26.22102474690454,-14.014651818474801,26.22102474690454,40.23567656537934,122.35239329469377,122.35239329469377,18.52434820933862,106.65682944671985,0.04526840308895838,564142.8908701441,1128285.7817402883,0.1348333869192505,13.48333869192505,1.348333869192505,134.8333869192505
78,2016-09-01 13:19:42.404133558+00:00,2016-09-01 13:19:38.391509533+00:00,A_high_quality,False,,A-quality,DD3,1412.8543304792386,-0.0022401809692382,0.1257598400115966,0.1280000209808348,-0.5404807446197797,28.55284326832576,-14.398836232541006,28.55284326832576,42.95167950086677,123.09238731507327,123.09238731507327,20.9732105171024,107.19604924742426,0.051252747844544554,642823.5768189507,1285647.1536379014,0.15363852218426163,15.363852218426164,1.5363852218426162,153.63852218426163
81,2016-09-01 13:19:56.212066889+00:00,2016-09-01 13:19:52.199442863+00:00,A_high_quality,False,,A-quality,DD1,1439.9638305217552,-0.0021734237670898,0.1818265914916992,0.18400001525878898,4.352103130819568,14.659897015858682,-24.45137663292884,24.45137663292884,39.111273648787524,117.30201847563103,121.74546639252188,31.442325107519185,108.95454662579759,0.07683637939302551,1001036.5334267917,2002073.0668535833,0.23925347357236895,23.925347357236895,2.3925347357236895,239.25347357236896
81,2016-09-01 13:19:56.212066889+00:00,2016-09-01 13:19:52.199442863+00:00,A_high_quality,False,,A-quality,DD2,1408.3384566901343,-0.0021734237670898,0.1818265914916992,0.18400001525878898,0.16121268361671343,37.035798446542195,-10.262197055295237,37.035798446542195,47.297995501837434,125.35183432565421,125.35183432565421,26.072881230205354,108.14129034977996,0.06371493797684409,794026.8895996488,1588053.7791992975,0.18977698126186635,18.977698126186635,1.8977698126186633,189.77698126186635
81,2016-09-01 13:19:56.212066889+00:00,2016-09-01 13:19:52.199442863+00:00,A_high_quality,False,,A-quality,DD3,1412.8543304792386,-0.0021734237670898,0.1818265914916992,0.18400001525878898,-0.9906988810328448,35.62663719102729,-10.275198980968879,35.62663719102729,45.90183617199617,125.01489670870308,125.01489670870308,25.465957106893793,108.03900011918627,0.062231782642686105,780525.1189951387,1561050.2379902774,0.18654998063937347,18.65499806393735,1.8654998063937347,186.54998063937347
83,2016-09-01 13:20:03.937999964+00:00,2016-09-01 13:19:59.925375938+00:00,A_high_quality,False,,A-quality,DD1,1439.9638305217552,-0.0019998550415039,0.0860002040863037,0.0880000591278076,4.658460119320314,37.073872929246,-32.496459636631656,37.073872929246,69.57033256587766,125.36075922783633,125.36075922783633,36.13426144803856,109.55859191226288,0.08830217906004369,1150414.7894339946,2300829.578867989,0.2749557336123314,27.495573361233138,2.749557336123314,274.95573361233136
83,2016-09-01 13:20:03.937999964+00:00,2016-09-01 13:19:59.925375938+00:00,A_high_quality,False,,A-quality,DD2,1408.3384566901343,-0.0019998550415039,0.0860002040863037,0.0880000591278076,1.037763120529891,48.350476437869986,-36.114699095287705,48.350476437869986,84.46517553315769,127.66741524489126,127.66741524489126,46.563675683123115,110.65987264375076,0.11378879387856229,1418056.1881348256,2836112.376269651,0.3389235631297384,33.89235631297384,3.389235631297384,338.9235631297384
83,2016-09-01 13:20:03.937999964+00:00,2016-09-01 13:19:59.925375938+00:00,A_high_quality,False,,A-quality,DD3,1412.8543304792386,-0.0019998550415039,0.0860002040863037,0.0880000591278076,1.0213617417521759,40.56087736482631,-35.397763421930684,40.56087736482631,75.958640786757,126.14154689812814,126.14154689812814,39.531063208562365,109.94878503748686,0.09660302665646042,1211617.0495910738,2423234.0991821475,0.28958342485446315,28.958342485446313,2.8958342485446313,289.58342485446315
91,2016-09-01 13:20:26.312566757+00:00,2016-09-01 13:20:22.299942732+00:00,A_high_quality,False,,A-quality,DD1,1439.9638305217552,-0.0386734008789062,0.1653265953063964,0.2039999961853026,10.996281055864046,29.350093972394596,-5.786289646967854,29.350093972394596,35.13638361936245,123.33159000870111,123.33159000870111,18.43128975141463,106.63495735227194,0.045040993857792214,586801.209396839,1173602.418793678,0.14024885501836495,14.024885501836495,1.4024885501836495,140.24885501836496
91,2016-09-01 13:20:26.312566757+00:00,2016-09-01 13:20:22.299942732+00:00,A_high_quality,False,,A-quality,DD2,1408.3384566901343,-0.0386734008789062,0.1653265953063964,0.2039999961853026,0.443400808914969,23.963334922229986,-10.854632968394636,23.963334922229986,34.81796789062462,121.57034524047856,121.57034524047856,12.609918770617853,104.9865229765701,0.030815167118246046,384024.0935067175,768048.187013435,0.09178396116317339,9.178396116317339,0.9178396116317339,91.78396116317339
91,2016-09-01 13:20:26.312566757+00:00,2016-09-01 13:20:22.299942732+00:00,A_high_quality,False,,A-quality,DD3,1412.8543304792386,-0.0386734008789062,0.1653265953063964,0.2039999961853026,-0.25862485084674325,27.11467647989353,-7.53822591214388,27.11467647989353,34.65290239203741,122.64348862664535,122.64348862664535,16.947340770257593,106.270415708332,0.04141463141397891,519431.6913294266,1038863.3826588532,0.12414715375942319,12.414715375942318,1.2414715375942318,124.14715375942319
95,2016-09-01 13:20:40.735133410+00:00,2016-09-01 13:20:36.722509384+00:00,A_high_quality,False,,A-quality,DD1,1439.9638305217552,0.0008666515350341,0.0968666076660156,0.0959999561309815,8.04920322515557,26.511868672032687,-22.134321066292046,26.511868672032687,48.646189738324736,122.44820688231071,122.44820688231071,24.426546611185916,107.85802080077742,0.05969174977551738,777673.5804249421,1555347.1608498842,0.1858684465642787,18.58684465642787,1.858684465642787,185.86844656427868
95,2016-09-01 13:20:40.735133410+00:00,2016-09-01 13:20:36.722509384+00:00,A_high_quality,False,,A-quality,DD2,1408.3384566901343,0.0008666515350341,0.0968666076660156,0.0959999561309815,-1.1543719299642399,36.8352270125977,-14.69251953117272,36.8352270125977,51.52774654377042,125.30466710115589,125.30466710115589,25.889052639040166,108.11056167211777,0.06326571154954416,788428.5499618615,1576857.099923723,0.1884389459755883,18.84389459755883,1.884389459755883,188.4389459755883
95,2016-09-01 13:20:40.735133410+00:00,2016-09-01 13:20:36.722509384+00:00,A_high_quality,False,,A-quality,DD3,1412.8543304792386,0.0008666515350341,0.0968666076660156,0.0959999561309815,-0.29847180200152335,35.42777151124641,-15.69566478540105,35.42777151124641,51.12343629664746,124.96627678802287,124.96627678802287,25.198138742495622,107.99308471528322,0.06157730835094881,772316.5541309351,1544633.1082618702,0.1845880865513707,18.45880865513707,1.8458808655137071,184.5880865513707
98,2016-09-01 13:21:08.956566811+00:00,2016-09-01 13:21:04.943942785+00:00,A_high_quality,False,,A-quality,DD1,1439.9638305217552,0.001326560974121,0.1613266468048095,0.16000008583068848,-1.6750584562595277,22.205251853270166,-17.814550937552365,22.205251853270166,40.01980279082253,120.90851415334316,120.90851415334316,16.46478618902999,106.1449610402805,0.04023540097366456,524193.18335775344,1048386.3667155069,0.12528517766676708,12.528517766676709,1.2528517766676708,125.28517766676708
98,2016-09-01 13:21:08.956566811+00:00,2016-09-01 13:21:04.943942785+00:00,A_high_quality,False,,A-quality,DD2,1408.3384566901343,0.001326560974121,0.1613266468048095,0.16000008583068848,-0.3606444588427521,14.03476806927921,-15.542157204330808,15.542157204330808,29.576925273610016,116.92350488916553,117.80962603485663,9.272727864145674,103.65147522975212,0.02265999202480708,282392.8509880913,564785.7019761826,0.06749351123042335,6.749351123042335,0.6749351123042335,67.49351123042335
98,2016-09-01 13:21:08.956566811+00:00,2016-09-01 13:21:04.943942785+00:00,A_high_quality,False,,A-quality,DD3,1412.8543304792386,0.001326560974121,0.1613266468048095,0.16000008583068848,-1.992163416119391,14.675190984965264,-13.171024483524207,14.675190984965264,27.84621546848947,117.31107532521811,117.31107532521811,8.801932149541644,103.42518025115139,0.021509497014650374,269776.9853915423,539553.9707830846,0.0644782469865063,6.44782469865063,0.6447824698650629,64.47824698650629
109,2016-09-01 13:21:21.709893227+00:00,2016-09-01 13:21:17.697269201+00:00,A_high_quality,False,,A-quality,DD1,1439.9638305217552,0.0012402534484863,0.0972402095794677,0.0959999561309814,-6.645070578592584,18.033189045321365,-11.320834537265725,18.033189045321365,29.35402358258709,119.10085079678225,119.10085079678225,6.863246905953065,102.3446963162859,0.016771884436997547,218506.76969001943,437013.53938003886,0.052224371340826824,5.222437134082682,0.5222437134082683,52.22437134082682
109,2016-09-01 13:21:21.709893227+00:00,2016-09-01 13:21:17.697269201+00:00,A_high_quality,False,,A-quality,DD2,1408.3384566901343,0.0012402534484863,0.0972402095794677,0.0959999561309814,-0.6559390847478928,21.162468357795056,-14.37329592145811,21.162468357795056,35.535764279253165,120.49072652189396,120.49072652189396,9.465414579956118,103.74079649248044,0.02313086526809871,288260.95709693554,576521.9141938711,0.06889602225070161,6.889602225070162,0.688960222507016,68.8960222507016
109,2016-09-01 13:21:21.709893227+00:00,2016-09-01 13:21:17.697269201+00:00,A_high_quality,False,,A-quality,DD3,1412.8543304792386,0.0012402534484863,0.0972402095794677,0.0959999561309814,-0.3994004217712787,17.249433459511337,-11.958448059583004,17.249433459511337,29.207881519094343,118.71489680018331,118.71489680018331,7.020148944915472,102.4428633522758,0.01715530978967198,215165.78260121384,430331.5652024277,0.0514258562622404,5.14258562622404,0.514258562622404,51.4258562622404
148,2016-09-01 13:29:55.158133507+00:00,2016-09-01 13:29:51.145509481+00:00,A_high_quality,False,,A-quality,DD1,1439.9638305217552,-0.0181334018707275,0.1698665618896484,0.18799996376037592,7.195847943302239,32.792045660220865,-47.764625630181534,47.764625630181534,80.55667129040239,124.29477028728313,127.56152765031396,72.66101362399836,112.59241460666098,0.1775634973178304,2313325.396411281,4626650.792822562,0.5528980392952393,55.28980392952393,5.528980392952392,552.8980392952393
148,2016-09-01 13:29:55.158133507+00:00,2016-09-01 13:29:51.145509481+00:00,A_high_quality,False,,A-quality,DD2,1408.3384566901343,-0.0181334018707275,0.1698665618896484,0.18799996376037592,0.4753338016659172,31.813855467044604,-35.91663498412819,35.91663498412819,67.73049045117278,124.0317261608508,125.08531290704782,45.31069172114493,110.5414070091927,0.1107268463048153,1379897.6528635034,2759795.305727007,0.3298034543172809,32.98034543172809,3.298034543172809,329.8034543172809
148,2016-09-01 13:29:55.158133507+00:00,2016-09-01 13:29:51.145509481+00:00,A_high_quality,False,,A-quality,DD3,1412.8543304792386,-0.0181334018707275,0.1698665618896484,0.18799996376037592,-1.142783429052482,24.99984875065326,-31.019822309777243,31.019822309777243,56.019671060430504,121.93814771059681,123.8121862012081,34.55687918067933,109.36474523271458,0.08444749140802713,1059159.572184261,2118319.144368522,0.25314521323715605,25.314521323715606,2.53145213237156,253.14521323715604
149,2016-09-01 13:30:42.723999977+00:00,2016-09-01 13:30:38.711375952+00:00,A_high_quality,False,,A-quality,DD1,1439.9638305217552,0.0018932819366455,0.0498932600021362,0.0479999780654907,-8.674661338237566,13.7484835723032,-20.038604721813723,20.038604721813723,33.78708829411693,116.74449606822877,120.01674965745794,7.253574224022024,102.58492068107145,0.01772573685713668,230933.71025644994,461867.4205128999,0.05519448141884559,5.519448141884559,0.5519448141884559,55.194481418845584
149,2016-09-01 13:30:42.723999977+00:00,2016-09-01 13:30:38.711375952+00:00,A_high_quality,False,,A-quality,DD2,1408.3384566901343,0.0018932819366455,0.0498932600021362,0.0479999780654907,0.2890714094604844,16.11155954909051,-21.617839846362187,21.617839846362187,37.7293993954527,118.1221517030287,120.67564598852488,7.781122906844362,102.88982283946574,0.019014920484715626,236967.32113198616,473934.6422639723,0.056636549027721354,5.6636549027721355,0.5663654902772135,56.63654902772135
149,2016-09-01 13:30:42.723999977+00:00,2016-09-01 13:30:38.711375952+00:00,A_high_quality,False,,A-quality,DD3,1412.8543304792386,0.0018932819366455,0.0498932600021362,0.0479999780654907,-1.100398437307595,11.56991196769713,-20.440951078998296,20.440951078998296,32.01086304669543,115.24600117744282,120.18942206348022,7.259348902876484,102.58837678880617,0.017739848581184343,222497.20057492156,444994.4011498431,0.05317810721197934,5.317810721197934,0.5317810721197933,53.17810721197934
151,2016-09-01 13:33:31.789000034+00:00,2016-09-01 13:33:27.776376009+00:00,A_high_quality,False,,A-quality,DD1,1439.9638305217552,0.0008933544158935,0.0528932809829711,0.0519999265670776,-0.15602480948211317,13.791560828147727,-41.22277832253408,41.22277832253408,55.014339150681806,116.77166847143062,126.2821452647367,25.232652976917795,107.99902923583737,0.061661651630316776,803337.774124553,1606675.548249106,0.1920023360718339,19.20023360718339,1.9200233607183388,192.0023360718339
151,2016-09-01 13:33:31.789000034+00:00,2016-09-01 13:33:27.776376009+00:00,A_high_quality,False,,A-quality,DD2,1408.3384566901343,0.0008933544158935,0.0528932809829711,0.0519999265670776,0.4028678831766702,21.316337327053123,-32.09408207374906,32.09408207374906,53.41041940080218,120.55365177176515,124.10789926462657,18.808800072621004,106.72301098828382,0.045963525069011676,572805.624622073,1145611.249244146,0.1369038299765949,13.690382997659489,1.369038299765949,136.9038299765949
151,2016-09-01 13:33:31.789000034+00:00,2016-09-01 13:33:27.776376009+00:00,A_high_quality,False,,A-quality,DD3,1412.8543304792386,0.0008933544158935,0.0528932809829711,0.0519999265670776,1.2448812205992243,18.05918943303814,-33.031190000865514,33.031190000865514,51.09037943390365,119.11336515836452,124.35788448909832,17.770570845599007,106.47641387580981,0.04342637889704132,544663.4841035646,1089326.9682071293,0.13017769696547912,13.017769696547912,1.3017769696547912,130.17769696547913
