event_number,event_time,maximum_coherence_score,pressure_normalization_peak_absolute_pa,vertical_normalization_peak_absolute_mps,signal_start_s,signal_end_s
1,2016-09-01 13:07:15.927133560+00:00,0.9799817318242232,30.323218132247376,5.867259641634452e-05,-0.0191335678100585,0.1368664503097534
2,2016-09-01 13:07:16.057133436+00:00,0.961109953379313,23.394963366734387,6.330444288324043e-05,-0.0059999227523803,0.1700001955032348
3,2016-09-01 13:07:16.255000114+00:00,0.9572356258262252,34.23737267280233,0.0001011502994283945,0.0169999599456787,0.0690000057220459
8,2016-09-01 13:07:17.895133495+00:00,0.9559247317090293,29.72135151009115,0.00015181335198128807,0.0088663101196289,0.068866491317749
9,2016-09-01 13:07:18.111133575+00:00,0.988343884660608,105.62884016200513,0.0003212197512679514,0.000866413116455,0.0728664398193359
10,2016-09-01 13:07:18.389066696+00:00,0.9554967333316609,38.53898633886925,0.0003306189821077202,0.1088266372680664,0.2288265228271484
11,2016-09-01 13:07:18.977133512+00:00,0.97514429480309,93.69595628314411,0.00029379938030328807,0.0459997653961181,0.241999864578247
12,2016-09-01 13:07:19.239566803+00:00,0.9963701303709852,159.48101044586605,0.0004597602009166466,0.0084331035614013,0.1044332981109619
13,2016-09-01 13:07:19.427133560+00:00,0.9983980564566396,1339.9064868045677,0.0029076679377896667,-0.04,0.35
14,2016-09-01 13:07:19.500133513+00:00,0.9966832902049896,1325.2908485911057,0.0029292643083706077,-0.0742402076721191,0.2617597579956054
15,2016-09-01 13:07:19.583133698+00:00,0.9890715270967344,653.1794932854647,0.002555774427744202,0.0048663616180419,0.1808664798736572
18,2016-09-01 13:07:23.467133522+00:00,0.9972935929767548,179.95819586758438,0.0008091936201228958,-0.0151336193084716,0.068866491317749
20,2016-09-01 13:07:26.187133551+00:00,0.9311716689726816,57.457876127244724,0.00012448822594753276,0.0048663616180419,0.0848665237426757
21,2016-09-01 13:07:26.789893389+00:00,0.9819075345544768,41.08847439045867,0.00022933999929411478,0.0052399635314941,0.0692400932312011
22,2016-09-01 13:07:28.405903101+00:00,0.9976793000875412,255.8913442854605,0.00041792222183561616,-0.0067696571350097,0.1492302417755127
23,2016-09-01 13:07:28.985893250+00:00,0.9981267571833816,280.3393167031744,0.0008702498191832229,-0.0027596950531005,0.1772403717041015
24,2016-09-01 13:07:30.451133490+00:00,0.9947068719898258,248.37507972665728,0.0007023013830667238,-0.0071334838867187,0.1528663635253906
25,2016-09-01 13:07:32.797893286+00:00,0.9893536998837318,95.37572133118834,0.00023446512832850077,-0.0227596759796142,0.0712403059005737
26,2016-09-01 13:07:34.435133696+00:00,0.9651045195738116,33.25750364168597,0.00013676846143467734,0.000866413116455,0.1168663501739502
27,2016-09-01 13:07:38.384000063+00:00,0.9631120529465056,34.12556619390175,8.696861781748016e-05,0.0018932819366455,0.0658931732177734
29,2016-09-01 13:07:41.861893177+00:00,0.973103323015901,34.46309566882848,9.987713989863976e-05,-0.0027596950531005,0.0732402801513671
32,2016-09-01 13:07:47.696133614+00:00,0.9694463946424592,46.32228200840819,7.950136069581933e-05,-0.0262403488159179,0.1377596855163574
36,2016-09-01 13:07:57.957893372+00:00,0.9075370145001572,25.87018748516205,5.136636207699042e-05,0.0012400150299072,0.1812400817871093
37,2016-09-01 13:08:09.591133595+00:00,0.940339150495002,36.963216413153745,5.6451976420566944e-05,-0.0031335353851318,0.064866304397583
38,2016-09-01 13:08:18.232000113+00:00,0.9101926655054716,27.09609319661616,7.182166906394345e-05,-0.0021066665649414,0.1658933162689209
39,2016-09-01 13:08:22.663133621+00:00,0.961624903349866,33.80179222716435,4.3450166998500876e-05,-0.0071334838867187,0.1488664150238037
52,2016-09-01 13:10:28.724571705+00:00,0.9108232577149872,12.64030695490291,2.817090125379811e-05,0.0053215026855468,0.185321569442749
54,2016-09-01 13:14:17.363133430+00:00,0.9458691974327796,132.3238922928967,0.00036472114043142385,0.0008666515350341,0.1208665370941162
56,2016-09-01 13:14:30.495133400+00:00,0.9916705810327566,104.01500879923412,0.00033077090177744133,0.0008666515350341,0.1888666152954101
57,2016-09-01 13:15:46.158893108+00:00,0.970887739468638,76.1326644384002,0.0001675730607447196,-0.0108931064605712,0.1331069469451904
62,2016-09-01 13:19:13.066893101+00:00,0.9355222332015026,45.58734195585787,8.249312629644086e-05,-0.0028929710388183,0.093106985092163
65,2016-09-01 13:19:14.521133423+00:00,0.933233762085694,66.76082238258401,0.00012990882055398352,0.002000093460083,0.1140000820159912
66,2016-09-01 13:19:15.211999893+00:00,0.9126046120382412,49.12563849683389,0.00014243386833901926,0.0018935203552246,0.1178934574127197
69,2016-09-01 13:19:18.855133533+00:00,0.9497152351757068,31.929250872772272,8.13790372667387e-05,0.000866413116455,0.1488664150238037
70,2016-09-01 13:19:22.621893167+00:00,0.9457794047156636,37.479497589307826,0.00011608191506491586,0.1852402687072754,0.2932403087615967
71,2016-09-01 13:19:22.807133436+00:00,0.9599138875842644,39.16986596118134,9.336527550930985e-05,0.0008666515350341,0.0808665752410888
72,2016-09-01 13:19:23.733893156+00:00,0.9618634589356664,28.640861348593234,4.0420391114833e-05,-0.0027596950531005,0.1132402420043945
73,2016-09-01 13:19:25.036000013+00:00,0.9751965948637982,55.49988320242195,0.00010483916668597061,-0.0021066665649414,0.1218931674957275
74,2016-09-01 13:19:26.839133501+00:00,0.9819353774005672,48.11713546180454,0.00012649277075506288,0.000866413116455,0.1168663501739502
75,2016-09-01 13:19:29.365000010+00:00,0.985362961839274,55.94574187069158,0.00012390953926486885,-0.0311067104339599,0.1848933696746826
76,2016-09-01 13:19:33.371133566+00:00,0.9543387780528824,24.796060414114294,4.1789655584137794e-05,0.000866413116455,0.0888664722442627
78,2016-09-01 13:19:42.404133558+00:00,0.9703905894450916,27.811546614578546,3.5676943120028134e-05,-0.0022401809692382,0.1257598400115966
81,2016-09-01 13:19:56.212066889+00:00,0.9365257576509172,34.35343874766895,9.96113497805728e-05,-0.0021734237670898,0.1818265914916992
83,2016-09-01 13:20:03.937999964+00:00,0.9724951854097268,40.205062815206034,0.0001221533531179887,-0.0019998550415039,0.0860002040863037
91,2016-09-01 13:20:26.312566757+00:00,0.9241539979359872,25.419107561795236,5.264832879752476e-05,-0.0386734008789062,0.1653265953063964
95,2016-09-01 13:20:40.735133410+00:00,0.966926349279742,34.69873615315302,6.914204750633994e-05,0.0008666515350341,0.0968666076660156
98,2016-09-01 13:21:08.956566811+00:00,0.9133306309827738,14.813997681483475,4.433099553909951e-05,0.001326560974121,0.1613266468048095
109,2016-09-01 13:21:21.709893227+00:00,0.9157491555085548,17.510128256632544,4.8841979614379905e-05,0.0012402534484863,0.0972402095794677
148,2016-09-01 13:29:55.158133507+00:00,0.964661637337439,35.32245464787556,0.00010618019258090118,-0.0181334018707275,0.1698665618896484
149,2016-09-01 13:30:42.723999977+00:00,0.9394938186258276,20.42335167510232,2.196154482881456e-05,0.0018932819366455,0.0498932600021362
151,2016-09-01 13:33:31.789000034+00:00,0.9613738644659184,32.13923833794758,3.026427518532081e-05,0.0008933544158935,0.0528932809829711
