event_number,frequency_hz,pressure_amplitude_pa
1,0.9717976460949388,0.9165818125545576
1,1.1330328706147506,
1,1.3210193408598625,
1,1.5401954737456027,
1,1.7957360834719915,1.0904621733618982
1,2.0936745604382634,
1,2.4410453213988257,
1,2.8460498941515415,0.5891469268723843
1,3.318250558067618,
1,3.868796112374049,0.43689764656102426
1,4.51068510264545,1.9821395056861975
1,5.259072720361658,4.761983307567412
1,6.131628621521653,3.6763470083767142
1,7.148954112518534,1.4016772332293659
1,8.335068553159141,0.7786461523224043
1,9.717976460949387,1.6283264676104254
1,11.330328706147506,0.8900360237265188
1,13.210193408598627,0.920306771474282
1,15.401954737456029,2.516811466761387
1,17.957360834719918,1.7849481040088078
1,20.936745604382637,1.9684484160721898
1,24.410453213988255,0.9855944839299686
1,28.460498941515414,0.2293643556109802
1,33.182505580676185,0.22372784949309601
1,38.68796112374051,0.3323716685935472
1,45.10685102645452,0.6148858376803893
1,52.5907272036166,0.5100291497839639
1,61.316286215216536,0.25163010769089994
1,71.48954112518535,0.1123597824535362
1,83.35068553159142,0.13369982067834021
2,0.9717976460949388,1.4794411164944834
2,1.1330328706147506,
2,1.3210193408598625,
2,1.5401954737456027,
2,1.7957360834719915,1.0760737759294876
2,2.0936745604382634,
2,2.4410453213988257,
2,2.8460498941515415,0.6838900248458575
2,3.318250558067618,
2,3.868796112374049,0.06624546000342889
2,4.51068510264545,1.2880783049818274
2,5.259072720361658,5.25095175061262
2,6.131628621521653,4.246482150987048
2,7.148954112518534,0.9548486470513017
2,8.335068553159141,1.306445773497114
2,9.717976460949387,2.2116228103953386
2,11.330328706147506,0.9430506078977173
2,13.210193408598627,0.9227902312667661
2,15.401954737456029,2.6732115169445962
2,17.957360834719918,1.8629275315469978
2,20.936745604382637,2.019597544352159
2,24.410453213988255,1.0340662670578011
2,28.460498941515414,0.22695898946204202
2,33.182505580676185,0.19308846095623416
2,38.68796112374051,0.29973740092330664
2,45.10685102645452,0.5804895948439344
2,52.5907272036166,0.525930614554253
2,61.316286215216536,0.2273731618133949
2,71.48954112518535,0.16117111136589066
2,83.35068553159142,0.1378337956107555
3,0.9717976460949388,1.4886596792630504
3,1.1330328706147506,
3,1.3210193408598625,
3,1.5401954737456027,
3,1.7957360834719915,1.991980880957621
3,2.0936745604382634,
3,2.4410453213988257,
3,2.8460498941515415,1.8606244065246587
3,3.318250558067618,
3,3.868796112374049,1.354011121475919
3,4.51068510264545,0.3329971890235035
3,5.259072720361658,6.142825644429426
3,6.131628621521653,3.7636431032274404
3,7.148954112518534,0.7158921046963921
3,8.335068553159141,1.81910174159482
3,9.717976460949387,2.3413709367417956
3,11.330328706147506,1.049975008694462
3,13.210193408598627,0.990563447655292
3,15.401954737456029,3.307702004446477
3,17.957360834719918,2.1181783363890334
3,20.936745604382637,1.4911421401306737
3,24.410453213988255,1.033027149722218
3,28.460498941515414,0.37871328819631495
3,33.182505580676185,0.24212049882637582
3,38.68796112374051,0.29031700142579897
3,45.10685102645452,0.6037602278812133
3,52.5907272036166,0.5339155173088703
3,61.316286215216536,0.3135509653725223
3,71.48954112518535,0.1553749690694025
3,83.35068553159142,0.11729223979714536
8,0.9717976460949388,1.2610958836388817
8,1.1330328706147506,
8,1.3210193408598625,
8,1.5401954737456027,
8,1.7957360834719915,4.291894843034879
8,2.0936745604382634,
8,2.4410453213988257,
8,2.8460498941515415,2.447100308426821
8,3.318250558067618,
8,3.868796112374049,4.658920310469937
8,4.51068510264545,3.02185217109732
8,5.259072720361658,3.9220326750165184
8,6.131628621521653,7.2584558048535355
8,7.148954112518534,5.6669877135630236
8,8.335068553159141,7.1769704636463745
8,9.717976460949387,4.039644393978107
8,11.330328706147506,1.5980293981902962
8,13.210193408598627,4.185743807916065
8,15.401954737456029,4.527677208969841
8,17.957360834719918,4.439327315125362
8,20.936745604382637,3.332379686148588
8,24.410453213988255,1.071040052884045
8,28.460498941515414,1.601172936432874
8,33.182505580676185,0.4439248151688567
8,38.68796112374051,0.31698844836942736
8,45.10685102645452,0.5368774863725868
8,52.5907272036166,0.7887236497744864
8,61.316286215216536,0.3782532371427256
8,71.48954112518535,0.26491186622663826
8,83.35068553159142,0.46949454812340097
9,0.9717976460949388,3.3337791300858886
9,1.1330328706147506,
9,1.3210193408598625,
9,1.5401954737456027,
9,1.7957360834719915,1.9183578811181745
9,2.0936745604382634,
9,2.4410453213988257,
9,2.8460498941515415,2.355893986177724
9,3.318250558067618,
9,3.868796112374049,6.522383142252431
9,4.51068510264545,4.139572852934378
9,5.259072720361658,3.0679722050101104
9,6.131628621521653,6.644707898147322
9,7.148954112518534,7.8330724128020295
9,8.335068553159141,6.540766928617576
9,9.717976460949387,4.075460318606782
9,11.330328706147506,2.5167798891843396
9,13.210193408598627,4.012935653027578
9,15.401954737456029,4.864937379193472
9,17.957360834719918,4.162134749459851
9,20.936745604382637,3.2296880509399712
9,24.410453213988255,1.3519670978333505
9,28.460498941515414,1.1670600281770915
9,33.182505580676185,0.45096247438074805
9,38.68796112374051,0.4914169046494316
9,45.10685102645452,0.4371202246058081
9,52.5907272036166,0.5764047432461803
9,61.316286215216536,0.42940683308108096
9,71.48954112518535,0.2687756056567423
9,83.35068553159142,0.4630334016011864
10,0.9717976460949388,4.146996427506491
10,1.1330328706147506,
10,1.3210193408598625,
10,1.5401954737456027,
10,1.7957360834719915,4.36670212925846
10,2.0936745604382634,
10,2.4410453213988257,
10,2.8460498941515415,4.890159935528439
10,3.318250558067618,
10,3.868796112374049,5.639845871433089
10,4.51068510264545,3.995060535671046
10,5.259072720361658,2.9636670993254772
10,6.131628621521653,4.968213486788991
10,7.148954112518534,9.816825134914858
10,8.335068553159141,5.49007417169669
10,9.717976460949387,3.6772606373741943
10,11.330328706147506,3.493979395796184
10,13.210193408598627,4.3960132924854065
10,15.401954737456029,5.980865202974753
10,17.957360834719918,3.0425682852428544
10,20.936745604382637,3.873536706459706
10,24.410453213988255,1.4070195701414772
10,28.460498941515414,1.318316644265165
10,33.182505580676185,0.4334410209859287
10,38.68796112374051,0.24983636186639105
10,45.10685102645452,0.28273129889304127
10,52.5907272036166,0.5252668309549268
10,61.316286215216536,0.3483316975037349
10,71.48954112518535,0.3253176365510647
10,83.35068553159142,0.38027097381679537
11,0.9717976460949388,94.29559722858491
11,1.1330328706147506,
11,1.3210193408598625,
11,1.5401954737456027,
11,1.7957360834719915,71.04957376058701
11,2.0936745604382634,
11,2.4410453213988257,
11,2.8460498941515415,60.887268080063116
11,3.318250558067618,
11,3.868796112374049,57.255471645134826
11,4.51068510264545,65.85497205060881
11,5.259072720361658,56.8737461797887
11,6.131628621521653,42.55196839954642
11,7.148954112518534,33.646543342566304
11,8.335068553159141,23.7274685074856
11,9.717976460949387,31.08724942350476
11,11.330328706147506,31.3525698826694
11,13.210193408598627,37.275052113966616
11,15.401954737456029,20.139588158553494
11,17.957360834719918,12.442945307186903
11,20.936745604382637,15.219925435340521
11,24.410453213988255,13.965485289681732
11,28.460498941515414,13.969267427413026
11,33.182505580676185,8.69882103299683
11,38.68796112374051,7.537925270153895
11,45.10685102645452,4.483656881004777
11,52.5907272036166,2.6888151347393774
11,61.316286215216536,1.5401706950984675
11,71.48954112518535,0.5882778779138134
11,83.35068553159142,0.282298531439937
12,0.9717976460949388,86.17227759045211
12,1.1330328706147506,
12,1.3210193408598625,
12,1.5401954737456027,
12,1.7957360834719915,127.16552193805488
12,2.0936745604382634,
12,2.4410453213988257,
12,2.8460498941515415,88.21316466762165
12,3.318250558067618,
12,3.868796112374049,43.7750289298638
12,4.51068510264545,62.528422976381655
12,5.259072720361658,61.10181295691599
12,6.131628621521653,29.482938183563046
12,7.148954112518534,25.13814835785625
12,8.335068553159141,26.560156396313868
12,9.717976460949387,26.19824893020534
12,11.330328706147506,37.651062333837274
12,13.210193408598627,45.40354882955678
12,15.401954737456029,13.011183254195297
12,17.957360834719918,11.24167581083135
12,20.936745604382637,13.719702173640378
12,24.410453213988255,14.784245149844862
12,28.460498941515414,12.939226305960487
12,33.182505580676185,9.062104289076164
12,38.68796112374051,7.631919824938363
12,45.10685102645452,4.629883725587647
12,52.5907272036166,3.0787860691123647
12,61.316286215216536,1.291606047448994
12,71.48954112518535,0.6334648430923778
12,83.35068553159142,0.468260581809404
13,0.9717976460949388,137.42416506598627
13,1.1330328706147506,
13,1.3210193408598625,
13,1.5401954737456027,
13,1.7957360834719915,136.65054685013465
13,2.0936745604382634,
13,2.4410453213988257,
13,2.8460498941515415,54.350121521584306
13,3.318250558067618,
13,3.868796112374049,66.54421094289825
13,4.51068510264545,54.94649195328055
13,5.259072720361658,58.72466287254462
13,6.131628621521653,31.701064205984878
13,7.148954112518534,22.794960548204518
13,8.335068553159141,27.196566816834746
13,9.717976460949387,26.301890076470585
13,11.330328706147506,36.92453646911864
13,13.210193408598627,45.996982460500504
13,15.401954737456029,14.859449272714118
13,17.957360834719918,11.741788834111553
13,20.936745604382637,13.885994625058101
13,24.410453213988255,14.822284744043001
13,28.460498941515414,13.210597718769927
13,33.182505580676185,9.30480489504398
13,38.68796112374051,7.575927271113686
13,45.10685102645452,4.693816646173825
13,52.5907272036166,3.0586845509861527
13,61.316286215216536,1.3154659406331661
13,71.48954112518535,0.5200780494161198
13,83.35068553159142,0.396151956575398
14,0.9717976460949388,138.15019910806578
14,1.1330328706147506,
14,1.3210193408598625,
14,1.5401954737456027,
14,1.7957360834719915,136.24985401068093
14,2.0936745604382634,
14,2.4410453213988257,
14,2.8460498941515415,58.596900495193154
14,3.318250558067618,
14,3.868796112374049,58.75497661499886
14,4.51068510264545,66.18540708587184
14,5.259072720361658,48.59210760844334
14,6.131628621521653,39.01980036261755
14,7.148954112518534,19.573210678601562
14,8.335068553159141,29.383592030719164
14,9.717976460949387,25.412843772721477
14,11.330328706147506,36.85723838270168
14,13.210193408598627,46.262796699016306
14,15.401954737456029,14.770377121290831
14,17.957360834719918,11.368977153589274
14,20.936745604382637,13.879521103934604
14,24.410453213988255,14.722740109663077
14,28.460498941515414,13.512934875607813
14,33.182505580676185,9.42268760375524
14,38.68796112374051,7.499589004113309
14,45.10685102645452,4.794464072480905
14,52.5907272036166,3.1000896423100714
14,61.316286215216536,1.1732978996618058
14,71.48954112518535,0.5304402449570546
14,83.35068553159142,0.39271974654736463
15,0.9717976460949388,122.92183553889292
15,1.1330328706147506,
15,1.3210193408598625,
15,1.5401954737456027,
15,1.7957360834719915,138.97346145162612
15,2.0936745604382634,
15,2.4410453213988257,
15,2.8460498941515415,71.76417966556888
15,3.318250558067618,
15,3.868796112374049,48.62784128585989
15,4.51068510264545,62.151192202201976
15,5.259072720361658,57.201380176323504
15,6.131628621521653,37.06398413994648
15,7.148954112518534,15.403675187035782
15,8.335068553159141,30.90259913234711
15,9.717976460949387,25.39868967877781
15,11.330328706147506,36.66252437723099
15,13.210193408598627,46.139100027950285
15,15.401954737456029,15.433880651844815
15,17.957360834719918,13.204926647908243
15,20.936745604382637,14.60959748662489
15,24.410453213988255,15.073555452644825
15,28.460498941515414,14.142889815156039
15,33.182505580676185,9.405310921724189
15,38.68796112374051,7.579289383199684
15,45.10685102645452,4.75295669654812
15,52.5907272036166,3.0890184824451743
15,61.316286215216536,1.216604664044453
15,71.48954112518535,0.5867023788669157
15,83.35068553159142,0.39087829117104556
18,0.9717976460949388,2.784308799285699
18,1.1330328706147506,
18,1.3210193408598625,
18,1.5401954737456027,
18,1.7957360834719915,5.326115449264949
18,2.0936745604382634,
18,2.4410453213988257,
18,2.8460498941515415,5.503264405244317
18,3.318250558067618,
18,3.868796112374049,5.404138921902226
18,4.51068510264545,6.990455925938796
18,5.259072720361658,7.983910244988388
18,6.131628621521653,6.279497320585004
18,7.148954112518534,8.004138885731887
18,8.335068553159141,6.007635641657303
18,9.717976460949387,3.356036762014021
18,11.330328706147506,5.35548329341923
18,13.210193408598627,4.956408984973
18,15.401954737456029,5.732871100637658
18,17.957360834719918,3.8585684574763
18,20.936745604382637,4.1272488768211035
18,24.410453213988255,3.3923119685399894
18,28.460498941515414,1.8365158406782027
18,33.182505580676185,1.2290027290558692
18,38.68796112374051,0.7633545347570387
18,45.10685102645452,0.3682740141869112
18,52.5907272036166,0.22321979852518856
18,61.316286215216536,0.13268033030642087
18,71.48954112518535,0.1549054325587542
18,83.35068553159142,0.13141104383138985
20,0.9717976460949388,0.49304159893513955
20,1.1330328706147506,
20,1.3210193408598625,
20,1.5401954737456027,
20,1.7957360834719915,0.9160784375053143
20,2.0936745604382634,
20,2.4410453213988257,
20,2.8460498941515415,3.230558485511321
20,3.318250558067618,
20,3.868796112374049,3.387633709137535
20,4.51068510264545,2.5788725945719837
20,5.259072720361658,3.599798533613887
20,6.131628621521653,2.3435207368761013
20,7.148954112518534,1.7408845069426893
20,8.335068553159141,1.9390324215245602
20,9.717976460949387,1.5620228546215897
20,11.330328706147506,2.7271784376727553
20,13.210193408598627,1.1504256746926935
20,15.401954737456029,1.7656580011543908
20,17.957360834719918,0.6060391029107819
20,20.936745604382637,0.7074246238053936
20,24.410453213988255,0.5972566793631942
20,28.460498941515414,0.8843493610509543
20,33.182505580676185,0.8796973009323654
20,38.68796112374051,0.3326840028295842
20,45.10685102645452,0.21234253712755555
20,52.5907272036166,0.19169516119933847
20,61.316286215216536,0.2021856033795307
20,71.48954112518535,0.1565410526630825
20,83.35068553159142,0.08367913405491274
21,0.9717976460949388,1.8744567449481624
21,1.1330328706147506,
21,1.3210193408598625,
21,1.5401954737456027,
21,1.7957360834719915,1.0474843839326378
21,2.0936745604382634,
21,2.4410453213988257,
21,2.8460498941515415,2.0508233927396615
21,3.318250558067618,
21,3.868796112374049,2.7812896876921576
21,4.51068510264545,2.0145319890288538
21,5.259072720361658,1.437811061883944
21,6.131628621521653,0.8141732880478919
21,7.148954112518534,1.2395054156018808
21,8.335068553159141,1.9707438870837635
21,9.717976460949387,2.304335413441376
21,11.330328706147506,1.5296898377141057
21,13.210193408598627,1.9220139256673894
21,15.401954737456029,2.150153295187801
21,17.957360834719918,1.6427223820217198
21,20.936745604382637,0.7473743230156433
21,24.410453213988255,0.4556608235072043
21,28.460498941515414,0.3094315680981847
21,33.182505580676185,0.30232761463806634
21,38.68796112374051,0.25558656993884094
21,45.10685102645452,0.1890561888503314
21,52.5907272036166,0.15041722351366094
21,61.316286215216536,0.19993795739633904
21,71.48954112518535,0.13235733245673656
21,83.35068553159142,0.16243591835605964
22,0.9717976460949388,7.804692612833017
22,1.1330328706147506,
22,1.3210193408598625,
22,1.5401954737456027,
22,1.7957360834719915,7.807836796292919
22,2.0936745604382634,
22,2.4410453213988257,
22,2.8460498941515415,4.720828385740784
22,3.318250558067618,
22,3.868796112374049,4.567523713108556
22,4.51068510264545,5.865552340484728
22,5.259072720361658,6.974531735793127
22,6.131628621521653,6.560844254515322
22,7.148954112518534,10.78935528901507
22,8.335068553159141,10.283306714862784
22,9.717976460949387,8.979622206634055
22,11.330328706147506,10.895820951156956
22,13.210193408598627,14.088321083520935
22,15.401954737456029,7.367699237002234
22,17.957360834719918,5.196591037664533
22,20.936745604382637,1.9857440957675383
22,24.410453213988255,3.437146255843806
22,28.460498941515414,3.76441420131786
22,33.182505580676185,1.639962300012972
22,38.68796112374051,0.8143901979534145
22,45.10685102645452,0.20070761612030238
22,52.5907272036166,0.31974594330392936
22,61.316286215216536,0.23316400200336468
22,71.48954112518535,0.29997873319181323
22,83.35068553159142,0.3222958123065172
23,0.9717976460949388,13.53603470942193
23,1.1330328706147506,
23,1.3210193408598625,
23,1.5401954737456027,
23,1.7957360834719915,15.953663517607222
23,2.0936745604382634,
23,2.4410453213988257,
23,2.8460498941515415,11.021126567637717
23,3.318250558067618,
23,3.868796112374049,14.354938717554909
23,4.51068510264545,10.909874437708199
23,5.259072720361658,14.1961598641022
23,6.131628621521653,8.99245918122046
23,7.148954112518534,8.93544183275445
23,8.335068553159141,9.619289582478856
23,9.717976460949387,6.325394954007244
23,11.330328706147506,7.151506279332053
23,13.210193408598627,11.332545295475754
23,15.401954737456029,8.869059102426721
23,17.957360834719918,4.243339745660286
23,20.936745604382637,5.860515212694625
23,24.410453213988255,5.2573378074735055
23,28.460498941515414,2.1481299693412397
23,33.182505580676185,0.5994369559104067
23,38.68796112374051,0.7721208547223212
23,45.10685102645452,0.20081722773470684
23,52.5907272036166,0.2675795938871037
23,61.316286215216536,0.181255701258108
23,71.48954112518535,0.18732990912281072
23,83.35068553159142,0.15422089270719558
24,0.9717976460949388,6.685063337177181
24,1.1330328706147506,
24,1.3210193408598625,
24,1.5401954737456027,
24,1.7957360834719915,10.744663803085135
24,2.0936745604382634,
24,2.4410453213988257,
24,2.8460498941515415,9.571003630152662
24,3.318250558067618,
24,3.868796112374049,10.33204526522431
24,4.51068510264545,8.605317281218756
24,5.259072720361658,11.354384576454388
24,6.131628621521653,9.990676706315668
24,7.148954112518534,10.01485274003065
24,8.335068553159141,7.506986939560312
24,9.717976460949387,3.197027349821214
24,11.330328706147506,1.1723328274722251
24,13.210193408598627,6.94146991085282
24,15.401954737456029,5.387300295665099
24,17.957360834719918,5.567185835737127
24,20.936745604382637,6.93377499456295
24,24.410453213988255,6.290979859363072
24,28.460498941515414,3.1477574878652606
24,33.182505580676185,1.2045809352839072
24,38.68796112374051,1.0039065013436137
24,45.10685102645452,0.4981257562861152
24,52.5907272036166,0.40866906126572555
24,61.316286215216536,0.20060352111191626
24,71.48954112518535,0.21686921783640617
24,83.35068553159142,0.2801700292269968
25,0.9717976460949388,1.1827819226077925
25,1.1330328706147506,
25,1.3210193408598625,
25,1.5401954737456027,
25,1.7957360834719915,1.757806970598731
25,2.0936745604382634,
25,2.4410453213988257,
25,2.8460498941515415,1.6943800908054305
25,3.318250558067618,
25,3.868796112374049,3.054488168866173
25,4.51068510264545,3.5306977007506632
25,5.259072720361658,3.298872233643264
25,6.131628621521653,3.4791598828303587
25,7.148954112518534,4.326536636607766
25,8.335068553159141,2.6685413683240493
25,9.717976460949387,5.834359162800025
25,11.330328706147506,4.537813827218645
25,13.210193408598627,3.889356092906173
25,15.401954737456029,6.660792878236955
25,17.957360834719918,3.900749090848456
25,20.936745604382637,4.28035270071032
25,24.410453213988255,1.1429225917776793
25,28.460498941515414,0.9935681050363494
25,33.182505580676185,1.1101340264242077
25,38.68796112374051,0.4983719415173478
25,45.10685102645452,0.19685473600970557
25,52.5907272036166,0.23022906643260302
25,61.316286215216536,0.18649465611795235
25,71.48954112518535,0.1781831227028462
25,83.35068553159142,0.14380076081901566
26,0.9717976460949388,1.5026124681897384
26,1.1330328706147506,
26,1.3210193408598625,
26,1.5401954737456027,
26,1.7957360834719915,0.8701374337116783
26,2.0936745604382634,
26,2.4410453213988257,
26,2.8460498941515415,1.1144111545386388
26,3.318250558067618,
26,3.868796112374049,1.3865971416614171
26,4.51068510264545,1.4893858548826542
26,5.259072720361658,0.7275870110823122
26,6.131628621521653,1.165591540243847
26,7.148954112518534,1.2610919097537887
26,8.335068553159141,0.8146420701941418
26,9.717976460949387,1.2139234888737132
26,11.330328706147506,0.5974526103022105
26,13.210193408598627,0.8390745378057528
26,15.401954737456029,1.1645277344055447
26,17.957360834719918,1.2468946706468647
26,20.936745604382637,0.8455478278393106
26,24.410453213988255,0.352103369744649
26,28.460498941515414,0.30289747243766385
26,33.182505580676185,0.5659440065742664
26,38.68796112374051,0.28706945138332046
26,45.10685102645452,0.1185084044330451
26,52.5907272036166,0.13166555899960486
26,61.316286215216536,0.09399998673497334
26,71.48954112518535,0.1384106782724181
26,83.35068553159142,0.13970121215300876
27,0.9717976460949388,0.8222365932092243
27,1.1330328706147506,
27,1.3210193408598625,
27,1.5401954737456027,
27,1.7957360834719915,1.0953447289212683
27,2.0936745604382634,
27,2.4410453213988257,
27,2.8460498941515415,0.6284905035804129
27,3.318250558067618,
27,3.868796112374049,0.8852224846631805
27,4.51068510264545,0.6646265201092494
27,5.259072720361658,0.2484242676431933
27,6.131628621521653,0.5740546300365477
27,7.148954112518534,0.91710247521078
27,8.335068553159141,0.07695112519861944
27,9.717976460949387,0.8891426564266024
27,11.330328706147506,0.7600434736586813
27,13.210193408598627,1.3522733409985705
27,15.401954737456029,0.4329306634213626
27,17.957360834719918,0.9568600752540661
27,20.936745604382637,1.4563591853677695
27,24.410453213988255,0.917663451887639
27,28.460498941515414,0.9581096883743732
27,33.182505580676185,0.5413551765550624
27,38.68796112374051,0.3969497312005751
27,45.10685102645452,0.09366903299648445
27,52.5907272036166,0.10311274219300971
27,61.316286215216536,0.15871961877631102
27,71.48954112518535,0.08347903862781425
27,83.35068553159142,0.11802903319419225
29,0.9717976460949388,0.29966577661863186
29,1.1330328706147506,
29,1.3210193408598625,
29,1.5401954737456027,
29,1.7957360834719915,1.1039502480250192
29,2.0936745604382634,
29,2.4410453213988257,
29,2.8460498941515415,0.9753559486897978
29,3.318250558067618,
29,3.868796112374049,1.3683661435138268
29,4.51068510264545,2.029949830589942
29,5.259072720361658,1.5142125584937098
29,6.131628621521653,0.8764406819641388
29,7.148954112518534,1.8633454093173454
29,8.335068553159141,0.2746486499654685
29,9.717976460949387,1.32718652865995
29,11.330328706147506,0.8196573989139899
29,13.210193408598627,1.2904900115872804
29,15.401954737456029,1.6443004617428503
29,17.957360834719918,1.4052326402519781
29,20.936745604382637,1.264077114835071
29,24.410453213988255,1.354283913983721
29,28.460498941515414,0.7203019361369764
29,33.182505580676185,0.41470605981156344
29,38.68796112374051,0.1860360149624396
29,45.10685102645452,0.09208761844984993
29,52.5907272036166,0.14710154094323227
29,61.316286215216536,0.06617853080719023
29,71.48954112518535,0.06332708368008852
29,83.35068553159142,0.09397079169276218
32,0.9717976460949388,1.6364210633091534
32,1.1330328706147506,
32,1.3210193408598625,
32,1.5401954737456027,
32,1.7957360834719915,2.318929632162489
32,2.0936745604382634,
32,2.4410453213988257,
32,2.8460498941515415,1.5914071855955174
32,3.318250558067618,
32,3.868796112374049,1.933471423646377
32,4.51068510264545,1.5986564868765334
32,5.259072720361658,1.5755746115486682
32,6.131628621521653,2.2117082112677973
32,7.148954112518534,2.037102524205661
32,8.335068553159141,1.4846966899929832
32,9.717976460949387,1.2407937872733996
32,11.330328706147506,1.3351859355679674
32,13.210193408598627,1.1312889212502797
32,15.401954737456029,0.8422836033442763
32,17.957360834719918,1.0288294507476814
32,20.936745604382637,0.528821759163121
32,24.410453213988255,0.7721995618368779
32,28.460498941515414,0.7425011785342013
32,33.182505580676185,0.3721578399074533
32,38.68796112374051,0.17554615562719803
32,45.10685102645452,0.10750482601027905
32,52.5907272036166,0.10812786956351592
32,61.316286215216536,0.11013560565451762
32,71.48954112518535,0.08425465306425549
32,83.35068553159142,0.06929869342829166
36,0.9717976460949388,1.2039919396484322
36,1.1330328706147506,
36,1.3210193408598625,
36,1.5401954737456027,
36,1.7957360834719915,1.3282939097839916
36,2.0936745604382634,
36,2.4410453213988257,
36,2.8460498941515415,1.068408048700658
36,3.318250558067618,
36,3.868796112374049,1.4216896080958636
36,4.51068510264545,1.2275147445579455
36,5.259072720361658,1.9832741391360214
36,6.131628621521653,1.3083181081456459
36,7.148954112518534,0.23951171528493984
36,8.335068553159141,0.07556878462944366
36,9.717976460949387,1.1771867391618096
36,11.330328706147506,1.7738897204711277
36,13.210193408598627,1.3849080823244933
36,15.401954737456029,1.4478075799026273
36,17.957360834719918,0.7643138790780912
36,20.936745604382637,0.9589812897332748
36,24.410453213988255,0.48394356088434065
36,28.460498941515414,0.3127168225300704
36,33.182505580676185,0.2327965386434906
36,38.68796112374051,0.2418211144995186
36,45.10685102645452,0.16462284968686028
36,52.5907272036166,0.2578776089489691
36,61.316286215216536,0.15949714211251875
36,71.48954112518535,0.12563113092080744
36,83.35068553159142,0.09178314774958912
37,0.9717976460949388,0.655711236877053
37,1.1330328706147506,
37,1.3210193408598625,
37,1.5401954737456027,
37,1.7957360834719915,0.7748237917924338
37,2.0936745604382634,
37,2.4410453213988257,
37,2.8460498941515415,0.49325251509467755
37,3.318250558067618,
37,3.868796112374049,1.049984473125241
37,4.51068510264545,0.8503829509993867
37,5.259072720361658,0.8544922582205733
37,6.131628621521653,0.615944925411397
37,7.148954112518534,0.8506548372973862
37,8.335068553159141,0.9833795976660561
37,9.717976460949387,1.2563757233271455
37,11.330328706147506,1.2805030969181765
37,13.210193408598627,1.2711792598919993
37,15.401954737456029,1.4284681850302534
37,17.957360834719918,1.1625611756645338
37,20.936745604382637,1.2611948784194393
37,24.410453213988255,1.0102579247272587
37,28.460498941515414,0.6826718366817718
37,33.182505580676185,0.3126559128001945
37,38.68796112374051,0.09255350472139419
37,45.10685102645452,0.08897641327464195
37,52.5907272036166,0.15762241535538868
37,61.316286215216536,0.0752657132319231
37,71.48954112518535,0.1295878129866472
37,83.35068553159142,0.06656911270102775
38,0.9717976460949388,0.7846681704681767
38,1.1330328706147506,
38,1.3210193408598625,
38,1.5401954737456027,
38,1.7957360834719915,0.9708140157304238
38,2.0936745604382634,
38,2.4410453213988257,
38,2.8460498941515415,0.5365469326672251
38,3.318250558067618,
38,3.868796112374049,1.0072505694316713
38,4.51068510264545,0.8048765559036463
38,5.259072720361658,0.842345478556787
38,6.131628621521653,0.812970805087007
38,7.148954112518534,0.4797710269057815
38,8.335068553159141,0.48211659027805087
38,9.717976460949387,0.5373228484938529
38,11.330328706147506,1.1856714811231068
38,13.210193408598627,1.140088083088306
38,15.401954737456029,1.205175193901054
38,17.957360834719918,1.0792624483887907
38,20.936745604382637,0.8121076343144515
38,24.410453213988255,0.3166502206084798
38,28.460498941515414,0.5797648737720346
38,33.182505580676185,0.3931250599586089
38,38.68796112374051,0.2165947603433446
38,45.10685102645452,0.10893559991528289
38,52.5907272036166,0.15312667734908864
38,61.316286215216536,0.11209114664447425
38,71.48954112518535,0.09624820929481846
38,83.35068553159142,0.05637761381663893
39,0.9717976460949388,1.2054464153418347
39,1.1330328706147506,
39,1.3210193408598625,
39,1.5401954737456027,
39,1.7957360834719915,2.0242335438700154
39,2.0936745604382634,
39,2.4410453213988257,
39,2.8460498941515415,1.2729107208626371
39,3.318250558067618,
39,3.868796112374049,1.2361192926960909
39,4.51068510264545,1.7959884963392845
39,5.259072720361658,1.4710036005720015
39,6.131628621521653,1.8364773637750897
39,7.148954112518534,2.634459457988306
39,8.335068553159141,2.230240721925365
39,9.717976460949387,1.4096338670054165
39,11.330328706147506,1.6468477208782277
39,13.210193408598627,1.160427305147158
39,15.401954737456029,1.1603755683387773
39,17.957360834719918,0.6543962438597839
39,20.936745604382637,0.22497543555147448
39,24.410453213988255,0.19885209416009472
39,28.460498941515414,0.3354547611599264
39,33.182505580676185,0.2575068487223835
39,38.68796112374051,0.11600812462262067
39,45.10685102645452,0.10512307224044772
39,52.5907272036166,0.07963621125105161
39,61.316286215216536,0.07618495114760207
39,71.48954112518535,0.0924961437870189
39,83.35068553159142,0.0603261555573527
52,0.9717976460949388,0.5743274367486693
52,1.1330328706147506,
52,1.3210193408598625,
52,1.5401954737456027,
52,1.7957360834719915,0.7340498422596654
52,2.0936745604382634,
52,2.4410453213988257,
52,2.8460498941515415,1.0456567937982253
52,3.318250558067618,
52,3.868796112374049,0.7511791932035276
52,4.51068510264545,0.2377111940186048
52,5.259072720361658,0.094660108072098
52,6.131628621521653,0.328615479421698
52,7.148954112518534,0.3878765330098381
52,8.335068553159141,0.2099457040738849
52,9.717976460949387,0.24184806194831565
52,11.330328706147506,0.2659185633553457
52,13.210193408598627,0.527615681278049
52,15.401954737456029,0.5495701732627212
52,17.957360834719918,1.1110148021141868
52,20.936745604382637,0.5782609889131752
52,24.410453213988255,0.5101684595238655
52,28.460498941515414,0.2882651888761866
52,33.182505580676185,0.2203178869825839
52,38.68796112374051,0.11120141682905611
52,45.10685102645452,0.10433930259055606
52,52.5907272036166,0.11096666929118744
52,61.316286215216536,0.10390662155910613
52,71.48954112518535,0.1165747907304971
52,83.35068553159142,0.064669832571821
54,0.9717976460949388,1.9363243036733446
54,1.1330328706147506,
54,1.3210193408598625,
54,1.5401954737456027,
54,1.7957360834719915,2.1375700348621307
54,2.0936745604382634,
54,2.4410453213988257,
54,2.8460498941515415,3.7007295056588814
54,3.318250558067618,
54,3.868796112374049,4.010043957513564
54,4.51068510264545,3.7617247987681357
54,5.259072720361658,2.8306651361115285
54,6.131628621521653,2.7017435022523495
54,7.148954112518534,2.53634594675421
54,8.335068553159141,2.959095372393417
54,9.717976460949387,5.2794953440007575
54,11.330328706147506,4.904444898160804
54,13.210193408598627,5.026961769500061
54,15.401954737456029,5.948190820985602
54,17.957360834719918,6.9350289552146736
54,20.936745604382637,5.053649150297522
54,24.410453213988255,3.427578379286579
54,28.460498941515414,1.457034985900255
54,33.182505580676185,0.3111881871718264
54,38.68796112374051,0.24348383017181827
54,45.10685102645452,0.20535279912780988
54,52.5907272036166,0.3315809529123731
54,61.316286215216536,0.3208089162235401
54,71.48954112518535,0.3567021131438393
54,83.35068553159142,0.23450865502286256
56,0.9717976460949388,1.2204721914284513
56,1.1330328706147506,
56,1.3210193408598625,
56,1.5401954737456027,
56,1.7957360834719915,3.828602441932819
56,2.0936745604382634,
56,2.4410453213988257,
56,2.8460498941515415,4.6664173183796
56,3.318250558067618,
56,3.868796112374049,4.555539982949408
56,4.51068510264545,3.8933042893996777
56,5.259072720361658,3.5995861859301437
56,6.131628621521653,3.88170620263862
56,7.148954112518534,2.50224565752444
56,8.335068553159141,1.9576813540123306
56,9.717976460949387,1.307115924612368
56,11.330328706147506,2.6463646014823743
56,13.210193408598627,3.7503288975246303
56,15.401954737456029,4.474202710437487
56,17.957360834719918,3.9519975815341897
56,20.936745604382637,2.833057129956389
56,24.410453213988255,2.658991587499249
56,28.460498941515414,2.0908247594700278
56,33.182505580676185,1.0253674598800397
56,38.68796112374051,0.5193598840915553
56,45.10685102645452,0.6123170006574978
56,52.5907272036166,0.4244312456902714
56,61.316286215216536,0.2639750465497788
56,71.48954112518535,0.15673429280593784
56,83.35068553159142,0.15420976212485946
57,0.9717976460949388,0.47500052472893417
57,1.1330328706147506,
57,1.3210193408598625,
57,1.5401954737456027,
57,1.7957360834719915,0.8128097222622778
57,2.0936745604382634,
57,2.4410453213988257,
57,2.8460498941515415,1.76241022243982
57,3.318250558067618,
57,3.868796112374049,2.2523556223064154
57,4.51068510264545,2.419578119097977
57,5.259072720361658,2.659720364251251
57,6.131628621521653,2.727582645884689
57,7.148954112518534,2.5241823149656053
57,8.335068553159141,2.1857097145353235
57,9.717976460949387,3.0769536929716916
57,11.330328706147506,2.5814131416260726
57,13.210193408598627,2.7781500976010323
57,15.401954737456029,2.8565193669019524
57,17.957360834719918,1.768490074195359
57,20.936745604382637,1.7681992105008812
57,24.410453213988255,1.321130677983558
57,28.460498941515414,1.1204784093688314
57,33.182505580676185,0.5327828338031504
57,38.68796112374051,0.3273212219051836
57,45.10685102645452,0.14646238394109873
57,52.5907272036166,0.14572522247056235
57,61.316286215216536,0.11236723821079912
57,71.48954112518535,0.41450505274625155
57,83.35068553159142,0.4230134428688527
62,0.9717976460949388,1.2245901504605736
62,1.1330328706147506,
62,1.3210193408598625,
62,1.5401954737456027,
62,1.7957360834719915,1.4423174425694933
62,2.0936745604382634,
62,2.4410453213988257,
62,2.8460498941515415,0.9242955419369122
62,3.318250558067618,
62,3.868796112374049,1.3816644422721593
62,4.51068510264545,1.7796481681237628
62,5.259072720361658,1.938198297526658
62,6.131628621521653,1.7436425264192021
62,7.148954112518534,1.3178738666948435
62,8.335068553159141,1.4961499579197586
62,9.717976460949387,1.7715441976509558
62,11.330328706147506,2.6067013299571062
62,13.210193408598627,1.213034794647283
62,15.401954737456029,1.9052067236344112
62,17.957360834719918,0.46744038078752087
62,20.936745604382637,1.2556132176156238
62,24.410453213988255,0.5891244148457889
62,28.460498941515414,0.42815521305257287
62,33.182505580676185,0.29018243365036145
62,38.68796112374051,0.16493891672891897
62,45.10685102645452,0.10561924323197036
62,52.5907272036166,0.10348587220804246
62,61.316286215216536,0.072202303310498
62,71.48954112518535,0.05891168070742132
62,83.35068553159142,0.07069006445801568
65,0.9717976460949388,0.7653557829057395
65,1.1330328706147506,
65,1.3210193408598625,
65,1.5401954737456027,
65,1.7957360834719915,2.6290998447957747
65,2.0936745604382634,
65,2.4410453213988257,
65,2.8460498941515415,2.5897958098490244
65,3.318250558067618,
65,3.868796112374049,1.6332906187580867
65,4.51068510264545,2.3197629248746723
65,5.259072720361658,2.236248726466361
65,6.131628621521653,2.2710755259904487
65,7.148954112518534,3.200368349312541
65,8.335068553159141,2.188640577157993
65,9.717976460949387,2.1918387454566344
65,11.330328706147506,2.196147946044352
65,13.210193408598627,0.8085628618676486
65,15.401954737456029,1.0975751776724603
65,17.957360834719918,1.4660240616767246
65,20.936745604382637,1.7836234665629116
65,24.410453213988255,1.3249930774816736
65,28.460498941515414,0.9191568659628293
65,33.182505580676185,0.41624415154903965
65,38.68796112374051,0.29318829112518774
65,45.10685102645452,0.1220607834080725
65,52.5907272036166,0.10051132920817954
65,61.316286215216536,0.11294617807042594
65,71.48954112518535,0.1022971822777063
65,83.35068553159142,0.0688674181118796
66,0.9717976460949388,1.236075268836321
66,1.1330328706147506,
66,1.3210193408598625,
66,1.5401954737456027,
66,1.7957360834719915,1.1133364713184335
66,2.0936745604382634,
66,2.4410453213988257,
66,2.8460498941515415,1.8291545638377582
66,3.318250558067618,
66,3.868796112374049,1.9087794315267785
66,4.51068510264545,1.7373871366885187
66,5.259072720361658,1.6742226008268375
66,6.131628621521653,1.3162982184395589
66,7.148954112518534,2.3972519219650286
66,8.335068553159141,1.654962667012493
66,9.717976460949387,1.7283525244044216
66,11.330328706147506,1.6493834066194903
66,13.210193408598627,0.6640874357806252
66,15.401954737456029,1.1138090101772409
66,17.957360834719918,0.6266668764027354
66,20.936745604382637,1.1778421801095424
66,24.410453213988255,0.8180435197477047
66,28.460498941515414,0.6677778601503814
66,33.182505580676185,0.37498517499028744
66,38.68796112374051,0.23115767174917604
66,45.10685102645452,0.19199726585811225
66,52.5907272036166,0.10994863651472087
66,61.316286215216536,0.10793917688557454
66,71.48954112518535,0.12445283599461773
66,83.35068553159142,0.10695845634591308
69,0.9717976460949388,0.8723571891432168
69,1.1330328706147506,
69,1.3210193408598625,
69,1.5401954737456027,
69,1.7957360834719915,1.4693813694482505
69,2.0936745604382634,
69,2.4410453213988257,
69,2.8460498941515415,1.3638760695723078
69,3.318250558067618,
69,3.868796112374049,1.1605510508935972
69,4.51068510264545,0.9055229748130111
69,5.259072720361658,1.2725358940753193
69,6.131628621521653,1.230513673269482
69,7.148954112518534,0.7389706395155602
69,8.335068553159141,0.4423717352598177
69,9.717976460949387,1.206899112521897
69,11.330328706147506,0.8743938214609777
69,13.210193408598627,0.23531135689624183
69,15.401954737456029,0.6540882733587949
69,17.957360834719918,0.787049385849655
69,20.936745604382637,1.4139407436723899
69,24.410453213988255,1.1237530899706087
69,28.460498941515414,0.14087708857095524
69,33.182505580676185,0.2347374441763076
69,38.68796112374051,0.10707774383296882
69,45.10685102645452,0.14494174206953933
69,52.5907272036166,0.10057889418409907
69,61.316286215216536,0.08591056979533629
69,71.48954112518535,0.07033009691888323
69,83.35068553159142,0.06572000390762511
70,0.9717976460949388,0.48019134010267467
70,1.1330328706147506,
70,1.3210193408598625,
70,1.5401954737456027,
70,1.7957360834719915,0.349268529891344
70,2.0936745604382634,
70,2.4410453213988257,
70,2.8460498941515415,0.8349702011046003
70,3.318250558067618,
70,3.868796112374049,0.7456168808133796
70,4.51068510264545,1.2340124536061952
70,5.259072720361658,1.6349380233103903
70,6.131628621521653,1.5755120262542426
70,7.148954112518534,0.8219083385775401
70,8.335068553159141,0.3966620045887106
70,9.717976460949387,1.7501736339064566
70,11.330328706147506,1.9307328062795233
70,13.210193408598627,0.5483107080476124
70,15.401954737456029,1.5261692107303024
70,17.957360834719918,0.6072860404032306
70,20.936745604382637,1.3234366478040829
70,24.410453213988255,0.8097873916171355
70,28.460498941515414,0.6745070175283405
70,33.182505580676185,0.38710771325213106
70,38.68796112374051,0.16491248868846534
70,45.10685102645452,0.14543947018230088
70,52.5907272036166,0.1257714357035035
70,61.316286215216536,0.12176988296133164
70,71.48954112518535,0.12952622886981308
70,83.35068553159142,0.06134516266288919
71,0.9717976460949388,0.09524894812406862
71,1.1330328706147506,
71,1.3210193408598625,
71,1.5401954737456027,
71,1.7957360834719915,0.3243629402696002
71,2.0936745604382634,
71,2.4410453213988257,
71,2.8460498941515415,0.8999899509337183
71,3.318250558067618,
71,3.868796112374049,1.1222144263830627
71,4.51068510264545,0.8859917559022078
71,5.259072720361658,1.8031322524851399
71,6.131628621521653,1.6055188842452068
71,7.148954112518534,0.6743166711033951
71,8.335068553159141,0.17249551873304078
71,9.717976460949387,1.8406074354271633
71,11.330328706147506,2.0036859675028214
71,13.210193408598627,0.602052658780063
71,15.401954737456029,1.6344097144891416
71,17.957360834719918,0.6938784256225802
71,20.936745604382637,1.3760492420418702
71,24.410453213988255,0.7598249213003643
71,28.460498941515414,0.687807602442984
71,33.182505580676185,0.4069153058761467
71,38.68796112374051,0.19245001276845064
71,45.10685102645452,0.13188879756422928
71,52.5907272036166,0.10978400100666211
71,61.316286215216536,0.11921303897832983
71,71.48954112518535,0.11584428739848979
71,83.35068553159142,0.057936331394905644
72,0.9717976460949388,0.7962840073337426
72,1.1330328706147506,
72,1.3210193408598625,
72,1.5401954737456027,
72,1.7957360834719915,1.5222816960727321
72,2.0936745604382634,
72,2.4410453213988257,
72,2.8460498941515415,1.109788052703692
72,3.318250558067618,
72,3.868796112374049,1.089764004737793
72,4.51068510264545,1.2349024204953327
72,5.259072720361658,1.6382293541013995
72,6.131628621521653,1.2174904610742194
72,7.148954112518534,0.9628823094609209
72,8.335068553159141,1.0062341053307953
72,9.717976460949387,1.2056680518266225
72,11.330328706147506,1.1358980694153105
72,13.210193408598627,0.4028313311340182
72,15.401954737456029,0.682926889232748
72,17.957360834719918,0.7310125772509956
72,20.936745604382637,0.45818921861887707
72,24.410453213988255,0.30718387986885987
72,28.460498941515414,0.3882850635151802
72,33.182505580676185,0.16663527105089362
72,38.68796112374051,0.11820002405044752
72,45.10685102645452,0.11468559106151179
72,52.5907272036166,0.08914838620014569
72,61.316286215216536,0.0675229007845047
72,71.48954112518535,0.08091193854726056
72,83.35068553159142,0.06231407040836264
73,0.9717976460949388,0.4536694210238304
73,1.1330328706147506,
73,1.3210193408598625,
73,1.5401954737456027,
73,1.7957360834719915,1.0133185208016229
73,2.0936745604382634,
73,2.4410453213988257,
73,2.8460498941515415,1.70363200023494
73,3.318250558067618,
73,3.868796112374049,1.6977690445427016
73,4.51068510264545,1.5012792354003832
73,5.259072720361658,1.583874271129478
73,6.131628621521653,1.8715185664576197
73,7.148954112518534,1.9566201324650538
73,8.335068553159141,1.3995044865212898
73,9.717976460949387,1.587855835947234
73,11.330328706147506,1.2287523517866403
73,13.210193408598627,1.095192781808304
73,15.401954737456029,1.4328761286369345
73,17.957360834719918,1.7834913723637675
73,20.936745604382637,1.1739066480496068
73,24.410453213988255,0.9775013417491891
73,28.460498941515414,0.7888323755878617
73,33.182505580676185,0.4617485668732323
73,38.68796112374051,0.19053703712516581
73,45.10685102645452,0.1251838367451184
73,52.5907272036166,0.07221961030708855
73,61.316286215216536,0.1419772526407336
73,71.48954112518535,0.09973436121356836
73,83.35068553159142,0.07354252329299553
74,0.9717976460949388,0.9369459461579884
74,1.1330328706147506,
74,1.3210193408598625,
74,1.5401954737456027,
74,1.7957360834719915,1.1066454077835555
74,2.0936745604382634,
74,2.4410453213988257,
74,2.8460498941515415,1.210881633586864
74,3.318250558067618,
74,3.868796112374049,1.6175191424153479
74,4.51068510264545,1.4475890716020867
74,5.259072720361658,1.6735896294168497
74,6.131628621521653,1.7674866505661122
74,7.148954112518534,1.9808468862406654
74,8.335068553159141,1.417958848130339
74,9.717976460949387,1.8721233550537195
74,11.330328706147506,1.8982129545124409
74,13.210193408598627,1.0789815901114888
74,15.401954737456029,1.5354684689934288
74,17.957360834719918,1.6024033087343788
74,20.936745604382637,0.9009319413917264
74,24.410453213988255,0.6304568646281784
74,28.460498941515414,0.33471982215581914
74,33.182505580676185,0.3656947214809391
74,38.68796112374051,0.1660897989754899
74,45.10685102645452,0.08599377578085005
74,52.5907272036166,0.13337165360857886
74,61.316286215216536,0.09484339815663526
74,71.48954112518535,0.10241196685245675
74,83.35068553159142,0.06148304473927812
75,0.9717976460949388,0.9473397170945067
75,1.1330328706147506,
75,1.3210193408598625,
75,1.5401954737456027,
75,1.7957360834719915,2.3960381164621904
75,2.0936745604382634,
75,2.4410453213988257,
75,2.8460498941515415,2.3677914593235534
75,3.318250558067618,
75,3.868796112374049,1.66376576297748
75,4.51068510264545,2.0763248523565214
75,5.259072720361658,2.1402939726897854
75,6.131628621521653,2.604165636528035
75,7.148954112518534,2.89208720693772
75,8.335068553159141,2.1804172984812995
75,9.717976460949387,2.4991801967688914
75,11.330328706147506,2.323663052218081
75,13.210193408598627,0.7556279404108892
75,15.401954737456029,0.8002894305865086
75,17.957360834719918,1.8465693750693817
75,20.936745604382637,0.9546084629332781
75,24.410453213988255,0.8609425549371125
75,28.460498941515414,0.9903106778710938
75,33.182505580676185,0.3809608733272673
75,38.68796112374051,0.21426488490069534
75,45.10685102645452,0.06733391528693608
75,52.5907272036166,0.07798709069901767
75,61.316286215216536,0.10029732451761444
75,71.48954112518535,0.07532145749772612
75,83.35068553159142,0.07550046370809568
76,0.9717976460949388,0.9299149916260875
76,1.1330328706147506,
76,1.3210193408598625,
76,1.5401954737456027,
76,1.7957360834719915,0.6213526143999019
76,2.0936745604382634,
76,2.4410453213988257,
76,2.8460498941515415,1.1847350669636925
76,3.318250558067618,
76,3.868796112374049,0.7050384452534535
76,4.51068510264545,1.0489012317160515
76,5.259072720361658,1.008509814567608
76,6.131628621521653,0.9624448796008644
76,7.148954112518534,1.4266568741930086
76,8.335068553159141,0.665811555323713
76,9.717976460949387,1.2578140330185525
76,11.330328706147506,0.8331493461792967
76,13.210193408598627,0.8099623991308617
76,15.401954737456029,0.5574709692483744
76,17.957360834719918,0.6474906875226242
76,20.936745604382637,0.7538705932811416
76,24.410453213988255,0.3092150262400908
76,28.460498941515414,0.36628020926063704
76,33.182505580676185,0.1903048734924643
76,38.68796112374051,0.15789750384441778
76,45.10685102645452,0.06651508514319794
76,52.5907272036166,0.056168769881292005
76,61.316286215216536,0.06844355444297598
76,71.48954112518535,0.07309300957290558
76,83.35068553159142,0.07479925553995728
78,0.9717976460949388,0.4603718318017325
78,1.1330328706147506,
78,1.3210193408598625,
78,1.5401954737456027,
78,1.7957360834719915,1.1806408388495337
78,2.0936745604382634,
78,2.4410453213988257,
78,2.8460498941515415,1.377655865163222
78,3.318250558067618,
78,3.868796112374049,1.4058747365310738
78,4.51068510264545,0.957912307704335
78,5.259072720361658,1.4652531950212764
78,6.131628621521653,1.4354431087591362
78,7.148954112518534,1.260109273461535
78,8.335068553159141,1.0245523674446624
78,9.717976460949387,1.4657639108168874
78,11.330328706147506,1.1096180866126002
78,13.210193408598627,0.8182681070970632
78,15.401954737456029,0.5509070795058698
78,17.957360834719918,0.8712972145111787
78,20.936745604382637,0.33363354982007054
78,24.410453213988255,0.2218636750411905
78,28.460498941515414,0.3857962331547007
78,33.182505580676185,0.183312535563912
78,38.68796112374051,0.14180300779881222
78,45.10685102645452,0.06578543999982132
78,52.5907272036166,0.06664606328157895
78,61.316286215216536,0.060450625512902825
78,71.48954112518535,0.057719933131141536
78,83.35068553159142,0.07350613187817492
81,0.9717976460949388,0.3841457413995271
81,1.1330328706147506,
81,1.3210193408598625,
81,1.5401954737456027,
81,1.7957360834719915,0.8518035756028695
81,2.0936745604382634,
81,2.4410453213988257,
81,2.8460498941515415,1.0773923556754115
81,3.318250558067618,
81,3.868796112374049,0.6736492685562726
81,4.51068510264545,0.9883559521713354
81,5.259072720361658,1.4612099990060115
81,6.131628621521653,1.1408552782244799
81,7.148954112518534,1.429732025823564
81,8.335068553159141,1.1059017362007804
81,9.717976460949387,1.7829539792143614
81,11.330328706147506,1.1284273558170368
81,13.210193408598627,0.4608557992342452
81,15.401954737456029,0.6982182241359154
81,17.957360834719918,1.0870411080902609
81,20.936745604382637,0.49351085470596523
81,24.410453213988255,0.809219651860215
81,28.460498941515414,0.7865172152957702
81,33.182505580676185,0.254569549568298
81,38.68796112374051,0.1578364004365899
81,45.10685102645452,0.07783369314904554
81,52.5907272036166,0.12009437197786521
81,61.316286215216536,0.12431976643730935
81,71.48954112518535,0.07207306641875696
81,83.35068553159142,0.055672762885921705
83,0.9717976460949388,0.5678099750134407
83,1.1330328706147506,
83,1.3210193408598625,
83,1.5401954737456027,
83,1.7957360834719915,0.5251946749356888
83,2.0936745604382634,
83,2.4410453213988257,
83,2.8460498941515415,0.22651453535539284
83,3.318250558067618,
83,3.868796112374049,0.5353273753763258
83,4.51068510264545,0.4858743403219057
83,5.259072720361658,1.1302602821318357
83,6.131628621521653,1.1434670603300856
83,7.148954112518534,1.3630253434686481
83,8.335068553159141,1.2706512460281445
83,9.717976460949387,1.0201862360925051
83,11.330328706147506,1.6058166338072954
83,13.210193408598627,1.2754363914876508
83,15.401954737456029,1.2018493466226856
83,17.957360834719918,1.6182765701468822
83,20.936745604382637,1.2955412967090238
83,24.410453213988255,1.0910314079685763
83,28.460498941515414,1.0252071721889435
83,33.182505580676185,0.5818007971676032
83,38.68796112374051,0.20555993654039323
83,45.10685102645452,0.12301218251667229
83,52.5907272036166,0.11930540744409383
83,61.316286215216536,0.10449535484659676
83,71.48954112518535,0.09701744688077198
83,83.35068553159142,0.07317331298669476
91,0.9717976460949388,1.246399776918794
91,1.1330328706147506,
91,1.3210193408598625,
91,1.5401954737456027,
91,1.7957360834719915,0.9114125022624598
91,2.0936745604382634,
91,2.4410453213988257,
91,2.8460498941515415,0.7076531580828994
91,3.318250558067618,
91,3.868796112374049,1.0100160004045278
91,4.51068510264545,0.5460925473248276
91,5.259072720361658,0.7227874683862304
91,6.131628621521653,0.9865832952492756
91,7.148954112518534,1.1237753053353692
91,8.335068553159141,0.9155980934211383
91,9.717976460949387,1.279018483223371
91,11.330328706147506,1.0216425576089245
91,13.210193408598627,0.9047650456996407
91,15.401954737456029,0.6298089958682005
91,17.957360834719918,0.4479023233546957
91,20.936745604382637,0.5761559576351825
91,24.410453213988255,0.5000862977087788
91,28.460498941515414,0.36590257802016285
91,33.182505580676185,0.145373659019857
91,38.68796112374051,0.16263666348469102
91,45.10685102645452,0.10310353993232231
91,52.5907272036166,0.08500597829828786
91,61.316286215216536,0.1291891698377004
91,71.48954112518535,0.08142373043120639
91,83.35068553159142,0.07339672398258121
95,0.9717976460949388,0.3585288148126069
95,1.1330328706147506,
95,1.3210193408598625,
95,1.5401954737456027,
95,1.7957360834719915,0.9285339102328765
95,2.0936745604382634,
95,2.4410453213988257,
95,2.8460498941515415,0.905456539842699
95,3.318250558067618,
95,3.868796112374049,0.5008923390299937
95,4.51068510264545,0.9692471798750154
95,5.259072720361658,1.2841673871838946
95,6.131628621521653,1.153536600425076
95,7.148954112518534,1.4324009983755994
95,8.335068553159141,1.0597521423663578
95,9.717976460949387,1.6127232895539494
95,11.330328706147506,1.3615796910807556
95,13.210193408598627,1.1807772010522286
95,15.401954737456029,0.652831869571897
95,17.957360834719918,1.1010075947281543
95,20.936745604382637,0.5144101165446391
95,24.410453213988255,0.4505444505136117
95,28.460498941515414,0.5737177874768221
95,33.182505580676185,0.2589216325428969
95,38.68796112374051,0.13404197459638056
95,45.10685102645452,0.09015001229471424
95,52.5907272036166,0.11274873589854986
95,61.316286215216536,0.09785902824453059
95,71.48954112518535,0.07345349896535
95,83.35068553159142,0.0885423796548811
98,0.9717976460949388,0.1814174484668561
98,1.1330328706147506,
98,1.3210193408598625,
98,1.5401954737456027,
98,1.7957360834719915,0.1583872085555901
98,2.0936745604382634,
98,2.4410453213988257,
98,2.8460498941515415,0.6438239900596004
98,3.318250558067618,
98,3.868796112374049,0.5996784167491347
98,4.51068510264545,0.6436580244444072
98,5.259072720361658,0.6973824748530979
98,6.131628621521653,0.47904228884619604
98,7.148954112518534,0.4873526450755611
98,8.335068553159141,0.06280349094090758
98,9.717976460949387,0.4549081842481105
98,11.330328706147506,1.160172000795385
98,13.210193408598627,0.9983278445203513
98,15.401954737456029,0.48558307334999956
98,17.957360834719918,0.8372274982318981
98,20.936745604382637,0.568332209479354
98,24.410453213988255,0.1160647412923465
98,28.460498941515414,0.17918286834711503
98,33.182505580676185,0.39642715478796525
98,38.68796112374051,0.1753812709799328
98,45.10685102645452,0.08446369929648902
98,52.5907272036166,0.13617288636181954
98,61.316286215216536,0.08999302510452821
98,71.48954112518535,0.08515515763230737
98,83.35068553159142,0.07122878828310643
109,0.9717976460949388,0.44866335070718316
109,1.1330328706147506,
109,1.3210193408598625,
109,1.5401954737456027,
109,1.7957360834719915,0.5045381085224171
109,2.0936745604382634,
109,2.4410453213988257,
109,2.8460498941515415,0.5548000624748995
109,3.318250558067618,
109,3.868796112374049,0.352175380162901
109,4.51068510264545,0.4783057569434834
109,5.259072720361658,0.4411822320120757
109,6.131628621521653,0.379816009633434
109,7.148954112518534,0.7864000303242868
109,8.335068553159141,0.699020108003288
109,9.717976460949387,0.5733251679541005
109,11.330328706147506,0.8065041549128307
109,13.210193408598627,0.6395398701542069
109,15.401954737456029,0.7102112056440121
109,17.957360834719918,0.650422660518341
109,20.936745604382637,0.4365454729720965
109,24.410453213988255,0.31089421493439745
109,28.460498941515414,0.23124682002895167
109,33.182505580676185,0.29472636285312437
109,38.68796112374051,0.12370882732727408
109,45.10685102645452,0.1097106922045118
109,52.5907272036166,0.08532127685421853
109,61.316286215216536,0.07531865017635699
109,71.48954112518535,0.057094960760933254
109,83.35068553159142,0.07508622469574398
148,0.9717976460949388,0.26898125531609446
148,1.1330328706147506,
148,1.3210193408598625,
148,1.5401954737456027,
148,1.7957360834719915,0.6437296026777668
148,2.0936745604382634,
148,2.4410453213988257,
148,2.8460498941515415,0.9170103217896328
148,3.318250558067618,
148,3.868796112374049,0.9581906367828896
148,4.51068510264545,0.9783324326280421
148,5.259072720361658,1.0657212785037342
148,6.131628621521653,1.486963794564053
148,7.148954112518534,1.9105391125824254
148,8.335068553159141,1.9921526438361596
148,9.717976460949387,1.336128725339859
148,11.330328706147506,1.8992329908406835
148,13.210193408598627,1.8570968601412092
148,15.401954737456029,1.233734409722988
148,17.957360834719918,1.639078714646943
148,20.936745604382637,0.5286554555476403
148,24.410453213988255,0.775772444319296
148,28.460498941515414,0.9451353234049393
148,33.182505580676185,0.29124575813678427
148,38.68796112374051,0.10111691542781512
148,45.10685102645452,0.1589540178367196
148,52.5907272036166,0.13034639538648282
148,61.316286215216536,0.10175793617767867
148,71.48954112518535,0.13803333430440112
148,83.35068553159142,0.09626591812580887
149,0.9717976460949388,0.7661178070902346
149,1.1330328706147506,
149,1.3210193408598625,
149,1.5401954737456027,
149,1.7957360834719915,0.2873464244639621
149,2.0936745604382634,
149,2.4410453213988257,
149,2.8460498941515415,0.17343900982917496
149,3.318250558067618,
149,3.868796112374049,0.7707232852284112
149,4.51068510264545,0.29172326249090824
149,5.259072720361658,0.3647014041655466
149,6.131628621521653,0.25291662271293514
149,7.148954112518534,0.5417327444549019
149,8.335068553159141,0.6197362102136523
149,9.717976460949387,0.5132082982915825
149,11.330328706147506,0.48461464651154107
149,13.210193408598627,0.43893326185412457
149,15.401954737456029,0.9160085113948498
149,17.957360834719918,0.9216190406110945
149,20.936745604382637,1.5051151469426256
149,24.410453213988255,0.3332284235944212
149,28.460498941515414,0.460312510428794
149,33.182505580676185,0.3009567853139269
149,38.68796112374051,0.12010488900367543
149,45.10685102645452,0.0911407709351887
149,52.5907272036166,0.1043010381666557
149,61.316286215216536,0.0599076041113412
149,71.48954112518535,0.10944724612685351
149,83.35068553159142,0.04369421265593977
151,0.9717976460949388,0.2043842642448973
151,1.1330328706147506,
151,1.3210193408598625,
151,1.5401954737456027,
151,1.7957360834719915,0.46139052547556975
151,2.0936745604382634,
151,2.4410453213988257,
151,2.8460498941515415,0.22771942420458322
151,3.318250558067618,
151,3.868796112374049,0.18608593190429917
151,4.51068510264545,0.5197284832718555
151,5.259072720361658,0.2898534773718738
151,6.131628621521653,0.27260001638085496
151,7.148954112518534,0.48409763381067533
151,8.335068553159141,0.30376711749775936
151,9.717976460949387,0.823105626413526
151,11.330328706147506,1.0492089127783635
151,13.210193408598627,0.8723221638907235
151,15.401954737456029,1.3210261587715424
151,17.957360834719918,0.6185352694489129
151,20.936745604382637,2.5555985400509464
151,24.410453213988255,0.7902429912521409
151,28.460498941515414,0.310101852393429
151,33.182505580676185,0.3563444144334388
151,38.68796112374051,0.14611144411970609
151,45.10685102645452,0.07738706480746914
151,52.5907272036166,0.10314088076964208
151,61.316286215216536,0.07294005586674351
151,71.48954112518535,0.06367564656818239
151,83.35068553159142,0.05789213857927518
