complex_number,event_or_complex,member_event_numbers,origin_time_utc,positive_peak_spl_db,radiated_acoustic_energy_2pi_j,radiated_acoustic_energy_minimum_j,radiated_acoustic_energy_maximum_j,acoustic_energy_equivalent_kg_tnt,illustrative_total_yield_at_1pct_t_tnt,illustrative_total_yield_lower_t_tnt,illustrative_total_yield_upper_t_tnt
1,upper stage,"1,2",2016-09-01 13:07:11.913,126.99241354416726,2000528.2860627233,1859882.8169672366,5213317.918817092,0.47813773567464707,0.047813773567464704,0.004781377356746471,0.47813773567464707
8,lower stage,"13,14,15",2016-09-01 13:07:15.513,156.70819806900116,1970494177.4066098,1679962952.1628745,2248913032.0793157,470.959411426054,47.0959411426054,4.70959411426054,470.959411426054
12,payload impact,22,2016-09-01 13:07:24.420,142.46321223801365,50718950.514197305,49116406.67791023,51461120.195919946,12.122120103775647,1.2122120103775647,0.12122120103775645,12.122120103775645
13,payload explosion,23,2016-09-01 13:07:24.987,143.3404867627279,60552846.22192395,57596896.60720484,62454857.52737673,14.472477586501899,1.4472477586501897,0.14472477586501897,14.472477586501899
14,event 024,24,2016-09-01 13:07:26.458,142.0587040813935,43248132.73092436,32538415.688325845,44334862.27227366,10.33655179993412,1.033655179993412,0.10336551799934121,10.33655179993412
7,complex 7,12,2016-09-01 13:07:15.226,138.2300295286828,25398610.103923894,21607787.129697993,26207790.7099491,6.070413504761925,0.6070413504761926,0.06070413504761925,6.070413504761925
9,complex 9,18,2016-09-01 13:07:19.454,139.24152970328518,18391275.23389449,15387246.82225504,18917118.604123145,4.395620275787402,0.4395620275787402,0.04395620275787402,4.395620275787402
25,complex 25,54,2016-09-01 13:14:13.350,136.19113035649897,16023220.761233447,15447646.236454304,16910781.217213582,3.829641673334954,0.3829641673334954,0.03829641673334954,3.8296416733349536
6,complex 6,11,2016-09-01 13:07:14.964,128.6757315526,14502039.400584668,9278476.720882906,14914440.511350907,3.466070602434194,0.34660706024341936,0.03466070602434193,3.466070602434194
26,complex 26,56,2016-09-01 13:14:26.482,134.70373681176147,10172555.438097399,9087455.769619212,10771449.467605744,2.4312991008836997,0.24312991008836995,0.024312991008836996,2.4312991008836997
