reconstructed_event_number,reduced_event_epoch_s,first_reduced_pick_epoch_s,last_reduced_pick_epoch_s,corrected_pick_span_s,pick_count,channel_count,channels,pick_indices,observed_first_pick_epoch_s,observed_last_pick_epoch_s,reduced_event_time,observed_first_pick_time,observed_last_pick_time,catalogue_decision,decision_basis,dd2_dd3_best_correlation,robust_stack_peak_snr,review_reference_epoch_s,final_event_number,event_number,assigned_pick_count,assigned_channel_count,assigned_pick_span_s,stack_channels,stack_channel_count,valid_measurement,failure_reason,median_stack_snr,valid_pair,positive_index,negative_index,positive_time_s,negative_time_s,positive_peak_pa,negative_peak_pa,peak_to_peak_pa,positive_negative_lag_s,model_event_start_s,model_event_end_s,event_start_s,event_end_s,event_duration_s,noise_scale_pa,boundary_threshold_pa,start_boundary_method,end_boundary_method,morphology_class,quality_class,segment_file,segment_path,segment_start_epoch_s,segment_end_epoch_s,event_time,event_label,forced_named_event,passes_analysis_filter,passes_core_filter,analysis_filter_reason,best_back_azimuth_deg,best_apparent_speed_mps,maximum_coherence_score,solution_quality_class,stability_back_azimuth_std_deg,stability_speed_std_mps,stability_score_min,stability_valid_window_count,legacy_selection_tier,elapsed_time_s,elapsed_time_min,stream_file,seismic_signal_start_s,seismic_signal_end_s,seismic_signal_duration_s,seismic_noise_start_s,seismic_noise_end_s,sampling_rate_hz,measurement_start_epoch_s,measurement_end_epoch_s,measurement_signal_sample_count,measurement_pressure_min_sensor_count,pgv_dhz_mps,pgv_dhn_mps,pgv_dhe_mps,pgv_vector_mps,pgv_vector_time_s,pgv_entire_segment_vector_mps,pgv_vector_snr,noise_dhz_mps,noise_dhn_mps,noise_dhe_mps,noise_vector_mps,baseline_dhz_mps,baseline_dhn_mps,baseline_dhe_mps,acoustic_stack_positive_peak_pa,acoustic_stack_negative_peak_pa,acoustic_stack_peak_to_peak_pa,acoustic_stack_noise_pa,acoustic_stack_p2p_snr,reduced_peak_to_peak_pa_1km,p2p_pressure_to_vector_pgv,positive_pressure_to_vector_pgv,reduced_p2p_pressure_to_vector_pgv,pgv_window_capture_fraction,passes_regression_quality,measurement_overlap_group
1,1472735235.9271336,1472735235.9258933,1472735235.928,0.0021066665649414,3,3,"DD1,DD2,DD3","198,193,194",1472735235.928,1472735236.016,2016-09-01 13:07:15.927133560+00:00,2016-09-01 13:07:15.927999973+00:00,2016-09-01 13:07:16.016000032+00:00,retain,at least two reduced-time-associated infrasound channels,,,,1,1,3,3,0.0021066665649414,"DD1,DD2,DD3",3,True,,25.125280764730935,True,126.0,148.0,0.0048663616180419,0.0928664207458496,33.00596889606609,-18.375680516310325,51.38164941237642,0.0880000591278076,-0.0391336679458618,0.1368664503097534,-0.0191335678100585,0.1368664503097534,0.156000018119812,1.3136557240943352,2.6273114481886704,noise_threshold,model,robust_impulsive,robust_impulsive,candidate_event_001.pkl,/Users/glennthompson/Developer/KSCRocketSeismoHydrology/08_fireball_paper/falcon9-seismoacoustic-workflow-1.0.0/data/outputs/070_prepare_event_waveform_products/event_streams/candidate_event_001.pkl,1472735235.4271336,1472735236.5271337,2016-09-01 13:07:15.927133560+00:00,short_impulsive_candidate,False,True,True,analyze_all_final_events,200.8999999999999,352.5,0.9799817318242232,A_high_quality,0.2910177967490677,0.7243558228002943,0.9686067589816976,9,core,0.0,0.0,/Users/glennthompson/Developer/KSCRocketSeismoHydrology/08_fireball_paper/falcon9-seismoacoustic-workflow-1.0.0/data/outputs/070_prepare_event_waveform_products/event_streams/candidate_event_001.pkl,-0.0191335678100585,0.1368664503097534,0.1560000181198119,-0.18,-0.05,250.0,1472735235.912,1472735236.064,39,3,6.0230887264048593e-05,0.00012396078926550817,4.780064656779019e-05,0.0001334718920519363,0.048866413116455565,0.00015873640896368242,8.062819352791022,6.099022417104737e-06,9.870976488818323e-06,1.1806802470723987e-05,1.6553997579734157e-05,-9.965241488642622e-06,2.5851029245578832e-05,6.793599833392338e-06,32.50100228914646,-18.3961868863212,50.89718917546766,1.9279478555788179,26.39967104306722,72.26823233879819,381332.64159964595,243504.46966391802,541449.0738670081,0.8408398106226125,True,1
13,1472735239.4271336,1472735239.4258933,1472735239.428,0.0021066665649414,3,3,"DD1,DD2,DD3","238,230,232",1472735239.428,1472735239.516,2016-09-01 13:07:19.427133560+00:00,2016-09-01 13:07:19.427999973+00:00,2016-09-01 13:07:19.516000032+00:00,retain,at least two reduced-time-associated infrasound channels,,,,13,13,3,3,0.0021066665649414,"DD1,DD2,DD3",3,False,no positive-before-negative pair,,False,,,,,,,,,,,,,,,,none,none,complex_or_noncanonical,complex_or_noncanonical,candidate_event_013.pkl,/Users/glennthompson/Developer/KSCRocketSeismoHydrology/08_fireball_paper/falcon9-seismoacoustic-workflow-1.0.0/data/outputs/070_prepare_event_waveform_products/event_streams/candidate_event_013.pkl,1472735238.9271336,1472735240.0271337,2016-09-01 13:07:19.427133560+00:00,principal_first_stage_explosion,True,True,False,analyze_all_final_events,200.2999999999999,352.5,0.9983980564566396,A_high_quality,0.0816496580927679,0.408248290463863,0.998023043338392,9,additional_analyzed,3.5,0.058333333333333334,/Users/glennthompson/Developer/KSCRocketSeismoHydrology/08_fireball_paper/falcon9-seismoacoustic-workflow-1.0.0/data/outputs/070_prepare_event_waveform_products/event_streams/candidate_event_013.pkl,-0.04,0.35,0.38999999999999996,-0.18,-0.05,250.0,1472735239.388,1472735239.776,98,3,0.0029365971904021814,0.0022910665219048206,0.0011334322676211893,0.0035745032221146263,0.05686641311645557,0.0035745032221146263,9.83804638845345,0.00022515807778924414,0.00025781524990500603,0.00012184913125461753,0.00036333465822136076,6.0170445718399135e-05,8.378658126787387e-05,3.9896332872597635e-05,1356.0894347265053,-109.70142666835599,1465.7908613948612,89.23675659344224,16.425864378654232,2081.2566714868617,410068.41239542083,379378.4339979589,582250.6071922407,1.0,True,12
14,1472735239.5001335,1472735239.4988933,1472735239.505,0.0061068534851074,3,3,"DD1,DD2,DD3","240,236,237",1472735239.505,1472735239.589,2016-09-01 13:07:19.500133513+00:00,2016-09-01 13:07:19.505000114+00:00,2016-09-01 13:07:19.588999987+00:00,retain,at least two reduced-time-associated infrasound channels,,,,14,14,3,3,0.0061068534851074,"DD1,DD2,DD3",3,True,,25.38160636224296,True,150.0,187.0,0.1017596721649169,0.2497596740722656,315.817671198456,-112.6848820826961,428.50255328115213,0.1480000019073486,0.0277596712112426,0.3237596750259399,-0.0742402076721191,0.2617597579956054,0.3359999656677246,53.750951109347014,107.50190221869404,noise_threshold,noise_threshold,robust_impulsive,robust_impulsive,candidate_event_014.pkl,/Users/glennthompson/Developer/KSCRocketSeismoHydrology/08_fireball_paper/falcon9-seismoacoustic-workflow-1.0.0/data/outputs/070_prepare_event_waveform_products/event_streams/candidate_event_014.pkl,1472735239.0001335,1472735240.1001334,2016-09-01 13:07:19.500133513+00:00,short_impulsive_candidate,False,True,True,analyze_all_final_events,200.69999999999987,357.0,0.9966832902049896,A_high_quality,0.2454524670485918,2.28656840302852,0.9947252149602874,9,core,3.572999954223633,0.059549999237060544,/Users/glennthompson/Developer/KSCRocketSeismoHydrology/08_fireball_paper/falcon9-seismoacoustic-workflow-1.0.0/data/outputs/070_prepare_event_waveform_products/event_streams/candidate_event_014.pkl,-0.0742402076721191,0.2617597579956054,0.3359999656677245,-0.18,-0.05,250.0,1472735239.428,1472735239.76,84,3,0.0029445445001227196,0.0020692790170406534,0.0010937165246790673,0.0034049461161336134,-0.016133514404296445,0.0034049461161336134,8.32538432004271,8.097091452620455e-05,0.00034595491397421455,0.00020255009085643974,0.00040898365591801844,6.811775543893764e-05,-0.00013800092359629335,-8.996340015237909e-05,1356.089434726507,-109.70142666835599,1465.790861394863,103.92410190351033,14.104436165883785,2081.2566714868644,430488.7100707775,398270.45376752526,611245.1124043555,1.0,True,12
22,1472735248.405903,1472735248.4041336,1472735248.40799,0.0038564205169677,3,3,"DD1,DD2,DD3","270,265,266",1472735248.40799,1472735248.49601,2016-09-01 13:07:28.405903339+00:00,2016-09-01 13:07:28.407989979+00:00,2016-09-01 13:07:28.496010065+00:00,retain,at least two reduced-time-associated infrasound channels,,,,22,22,3,3,0.0038564205169677,"DD1,DD2,DD3",3,True,,71.37279665628405,True,129.0,140.0,0.0172302722930908,0.061230182647705,269.39189953231005,-103.2611412642381,372.65304079654817,0.0439999103546142,-0.0047696828842163,0.0832301378250122,-0.0067696571350097,0.1492302417755127,0.1559998989105224,3.7744338480898145,7.548867696179629,noise_threshold,noise_threshold,robust_impulsive,robust_impulsive,candidate_event_022.pkl,/Users/glennthompson/Developer/KSCRocketSeismoHydrology/08_fireball_paper/falcon9-seismoacoustic-workflow-1.0.0/data/outputs/070_prepare_event_waveform_products/event_streams/candidate_event_022.pkl,1472735247.905903,1472735249.005903,2016-09-01 13:07:28.405903101+00:00,short_impulsive_candidate,False,True,True,analyze_all_final_events,201.59999999999988,351.5,0.9976793000875412,A_high_quality,0.0737027731190047,0.1571348402636772,0.9970116020828256,9,core,12.478769540786743,0.20797949234644572,/Users/glennthompson/Developer/KSCRocketSeismoHydrology/08_fireball_paper/falcon9-seismoacoustic-workflow-1.0.0/data/outputs/070_prepare_event_waveform_products/event_streams/candidate_event_022.pkl,-0.0067696571350097,0.1492302417755127,0.1559998989105224,-0.18,-0.05,250.0,1472735248.4,1472735248.552,39,3,0.0004319257720408504,0.0006096892030423343,0.00031215379581262323,0.0006977169853792251,0.07409694290161184,0.0006977169853792251,7.911191286805061,3.762293614866535e-05,6.264546786048041e-05,4.9377963461849566e-05,8.819366895386984e-05,-2.1184472844419014e-05,2.3628124483741183e-06,-2.5442285277241445e-06,275.9623545188109,-102.57575489331879,378.5381094121297,15.32206159616422,24.70542929463841,537.4811553104561,542538.1886129454,395521.909745137,770342.6555085552,1.0,True,19
29,1472735261.8618932,1472735261.8591335,1472735261.864,0.004866600036621,3,3,"DD1,DD2,DD3","296,292,293",1472735261.864,1472735261.952,2016-09-01 13:07:41.861893177+00:00,2016-09-01 13:07:41.864000082+00:00,2016-09-01 13:07:41.951999903+00:00,retain,at least two reduced-time-associated infrasound channels,,,,29,29,3,3,0.004866600036621,"DD1,DD2,DD3",3,True,,24.963005333536874,True,128.0,134.0,0.0132403373718261,0.0372402667999267,29.466328628743845,-36.12452839699267,65.59085702573651,0.0239999294281005,0.0012403726577758,0.049240231513977,-0.0027596950531005,0.0732402801513671,0.0759999752044677,1.4471225685498976,2.8942451370997953,noise_threshold,noise_threshold,robust_impulsive,robust_impulsive,candidate_event_029.pkl,/Users/glennthompson/Developer/KSCRocketSeismoHydrology/08_fireball_paper/falcon9-seismoacoustic-workflow-1.0.0/data/outputs/070_prepare_event_waveform_products/event_streams/candidate_event_029.pkl,1472735261.3618932,1472735262.461893,2016-09-01 13:07:41.861893177+00:00,short_impulsive_candidate,False,True,True,analyze_all_final_events,202.4999999999999,349.0,0.973103323015901,A_high_quality,0.0942809041582009,1.1493422703098444,0.9640173901013444,9,core,25.934759616851807,0.4322459936141968,/Users/glennthompson/Developer/KSCRocketSeismoHydrology/08_fireball_paper/falcon9-seismoacoustic-workflow-1.0.0/data/outputs/070_prepare_event_waveform_products/event_streams/candidate_event_029.pkl,-0.0027596950531005,0.0732402801513671,0.0759999752044676,-0.18,-0.05,250.0,1472735261.86,1472735261.932,19,3,0.00011067054859507689,8.961024371440344e-05,4.6004416579552736e-05,0.0001473244749218971,0.070106718063355,0.0001713269792932417,9.449323617262563,5.2045180614176585e-06,1.4482748251374816e-05,2.498501184115654e-06,1.5591007450814404e-05,4.990521362353149e-06,-7.3243545625697786e-06,2.8971546618876403e-06,31.834088331823946,-35.160867207822406,66.99495553964636,1.6070123486603907,41.68913549139402,95.12523365043235,454744.2342839721,216081.4647308299,645685.2040427242,0.8599023663969343,True,26
32,1472735267.6961336,1472735267.6938932,1472735267.697,0.0031068325042724,3,3,"DD1,DD2,DD3","309,306,307",1472735267.697,1472735267.784,2016-09-01 13:07:47.696133614+00:00,2016-09-01 13:07:47.697000027+00:00,2016-09-01 13:07:47.783999920+00:00,retain,at least two reduced-time-associated infrasound channels,,,,32,32,3,3,0.0031068325042724,"DD1,DD2,DD3",3,True,,30.258698370393603,True,131.0,144.0,0.0257596969604492,0.0777597427368164,46.66150318267545,-11.636025884676608,58.29752906735206,0.0520000457763671,-0.0002403259277343,0.103759765625,-0.0262403488159179,0.1377596855163574,0.1640000343322754,1.5420856049885825,3.084171209977165,noise_threshold,noise_threshold,robust_impulsive,robust_impulsive,candidate_event_032.pkl,/Users/glennthompson/Developer/KSCRocketSeismoHydrology/08_fireball_paper/falcon9-seismoacoustic-workflow-1.0.0/data/outputs/070_prepare_event_waveform_products/event_streams/candidate_event_032.pkl,1472735267.1961336,1472735268.2961335,2016-09-01 13:07:47.696133614+00:00,short_impulsive_candidate,False,True,True,analyze_all_final_events,200.4999999999999,356.5,0.9694463946424592,A_high_quality,0.1943650631614989,1.0540925533894596,0.9634829892131886,9,core,31.76900005340576,0.5294833342234294,/Users/glennthompson/Developer/KSCRocketSeismoHydrology/08_fireball_paper/falcon9-seismoacoustic-workflow-1.0.0/data/outputs/070_prepare_event_waveform_products/event_streams/candidate_event_032.pkl,-0.0262403488159179,0.1377596855163574,0.16400003433227528,-0.18,-0.05,250.0,1472735267.6720002,1472735267.832,41,3,7.966008563299823e-05,8.49252139971876e-05,5.169555444151822e-05,0.00011933921491857422,0.11986648559570368,0.00011933921491857422,8.20986056456791,5.47094695776909e-06,1.0234769456941897e-05,8.753053393684628e-06,1.4536083040632631e-05,2.902816415660338e-06,-4.925014044865932e-06,-4.503980230124013e-06,47.64959322608034,-10.435175813529533,58.084769039609874,1.4444792996866354,40.21156208483622,82.47378003190857,486719.88565737946,399278.5880030459,691087.0000961618,1.0,True,29
34,1472735272.5721335,1472735272.5698934,1472735272.579,0.0091066360473632,3,3,"DD1,DD2,DD3","317,312,313",1472735272.579,1472735272.66,2016-09-01 13:07:52.572133541+00:00,2016-09-01 13:07:52.578999996+00:00,2016-09-01 13:07:52.660000086+00:00,retain,at least two reduced-time-associated infrasound channels,,,,34,34,3,3,0.0091066360473632,"DD1,DD2,DD3",3,True,,19.602646771077428,True,130.0,141.0,0.0217597484588623,0.0657596588134765,37.64687074223383,-17.16626877116812,54.81313951340195,0.0439999103546142,-0.0002402067184448,0.0877596139907836,0.0017597675323486,0.105759859085083,0.1040000915527343,1.9204993683699696,3.840998736739939,noise_threshold,noise_threshold,robust_impulsive,robust_impulsive,candidate_event_034.pkl,/Users/glennthompson/Developer/KSCRocketSeismoHydrology/08_fireball_paper/falcon9-seismoacoustic-workflow-1.0.0/data/outputs/070_prepare_event_waveform_products/event_streams/candidate_event_034.pkl,1472735272.0721335,1472735273.1721334,2016-09-01 13:07:52.572133541+00:00,short_impulsive_candidate,False,True,True,analyze_all_final_events,201.59999999999988,350.5,0.80852576656878,B_probable,0.3559026084010235,2.047280641409809,0.7651614903060724,9,core,36.644999980926514,0.6107499996821085,/Users/glennthompson/Developer/KSCRocketSeismoHydrology/08_fireball_paper/falcon9-seismoacoustic-workflow-1.0.0/data/outputs/070_prepare_event_waveform_products/event_streams/candidate_event_034.pkl,0.0017597675323486,0.105759859085083,0.10400009155273439,-0.18,-0.05,250.0,1472735272.576,1472735272.676,26,3,9.448434977511271e-05,0.00010331670380837463,5.4364447530245504e-05,0.0001406263530631528,0.07986648559570364,0.00015837610292851982,12.360245540858983,9.0555161130775e-06,3.854450814017559e-06,5.708242651646923e-06,1.137731063661215e-05,-4.087770650728435e-06,9.299925103728818e-07,-2.3084164606833466e-06,40.700555929313396,-19.165563706255433,59.86611963556883,1.0204706914543134,58.665202378572225,85.0030957137983,425710.5324254837,289423.3907284469,604460.6424204496,0.8879265903304993,True,31
36,1472735277.9578934,1472735277.9551334,1472735277.964,0.008866548538208,3,3,"DD1,DD2,DD3","326,322,323",1472735277.964,1472735278.048,2016-09-01 13:07:57.957893372+00:00,2016-09-01 13:07:57.963999987+00:00,2016-09-01 13:07:58.048000097+00:00,retain,at least two reduced-time-associated infrasound channels,,,,36,36,3,3,0.008866548538208,"DD1,DD2,DD3",3,True,,17.092611987307347,True,133.0,162.0,0.0332400798797607,0.1492400169372558,27.208279832616263,-25.298591407893632,52.506871240509895,0.1159999370574951,-0.0247598886489868,0.2072399854660034,0.0012400150299072,0.1812400817871093,0.1800000667572021,1.5918152154170833,3.1836304308341665,noise_threshold,noise_threshold,robust_impulsive,robust_impulsive,candidate_event_036.pkl,/Users/glennthompson/Developer/KSCRocketSeismoHydrology/08_fireball_paper/falcon9-seismoacoustic-workflow-1.0.0/data/outputs/070_prepare_event_waveform_products/event_streams/candidate_event_036.pkl,1472735277.4578934,1472735278.5578933,2016-09-01 13:07:57.957893372+00:00,short_impulsive_candidate,False,True,True,analyze_all_final_events,202.3999999999999,350.0,0.9075370145001572,A_high_quality,0.3162277660168199,1.178511301977579,0.8891373086029932,9,core,42.03075981140137,0.7005126635233562,/Users/glennthompson/Developer/KSCRocketSeismoHydrology/08_fireball_paper/falcon9-seismoacoustic-workflow-1.0.0/data/outputs/070_prepare_event_waveform_products/event_streams/candidate_event_036.pkl,0.0012400150299072,0.1812400817871093,0.1800000667572021,-0.18,-0.05,250.0,1472735277.96,1472735278.1360002,45,3,5.233573566819687e-05,6.027555700674543e-05,2.6582165235015307e-05,7.134136021422632e-05,0.11410671806335504,9.354654217672756e-05,8.288872471965327,3.6378407992006545e-06,4.838590797690568e-06,6.118218534554703e-06,8.606883560522554e-06,3.2068839932436173e-06,-4.621115440540379e-07,2.0596864012148004e-06,26.611423316876728,-25.060243626314527,51.671666943191255,0.924195235205689,55.9099040709631,73.36790287396518,724287.661295352,373015.36215411394,1028406.2800828788,0.7626295804653972,True,33
38,1472735298.232,1472735298.2271335,1472735298.237893,0.0107598304748535,3,3,"DD1,DD2,DD3","341,336,337",1472735298.232,1472735298.328,2016-09-01 13:08:18.232000113+00:00,2016-09-01 13:08:18.232000113+00:00,2016-09-01 13:08:18.328000069+00:00,retain,at least two reduced-time-associated infrasound channels,,,,38,38,3,3,0.0107595920562744,"DD1,DD2,DD3",3,True,,19.01579622809472,True,128.0,134.0,0.0138933658599853,0.0378932952880859,26.98105400554497,-22.724943599573493,49.705997605118455,0.0239999294281005,0.001893401145935,0.0498932600021362,-0.0021066665649414,0.1658933162689209,0.1679999828338623,1.4188758483687391,2.8377516967374783,noise_threshold,noise_threshold,robust_impulsive,robust_impulsive,candidate_event_038.pkl,/Users/glennthompson/Developer/KSCRocketSeismoHydrology/08_fireball_paper/falcon9-seismoacoustic-workflow-1.0.0/data/outputs/070_prepare_event_waveform_products/event_streams/candidate_event_038.pkl,1472735297.732,1472735298.832,2016-09-01 13:08:18.232000113+00:00,short_impulsive_candidate,False,True,True,analyze_all_final_events,201.3999999999999,350.0,0.9101926655054716,A_high_quality,0.1949992086087027,0.9128709291752768,0.9032169051725344,9,core,62.304866552352905,1.038414442539215,/Users/glennthompson/Developer/KSCRocketSeismoHydrology/08_fireball_paper/falcon9-seismoacoustic-workflow-1.0.0/data/outputs/070_prepare_event_waveform_products/event_streams/candidate_event_038.pkl,-0.0021066665649414,0.1658933162689209,0.1679999828338623,-0.18,-0.05,250.0,1472735298.232,1472735298.3960001,42,3,7.182166906394527e-05,8.774358789778037e-05,4.259808389475913e-05,0.00010796348167717507,0.07600000000000051,0.00010796348167717507,28.79629385482432,1.8966096239614921e-06,2.9913003273943413e-06,1.2294728329779387e-06,3.7492144725800422e-06,1.6655852843834223e-06,-6.35328331433685e-07,-4.969176814863728e-07,27.234297134236076,-22.07694587346743,49.31124300770351,2.20086201089297,22.40542240433154,70.01636876861797,456740.02210442396,252254.7134564462,648518.9962470464,1.0,True,35
39,1472735302.6631336,1472735302.656,1472735302.6738932,0.0178933143615722,3,3,"DD1,DD2,DD3","347,342,343",1472735302.656,1472735302.764,2016-09-01 13:08:22.663133621+00:00,2016-09-01 13:08:22.655999899+00:00,2016-09-01 13:08:22.763999939+00:00,retain,at least two reduced-time-associated infrasound channels,,,,39,39,3,3,0.0178933143615722,"DD1,DD2,DD3",3,True,,30.104271254779388,True,131.0,143.0,0.0248663425445556,0.0728664398193359,35.09635223522203,-25.25712038087976,60.35347261610179,0.0480000972747802,0.0008662939071655,0.096866488456726,-0.0071334838867187,0.1488664150238037,0.1559998989105224,1.1658263353460214,2.331652670692043,noise_threshold,noise_threshold,robust_impulsive,robust_impulsive,candidate_event_039.pkl,/Users/glennthompson/Developer/KSCRocketSeismoHydrology/08_fireball_paper/falcon9-seismoacoustic-workflow-1.0.0/data/outputs/070_prepare_event_waveform_products/event_streams/candidate_event_039.pkl,1472735302.1631336,1472735303.2631335,2016-09-01 13:08:22.663133621+00:00,short_impulsive_candidate,False,True,True,analyze_all_final_events,200.8999999999999,351.5,0.961624903349866,A_high_quality,0.1770819716723146,1.973591074259068,0.9591609004507852,9,core,66.73600006103516,1.1122666676839192,/Users/glennthompson/Developer/KSCRocketSeismoHydrology/08_fireball_paper/falcon9-seismoacoustic-workflow-1.0.0/data/outputs/070_prepare_event_waveform_products/event_streams/candidate_event_039.pkl,-0.0071334838867187,0.1488664150238037,0.1559998989105224,-0.18,-0.05,250.0,1472735302.66,1472735302.812,39,3,4.356467762261395e-05,5.289677918097542e-05,2.5486589035341234e-05,6.881480810302575e-05,0.0888664131164556,7.476230940016011e-05,5.4813718351165335,2.948323180148658e-06,1.1733361915392914e-05,3.3535289409191948e-06,1.2554303954014233e-05,5.142466277932273e-06,1.2466612563714842e-06,3.249296275870038e-06,35.0935696893255,-25.271830025953662,60.36539971527916,1.1644264718248867,51.8413151675216,85.71201676400104,877215.2590312161,509971.19161889306,1245546.1132097864,0.9204478654437923,True,36
40,1472735329.1835666,1472735329.1791334,1472735329.188,0.008866548538208,2,2,"DD2,DD3","350,351",1472735329.188,1472735329.192,2016-09-01 13:08:49.183566570+00:00,2016-09-01 13:08:49.187999964+00:00,2016-09-01 13:08:49.191999912+00:00,retain,at least two reduced-time-associated infrasound channels,,,,40,40,2,2,0.008866548538208,"DD2,DD3",2,True,,9.22275317722876,True,128.0,136.0,0.0124335289001464,0.0444333553314209,13.535221354932416,-9.773173940269178,23.308395295201592,0.0319998264312744,-0.0035663843154907,0.0604332685470581,-0.0075664520263671,0.1724333763122558,0.179999828338623,1.4885435284210635,2.977087056842127,noise_threshold,noise_threshold,moderate_impulsive,moderate_impulsive,candidate_event_040.pkl,/Users/glennthompson/Developer/KSCRocketSeismoHydrology/08_fireball_paper/falcon9-seismoacoustic-workflow-1.0.0/data/outputs/070_prepare_event_waveform_products/event_streams/candidate_event_040.pkl,1472735328.6835666,1472735329.7835665,2016-09-01 13:08:49.183566570+00:00,short_impulsive_candidate,False,True,False,analyze_all_final_events,200.3999999999999,359.0,0.8634420999587986,B_probable,0.5868938953886003,1.257078722109418,0.8512206787352987,9,additional_analyzed,93.25643301010132,1.5542738835016887,/Users/glennthompson/Developer/KSCRocketSeismoHydrology/08_fireball_paper/falcon9-seismoacoustic-workflow-1.0.0/data/outputs/070_prepare_event_waveform_products/event_streams/candidate_event_040.pkl,-0.0075664520263671,0.1724333763122558,0.1799998283386229,-0.18,-0.05,250.0,1472735329.18,1472735329.352,44,3,4.44296962938793e-05,3.358795882617034e-05,1.6746440028500875e-05,5.503998364129438e-05,0.07243344497680715,5.503998364129438e-05,5.167832095089883,9.495399462163009e-06,2.9322454976239146e-06,3.830460262552351e-06,1.0650497661019128e-05,-3.557591086025776e-07,4.12211150110326e-07,1.5876173356120278e-06,14.845957806402476,-9.191330791136442,24.037288597538918,2.0225171375313384,11.884838032511587,34.13022183156199,436724.1232154849,269730.41822025774,620098.6914166777,1.0,True,37
48,1472735379.9755669,1472735379.9751334,1472735379.976,0.0008666515350341,2,2,"DD2,DD3","382,383",1472735379.976,1472735379.988,2016-09-01 13:09:39.975566864+00:00,2016-09-01 13:09:39.976000071+00:00,2016-09-01 13:09:39.987999916+00:00,retain,at least two reduced-time-associated infrasound channels,,,,48,48,2,2,0.0008666515350341,"DD2,DD3",2,True,,13.440790729370564,True,141.0,151.0,0.0644330978393554,0.1044332981109619,17.553578302817634,-14.993985095745373,32.54756339856301,0.0400002002716064,0.0444329977035522,0.1244333982467651,0.0004332065582275,0.1244333982467651,0.1240001916885376,1.305992977367015,2.61198595473403,noise_threshold,model,moderate_impulsive,moderate_impulsive,candidate_event_048.pkl,/Users/glennthompson/Developer/KSCRocketSeismoHydrology/08_fireball_paper/falcon9-seismoacoustic-workflow-1.0.0/data/outputs/070_prepare_event_waveform_products/event_streams/candidate_event_048.pkl,1472735379.4755669,1472735380.5755668,2016-09-01 13:09:39.975566864+00:00,short_impulsive_candidate,False,True,True,analyze_all_final_events,200.59999999999988,346.5,0.6737203726126091,C_weak_or_broad,,,,0,core,144.048433303833,2.4008072217305503,/Users/glennthompson/Developer/KSCRocketSeismoHydrology/08_fireball_paper/falcon9-seismoacoustic-workflow-1.0.0/data/outputs/070_prepare_event_waveform_products/event_streams/candidate_event_048.pkl,0.0004332065582275,0.1244333982467651,0.1240001916885376,-0.18,-0.05,250.0,1472735379.976,1472735380.1000001,32,3,5.755200302514308e-05,6.051662180155456e-05,2.942424545453252e-05,8.212005068686946e-05,0.12043320655822809,8.212005068686946e-05,8.300466919939835,6.517495831595265e-06,5.474529668344666e-06,5.042979294448683e-06,9.893425451717203e-06,3.310547819907211e-06,2.4334441575272905e-07,1.318906825546875e-06,16.539895646134454,-13.481340540992546,30.021236187127002,0.9659992400627672,31.07790870019352,42.62674829428427,365577.419108038,201411.17190979878,519078.44597933313,1.0,True,45
54,1472735657.3631334,1472735657.3618932,1472735657.368,0.0061068534851074,3,3,"DD1,DD2,DD3","408,403,404",1472735657.368,1472735657.452,2016-09-01 13:14:17.363133430+00:00,2016-09-01 13:14:17.368000031+00:00,2016-09-01 13:14:17.451999903+00:00,retain,at least two reduced-time-associated infrasound channels,,,,54,54,3,3,0.0061068534851074,"DD1,DD2,DD3",3,True,,68.94310041194008,True,130.0,137.0,0.0208666324615478,0.0488667488098144,135.49331205874785,-132.103837557999,267.59714961674683,0.0280001163482666,0.0068665742874145,0.0628668069839477,0.0008666515350341,0.1208665370941162,0.119999885559082,1.9652918312226368,3.9305836624452737,noise_threshold,noise_threshold,robust_impulsive,robust_impulsive,candidate_event_054.pkl,/Users/glennthompson/Developer/KSCRocketSeismoHydrology/08_fireball_paper/falcon9-seismoacoustic-workflow-1.0.0/data/outputs/070_prepare_event_waveform_products/event_streams/candidate_event_054.pkl,1472735656.8631334,1472735657.963133,2016-09-01 13:14:17.363133430+00:00,short_impulsive_candidate,False,True,True,analyze_all_final_events,200.59999999999988,351.0,0.9458691974327796,A_high_quality,0.1133115447464998,1.314684396244359,0.9423843134495188,9,core,421.4359998703003,7.023933331171672,/Users/glennthompson/Developer/KSCRocketSeismoHydrology/08_fireball_paper/falcon9-seismoacoustic-workflow-1.0.0/data/outputs/070_prepare_event_waveform_products/event_streams/candidate_event_054.pkl,0.0008666515350341,0.1208665370941162,0.1199998855590821,-0.18,-0.05,250.0,1472735657.364,1472735657.48,30,3,0.00037075330226088324,0.00037493094438572304,0.00017511683633887693,0.000505273863340603,0.0808666515350347,0.000505273863340603,37.61706274081191,3.259604382459398e-06,1.1749485132120215e-05,5.6342041949879385e-06,1.3432039253623485e-05,-4.062037219191809e-06,1.8976513556859615e-06,2.2545167239489496e-06,136.38319856214017,-132.2598803409004,268.64307890304053,1.0915851493160384,246.10364026238904,381.44268390625996,531678.1618722862,269919.3614734923,754922.6500345042,1.0,True,51
56,1472735670.4951334,1472735670.494903,1472735670.499,0.0040967464447021,3,3,"DD1,DD2,DD3","418,413,414",1472735670.499,1472735670.58501,2016-09-01 13:14:30.495133400+00:00,2016-09-01 13:14:30.499000072+00:00,2016-09-01 13:14:30.585010052+00:00,retain,at least two reduced-time-associated infrasound channels,,,,56,56,3,3,0.0040969848632812,"DD1,DD2,DD3",3,True,,34.798438095953294,True,130.0,154.0,0.0208666324615478,0.1168665885925293,104.53010292489137,-54.81603978003661,159.34614270492796,0.0959999561309814,-0.0271333456039428,0.16486656665802,0.0008666515350341,0.1888666152954101,0.1879999637603759,3.0038734105438816,6.007746821087763,noise_threshold,noise_threshold,robust_impulsive,robust_impulsive,candidate_event_056.pkl,/Users/glennthompson/Developer/KSCRocketSeismoHydrology/08_fireball_paper/falcon9-seismoacoustic-workflow-1.0.0/data/outputs/070_prepare_event_waveform_products/event_streams/candidate_event_056.pkl,1472735669.9951334,1472735671.0951333,2016-09-01 13:14:30.495133400+00:00,short_impulsive_candidate,False,True,True,analyze_all_final_events,201.4999999999999,352.5,0.9916705810327566,A_high_quality,0.2078698548207627,0.7453559924999299,0.9909285619592788,9,core,434.5679998397827,7.242799997329712,/Users/glennthompson/Developer/KSCRocketSeismoHydrology/08_fireball_paper/falcon9-seismoacoustic-workflow-1.0.0/data/outputs/070_prepare_event_waveform_products/event_streams/candidate_event_056.pkl,0.0008666515350341,0.1888666152954101,0.187999963760376,-0.18,-0.05,250.0,1472735670.496,1472735670.68,47,3,0.0003512352349638217,0.0003495148364251258,0.00018536981058599555,0.0004895459338939787,0.09686665153503471,0.0004895459338939787,25.396919825407068,5.1257615379721345e-06,1.5911113577088256e-05,9.597889292935382e-06,1.9275799477235706e-05,1.8903141494284002e-06,-1.0893034573037115e-05,-6.42763042982107e-06,104.79033770444991,-54.88761291457568,159.67795061902558,2.2176291887552364,72.00390012392171,226.72456812764364,326175.624315587,214056.19054154868,463132.36905925465,1.0,True,53
57,1472735746.158893,1472735746.1551335,1472735746.16,0.004866600036621,3,3,"DD1,DD2,DD3","426,421,422",1472735746.16,1472735746.249,2016-09-01 13:15:46.158893347+00:00,2016-09-01 13:15:46.160000086+00:00,2016-09-01 13:15:46.249000072+00:00,retain,at least two reduced-time-associated infrasound channels,,,,57,57,3,3,0.004866600036621,"DD1,DD2,DD3",3,True,,63.55907970341736,True,129.0,137.0,0.0171070098876953,0.0491070747375488,83.34058483462773,-44.91807995038229,128.25866478501,0.0320000648498535,0.0011069774627685,0.0651071071624755,-0.0108931064605712,0.1331069469451904,0.1440000534057617,1.3112302006812535,2.622460401362507,noise_threshold,noise_threshold,robust_impulsive,robust_impulsive,candidate_event_057.pkl,/Users/glennthompson/Developer/KSCRocketSeismoHydrology/08_fireball_paper/falcon9-seismoacoustic-workflow-1.0.0/data/outputs/070_prepare_event_waveform_products/event_streams/candidate_event_057.pkl,1472735745.658893,1472735746.758893,2016-09-01 13:15:46.158893108+00:00,short_impulsive_candidate,False,True,True,analyze_all_final_events,200.4999999999999,354.0,0.970887739468638,A_high_quality,0.3177855476905395,0.437444881889545,0.9625714607586392,9,core,510.23175954818726,8.503862659136454,/Users/glennthompson/Developer/KSCRocketSeismoHydrology/08_fireball_paper/falcon9-seismoacoustic-workflow-1.0.0/data/outputs/070_prepare_event_waveform_products/event_streams/candidate_event_057.pkl,-0.0108931064605712,0.1331069469451904,0.1440000534057616,-0.18,-0.05,250.0,1472735746.148,1472735746.288,36,3,0.00017994158766453385,0.00021717327919708933,8.858362797844738e-05,0.00026483311733117366,0.08110697746276907,0.00026483311733117366,31.647994490042475,4.05971817609371e-06,6.4022587433862305e-06,3.5432503199584473e-06,8.368085295720684e-06,1.1275212495117217e-06,-2.471888320151133e-06,2.227735989334869e-06,83.48649586610556,-45.275875778413095,128.76237164451865,1.9207899806214108,67.03615332419719,182.82795457368695,486201.92573386274,315241.90292902733,690351.5557877178,1.0,True,54
62,1472735953.066893,1472735953.0631337,1472735953.069,0.005866527557373,3,3,"DD1,DD2,DD3","445,440,441",1472735953.069,1472735953.157,2016-09-01 13:19:13.066893338+00:00,2016-09-01 13:19:13.069000006+00:00,2016-09-01 13:19:13.157000065+00:00,retain,at least two reduced-time-associated infrasound channels,,,,62,62,3,3,0.0058662891387939,"DD1,DD2,DD3",3,True,,24.42089831132647,True,130.0,142.0,0.0211069583892822,0.0691070556640625,47.970967832950755,-13.92325106812897,61.894218901079725,0.0480000972747802,-0.0028930902481079,0.0931071043014526,-0.0028929710388183,0.093106985092163,0.0959999561309814,1.964340837155106,3.928681674310212,noise_threshold,noise_threshold,robust_impulsive,robust_impulsive,candidate_event_062.pkl,/Users/glennthompson/Developer/KSCRocketSeismoHydrology/08_fireball_paper/falcon9-seismoacoustic-workflow-1.0.0/data/outputs/070_prepare_event_waveform_products/event_streams/candidate_event_062.pkl,1472735952.566893,1472735953.666893,2016-09-01 13:19:13.066893101+00:00,short_impulsive_candidate,False,True,True,analyze_all_final_events,200.59999999999988,358.0,0.9355222332015026,A_high_quality,0.2819683897877511,1.1785113019775793,0.923076646909098,9,core,717.1397595405579,11.952329325675965,/Users/glennthompson/Developer/KSCRocketSeismoHydrology/08_fireball_paper/falcon9-seismoacoustic-workflow-1.0.0/data/outputs/070_prepare_event_waveform_products/event_streams/candidate_event_062.pkl,-0.0028929710388183,0.093106985092163,0.0959999561309813,-0.18,-0.05,250.0,1472735953.068,1472735953.16,24,3,8.438082740860501e-05,0.00010914583496847995,5.290297186632416e-05,0.00013620572730392593,0.08110697746276907,0.00013620572730392593,17.93534263493985,2.429391672297226e-06,4.41657842236768e-06,5.68020573441222e-06,7.594264022510698e-06,-2.5579122869326396e-07,-3.3776106039193586e-06,9.130150229532403e-07,47.97096783295037,-13.923251068128891,61.89421890107926,1.6410720258366065,37.715723579850824,87.88276650309797,454417.1535677799,352194.93910053576,645220.7865459184,1.0,True,59
65,1472735954.5211334,1472735954.5188932,1472735954.523,0.0041067600250244,3,3,"DD1,DD2,DD3","456,451,452",1472735954.523,1472735954.609,2016-09-01 13:19:14.521133423+00:00,2016-09-01 13:19:14.523000001+00:00,2016-09-01 13:19:14.608999968+00:00,retain,at least two reduced-time-associated infrasound channels,,,,65,65,3,3,0.0041067600250244,"DD1,DD2,DD3",3,True,,30.11579108778829,True,129.0,146.0,0.0180001258850097,0.0860002040863037,70.66831259684791,-20.845844015163735,91.51415661201165,0.0680000782012939,-0.0159999132156372,0.1200002431869506,0.002000093460083,0.1140000820159912,0.1119999885559082,2.3465534207900434,4.693106841580087,noise_threshold,noise_threshold,robust_impulsive,robust_impulsive,candidate_event_065.pkl,/Users/glennthompson/Developer/KSCRocketSeismoHydrology/08_fireball_paper/falcon9-seismoacoustic-workflow-1.0.0/data/outputs/070_prepare_event_waveform_products/event_streams/candidate_event_065.pkl,1472735954.0211334,1472735955.121133,2016-09-01 13:19:14.521133423+00:00,short_impulsive_candidate,False,True,True,analyze_all_final_events,199.59999999999988,344.0,0.933233762085694,A_high_quality,0.2739739556874944,1.257078722109418,0.9258243888873868,9,core,718.5939998626709,11.976566664377849,/Users/glennthompson/Developer/KSCRocketSeismoHydrology/08_fireball_paper/falcon9-seismoacoustic-workflow-1.0.0/data/outputs/070_prepare_event_waveform_products/event_streams/candidate_event_065.pkl,0.002000093460083,0.1140000820159912,0.1119999885559082,-0.18,-0.05,250.0,1472735954.524,1472735954.632,28,3,0.00013486955390017377,0.00016279914370914106,8.616970877567473e-05,0.0002167209596265548,0.11086655807495172,0.0002167209596265548,6.899746889457398,1.5600218448244007e-05,2.5064696563695554e-05,1.0722940340974236e-05,3.1409986931215955e-05,1.6193593195696356e-06,4.089011434369301e-06,2.042440679346554e-08,69.87160912458378,-20.25579957063086,90.12740869521464,1.75184175703461,51.447231653945586,127.97069184360797,415868.4459985721,322403.56098913477,590485.9966665066,1.0,True,62
70,1472735962.6218932,1472735962.6191337,1472735962.624,0.004866600036621,3,3,"DD1,DD2,DD3","475,471,472",1472735962.624,1472735962.712,2016-09-01 13:19:22.621893167+00:00,2016-09-01 13:19:22.624000072+00:00,2016-09-01 13:19:22.711999893+00:00,retain,at least two reduced-time-associated infrasound channels,,,,70,70,3,3,0.0048663616180419,"DD1,DD2,DD3",3,True,,24.32548733897119,True,175.0,186.0,0.2012403011322021,0.2452402114868164,39.758673773515795,-11.363929554226289,51.12260332774208,0.0439999103546142,0.179240345954895,0.2672401666641235,0.1852402687072754,0.2932403087615967,0.1080000400543212,1.6344451076965485,3.268890215393097,noise_threshold,noise_threshold,robust_impulsive,robust_impulsive,candidate_event_070.pkl,/Users/glennthompson/Developer/KSCRocketSeismoHydrology/08_fireball_paper/falcon9-seismoacoustic-workflow-1.0.0/data/outputs/070_prepare_event_waveform_products/event_streams/candidate_event_070.pkl,1472735962.1218932,1472735963.221893,2016-09-01 13:19:22.621893167+00:00,short_impulsive_candidate,False,True,True,analyze_all_final_events,200.59999999999988,353.5,0.9457794047156636,A_high_quality,0.2845832994414438,1.1083298524033336,0.9394352948076514,9,core,726.6947596073151,12.111579326788585,/Users/glennthompson/Developer/KSCRocketSeismoHydrology/08_fireball_paper/falcon9-seismoacoustic-workflow-1.0.0/data/outputs/070_prepare_event_waveform_products/event_streams/candidate_event_070.pkl,0.1852402687072754,0.2932403087615967,0.10800004005432129,-0.18,-0.05,250.0,1472735962.8079998,1472735962.912,27,3,0.00011727187369756498,6.608031287867209e-05,5.096448447018834e-05,0.00012036720087842176,0.2781067180633552,0.00013322332547726213,8.246519333274646,5.7813559613004655e-06,1.2628694578986051e-05,4.487623983135911e-06,1.4596121832000194e-05,9.199102237821303e-07,6.6761429231736785e-06,4.292044950344164e-06,40.004437862838536,-11.097941308106423,51.10237917094496,1.2609391725301742,40.527235797111445,72.55957884549089,424554.0213447473,332353.31195618206,602818.5279375276,0.903499446866498,True,67
73,1472735965.036,1472735965.0311334,1472735965.0378933,0.0067598819732666,3,3,"DD1,DD2,DD3","487,482,483",1472735965.036,1472735965.128,2016-09-01 13:19:25.036000013+00:00,2016-09-01 13:19:25.036000013+00:00,2016-09-01 13:19:25.128000020+00:00,retain,at least two reduced-time-associated infrasound channels,,,,73,73,3,3,0.0067598819732666,"DD1,DD2,DD3",3,True,,35.30124132705147,True,129.0,134.0,0.0178933143615722,0.0378932952880859,54.043572047384345,-13.941047117646516,67.98461916503086,0.0199999809265136,0.0078933238983154,0.0478932857513427,-0.0021066665649414,0.1218931674957275,0.1239998340606689,1.5309255430054964,3.061851086010993,noise_threshold,noise_threshold,robust_impulsive,robust_impulsive,candidate_event_073.pkl,/Users/glennthompson/Developer/KSCRocketSeismoHydrology/08_fireball_paper/falcon9-seismoacoustic-workflow-1.0.0/data/outputs/070_prepare_event_waveform_products/event_streams/candidate_event_073.pkl,1472735964.536,1472735965.636,2016-09-01 13:19:25.036000013+00:00,short_impulsive_candidate,False,True,True,analyze_all_final_events,199.9999999999999,354.0,0.9751965948637982,A_high_quality,0.0816496580927679,0.6573421981221795,0.9738926945163098,9,core,729.1088664531708,12.151814440886179,/Users/glennthompson/Developer/KSCRocketSeismoHydrology/08_fireball_paper/falcon9-seismoacoustic-workflow-1.0.0/data/outputs/070_prepare_event_waveform_products/event_streams/candidate_event_073.pkl,-0.0021066665649414,0.1218931674957275,0.1239998340606689,-0.18,-0.05,250.0,1472735965.036,1472735965.156,31,3,0.00010483916668597096,0.00014840684194787114,7.594839427353662e-05,0.00017654528708686273,0.07600000000000051,0.00017654528708686273,15.208136075052682,5.143899745657477e-06,8.033775440027471e-06,6.615022499922035e-06,1.1608607801482416e-05,1.1612258134529748e-05,4.108277426373328e-06,2.621340141426713e-06,55.18588146605542,-14.783041660716895,69.96892312677231,1.515435202745308,46.17084452045137,99.34793011041812,396322.8035214932,312587.67864419514,562733.4025718713,1.0,True,69
74,1472735966.8391335,1472735966.8378932,1472735966.844,0.0061068534851074,3,3,"DD1,DD2,DD3","492,488,489",1472735966.844,1472735966.928,2016-09-01 13:19:26.839133501+00:00,2016-09-01 13:19:26.844000101+00:00,2016-09-01 13:19:26.927999973+00:00,retain,at least two reduced-time-associated infrasound channels,,,,74,74,3,3,0.0061068534851074,"DD1,DD2,DD3",3,True,,32.95766290557022,True,130.0,139.0,0.0208663940429687,0.0568664073944091,48.84874712413691,-15.967586240710972,64.81633336484788,0.0360000133514404,0.0028663873672485,0.0748664140701294,0.000866413116455,0.1168663501739502,0.1159999370574951,1.4821665985266486,2.964333197053297,noise_threshold,noise_threshold,robust_impulsive,robust_impulsive,candidate_event_074.pkl,/Users/glennthompson/Developer/KSCRocketSeismoHydrology/08_fireball_paper/falcon9-seismoacoustic-workflow-1.0.0/data/outputs/070_prepare_event_waveform_products/event_streams/candidate_event_074.pkl,1472735966.3391335,1472735967.4391334,2016-09-01 13:19:26.839133501+00:00,short_impulsive_candidate,False,True,True,analyze_all_final_events,200.4999999999999,350.0,0.9819353774005672,A_high_quality,0.1617802197617801,0.6236095644623235,0.9799444455480132,9,core,730.9119999408722,12.181866665681204,/Users/glennthompson/Developer/KSCRocketSeismoHydrology/08_fireball_paper/falcon9-seismoacoustic-workflow-1.0.0/data/outputs/070_prepare_event_waveform_products/event_streams/candidate_event_074.pkl,0.000866413116455,0.1168663501739502,0.1159999370574952,-0.18,-0.05,250.0,1472735966.84,1472735966.952,29,3,0.00012726941331804757,0.00011899675908037889,6.272448164830507e-05,0.00017686856798068153,0.07686641311645559,0.00017686856798068153,9.288652444753515,8.457778842111319e-06,1.116468879847446e-05,1.2899188443032278e-05,1.9041359231885323e-05,-3.066947477827088e-06,3.3448341638624283e-06,-1.2413738335790281e-05,48.91221249856273,-15.979281965479302,64.89149446404204,0.8717408176309076,74.43897675962317,92.13855764356434,366891.0491271112,276545.53353937465,520943.65152336267,1.0,True,70
75,1472735969.365,1472735969.3641336,1472735969.3659034,0.0017697811126708,3,3,"DD1,DD2,DD3","498,493,494",1472735969.365,1472735969.45601,2016-09-01 13:19:29.365000010+00:00,2016-09-01 13:19:29.365000010+00:00,2016-09-01 13:19:29.456010103+00:00,retain,at least two reduced-time-associated infrasound channels,,,,75,75,3,3,0.0017697811126708,"DD1,DD2,DD3",3,True,,65.43015188783795,True,129.0,148.0,0.0168933868408203,0.092893362045288,56.04719493844181,-28.400819806508867,84.44801474495068,0.0759999752044677,-0.0211066007614135,0.1308933496475219,-0.0311067104339599,0.1848933696746826,0.2160000801086425,0.856595825033684,1.713191650067368,noise_threshold,noise_threshold,robust_impulsive,robust_impulsive,candidate_event_075.pkl,/Users/glennthompson/Developer/KSCRocketSeismoHydrology/08_fireball_paper/falcon9-seismoacoustic-workflow-1.0.0/data/outputs/070_prepare_event_waveform_products/event_streams/candidate_event_075.pkl,1472735968.865,1472735969.965,2016-09-01 13:19:29.365000010+00:00,short_impulsive_candidate,False,True,True,analyze_all_final_events,200.2999999999999,350.0,0.985362961839274,A_high_quality,0.1165343164633435,0.8534606386520677,0.9805200367440736,9,core,733.4378664493561,12.223964440822602,/Users/glennthompson/Developer/KSCRocketSeismoHydrology/08_fireball_paper/falcon9-seismoacoustic-workflow-1.0.0/data/outputs/070_prepare_event_waveform_products/event_streams/candidate_event_075.pkl,-0.0311067104339599,0.1848933696746826,0.2160000801086425,-0.18,-0.05,250.0,1472735969.336,1472735969.548,54,3,0.00012828984898245147,0.00013538322434975683,8.666079552052605e-05,0.00017463253248182966,0.07500007247924856,0.00017463253248182966,8.162401353765418,1.2093939796010218e-05,1.6376980456724767e-05,6.577722899637878e-06,2.1394749524448402e-05,-1.2426414160804142e-05,-7.128285574323572e-06,1.7840429333195036e-06,56.73405867772786,-29.045880919914275,85.77993959764214,1.079757882548708,79.4436799064281,121.79777911662086,491202.5175295872,324876.8019992551,697451.8286235917,1.0,True,71
78,1472735982.4041336,1472735982.3988934,1472735982.408,0.0091066360473632,3,3,"DD1,DD2,DD3","511,506,507",1472735982.408,1472735982.489,2016-09-01 13:19:42.404133558+00:00,2016-09-01 13:19:42.407999992+00:00,2016-09-01 13:19:42.489000082+00:00,retain,at least two reduced-time-associated infrasound channels,,,,78,78,3,3,0.0091066360473632,"DD1,DD2,DD3",3,True,,18.33500922576791,True,131.0,142.0,0.0257596969604492,0.0697598457336425,26.29616207565343,-14.810957123723377,41.10711919937681,0.0440001487731933,0.0037596225738525,0.0917599201202392,-0.0022401809692382,0.1257598400115966,0.1280000209808349,1.4342050092179377,2.868410018435875,noise_threshold,noise_threshold,robust_impulsive,robust_impulsive,candidate_event_078.pkl,/Users/glennthompson/Developer/KSCRocketSeismoHydrology/08_fireball_paper/falcon9-seismoacoustic-workflow-1.0.0/data/outputs/070_prepare_event_waveform_products/event_streams/candidate_event_078.pkl,1472735981.9041336,1472735983.0041337,2016-09-01 13:19:42.404133558+00:00,short_impulsive_candidate,False,True,True,analyze_all_final_events,199.29999999999987,352.5,0.9703905894450916,A_high_quality,0.3235604395235602,1.914854215512676,0.9696152800687342,9,core,746.4769999980927,12.441283333301545,/Users/glennthompson/Developer/KSCRocketSeismoHydrology/08_fireball_paper/falcon9-seismoacoustic-workflow-1.0.0/data/outputs/070_prepare_event_waveform_products/event_streams/candidate_event_078.pkl,-0.0022401809692382,0.1257598400115966,0.1280000209808348,-0.18,-0.05,250.0,1472735982.404,1472735982.528,32,3,3.57816350851492e-05,4.20875167945771e-05,2.361100414791413e-05,5.470817627261354e-05,0.05586648559570362,5.556861530028751e-05,7.152098660524531,2.084893195644536e-06,7.109485737106987e-06,1.9024793464081844e-06,7.649247985709593e-06,5.992113003267802e-07,2.424831944888794e-06,1.5941864561790074e-06,26.6321080672811,-14.939316977160786,41.57142504444188,1.2822265297053972,32.421279767151034,59.02670564791666,759875.906615666,486803.0682392334,1078937.549549882,0.9845157374711564,True,74
80,1472735995.4231336,1472735995.4218934,1472735995.424,0.0021066665649414,3,3,"DD1,DD2,DD3","521,516,517",1472735995.424,1472735995.512,2016-09-01 13:19:55.423133612+00:00,2016-09-01 13:19:55.424000025+00:00,2016-09-01 13:19:55.512000083+00:00,retain,at least two reduced-time-associated infrasound channels,,,,80,80,3,3,0.0021066665649414,"DD1,DD2,DD3",3,True,,20.657251360692054,True,129.0,140.0,0.0168664455413818,0.060866355895996,29.419863693959805,-14.676929768473052,44.096793462432856,0.0439999103546142,-0.0051335096359252,0.0828663110733032,0.000866413116455,0.1408665180206298,0.1400001049041748,1.4241906234409198,2.8483812468818397,noise_threshold,noise_threshold,robust_impulsive,robust_impulsive,candidate_event_080.pkl,/Users/glennthompson/Developer/KSCRocketSeismoHydrology/08_fireball_paper/falcon9-seismoacoustic-workflow-1.0.0/data/outputs/070_prepare_event_waveform_products/event_streams/candidate_event_080.pkl,1472735994.9231336,1472735996.0231335,2016-09-01 13:19:55.423133612+00:00,short_impulsive_candidate,False,True,True,analyze_all_final_events,200.89999999999984,357.5,0.8878393477612052,B_probable,0.3046957600178068,2.0742394113993856,0.8755312788357357,9,core,759.4960000514984,12.658266667524973,/Users/glennthompson/Developer/KSCRocketSeismoHydrology/08_fireball_paper/falcon9-seismoacoustic-workflow-1.0.0/data/outputs/070_prepare_event_waveform_products/event_streams/candidate_event_080.pkl,0.000866413116455,0.1408665180206298,0.1400001049041748,-0.18,-0.05,250.0,1472735995.424,1472735995.5640001,36,3,5.030616753312473e-05,5.949787462263422e-05,2.966628279573872e-05,7.633503087786051e-05,0.07686641311645559,7.633503087786051e-05,18.698612617144523,2.226387495680125e-06,2.4773242884447554e-06,2.3605024783398364e-06,4.082390091758459e-06,5.17670794721525e-07,1.0442254956049987e-06,9.018900271926751e-07,29.430528052027665,-14.881102820617594,44.31163087264526,0.8927698495802916,49.633879205796454,62.91748693970911,580488.8052452074,385544.1952871918,824228.2241344727,1.0,True,76
83,1472736003.938,1472736003.9361334,1472736003.9388933,0.0027599334716796,3,3,"DD1,DD2,DD3","531,526,527",1472736003.938,1472736004.029,2016-09-01 13:20:03.937999964+00:00,2016-09-01 13:20:03.937999964+00:00,2016-09-01 13:20:04.029000044+00:00,retain,at least two reduced-time-associated infrasound channels,,,,83,83,3,3,0.0027599334716796,"DD1,DD2,DD3",3,True,,37.80642458808327,True,128.0,134.0,0.0140001773834228,0.0380001068115234,41.59669427650013,-34.36481295130986,75.96150722780999,0.0239999294281005,0.0020002126693725,0.0500000715255737,-0.0019998550415039,0.0860002040863037,0.0880000591278076,1.1002546453337874,2.2005092906675747,noise_threshold,noise_threshold,robust_impulsive,robust_impulsive,candidate_event_083.pkl,/Users/glennthompson/Developer/KSCRocketSeismoHydrology/08_fireball_paper/falcon9-seismoacoustic-workflow-1.0.0/data/outputs/070_prepare_event_waveform_products/event_streams/candidate_event_083.pkl,1472736003.438,1472736004.538,2016-09-01 13:20:03.937999964+00:00,short_impulsive_candidate,False,True,True,analyze_all_final_events,200.2999999999999,348.5,0.9724951854097268,A_high_quality,0.0628539361054673,0.3685138655950444,0.9626991735710244,9,core,768.0108664035797,12.80018110672633,/Users/glennthompson/Developer/KSCRocketSeismoHydrology/08_fireball_paper/falcon9-seismoacoustic-workflow-1.0.0/data/outputs/070_prepare_event_waveform_products/event_streams/candidate_event_083.pkl,-0.0019998550415039,0.0860002040863037,0.0880000591278076,-0.18,-0.05,250.0,1472736003.94,1472736004.0240002,22,3,0.00012607963260804925,0.00016634761411349667,6.762925535320521e-05,0.0001955869755512109,0.07400009346008352,0.0001977148166193703,30.71268320860899,4.03945213484974e-06,3.982586162450197e-06,2.894275027607359e-06,6.36828030370158e-06,9.260880097281066e-07,-3.016027464698013e-07,1.0403784458852708e-06,41.73233304856632,-34.37640168017851,76.10873472874482,1.1081094560192484,68.68340876916294,108.0657657818164,389129.87183452374,213369.6936156133,552520.2558977213,0.9892378269644009,True,79
91,1472736026.3125668,1472736026.3121336,1472736026.313,0.000866413116455,2,2,"DD2,DD3","548,549",1472736026.313,1472736026.325,2016-09-01 13:20:26.312566757+00:00,2016-09-01 13:20:26.312999964+00:00,2016-09-01 13:20:26.325000048+00:00,retain,at least two reduced-time-associated infrasound channels,,,,91,91,2,2,0.000866413116455,"DD2,DD3",2,True,,26.52219228748976,True,130.0,138.0,0.0213265419006347,0.0533266067504882,25.08556000049227,-8.743943417254105,33.82950341774637,0.0320000648498535,0.005326509475708,0.069326639175415,-0.0386734008789062,0.1653265953063964,0.2039999961853027,0.9458328228894132,1.8916656457788263,noise_threshold,noise_threshold,moderate_impulsive,moderate_impulsive,candidate_event_091.pkl,/Users/glennthompson/Developer/KSCRocketSeismoHydrology/08_fireball_paper/falcon9-seismoacoustic-workflow-1.0.0/data/outputs/070_prepare_event_waveform_products/event_streams/candidate_event_091.pkl,1472736025.8125668,1472736026.912567,2016-09-01 13:20:26.312566757+00:00,short_impulsive_candidate,False,True,True,analyze_all_final_events,200.59999999999988,350.0,0.9241539979359872,A_high_quality,0.1949992086087027,1.7391639824998364,0.900452761054374,9,core,790.3854331970215,13.173090553283691,/Users/glennthompson/Developer/KSCRocketSeismoHydrology/08_fireball_paper/falcon9-seismoacoustic-workflow-1.0.0/data/outputs/070_prepare_event_waveform_products/event_streams/candidate_event_091.pkl,-0.0386734008789062,0.1653265953063964,0.2039999961853026,-0.18,-0.05,250.0,1472736026.276,1472736026.476,51,3,5.544496012667382e-05,6.361758658449191e-05,2.4721198812171593e-05,7.911608278271443e-05,0.0794332790374761,7.911608278271443e-05,9.508865643842261,5.272243549379112e-06,4.147155579670771e-06,4.922500338582786e-06,8.320244048662979e-06,-5.503800178536067e-07,-1.0690789387580302e-06,1.8757825807274347e-06,26.856051629046785,-7.796850762990624,34.65290239203741,1.1971150805404154,28.94701015410649,49.20318866033813,438000.73478370573,339451.2301980956,621911.3349616978,1.0,True,87
93,1472736033.8025668,1472736033.7961335,1472736033.809,0.0128664970397949,2,2,"DD2,DD3","555,556",1472736033.809,1472736033.809,2016-09-01 13:20:33.802566767+00:00,2016-09-01 13:20:33.809000015+00:00,2016-09-01 13:20:33.809000015+00:00,retain,at least two reduced-time-associated infrasound channels,,,,93,93,2,2,0.0128664970397949,"DD2,DD3",2,True,,11.137779563105118,True,131.0,142.0,0.02543306350708,0.0694332122802734,10.166775191968949,-6.693767048862235,16.860542240831183,0.0440001487731933,0.0034329891204833,0.0914332866668701,-0.0185668468475341,0.0894331932067871,0.1080000400543212,0.9128188553531166,1.8256377107062332,noise_threshold,noise_threshold,moderate_impulsive,moderate_impulsive,candidate_event_093.pkl,/Users/glennthompson/Developer/KSCRocketSeismoHydrology/08_fireball_paper/falcon9-seismoacoustic-workflow-1.0.0/data/outputs/070_prepare_event_waveform_products/event_streams/candidate_event_093.pkl,1472736033.3025668,1472736034.402567,2016-09-01 13:20:33.802566767+00:00,short_impulsive_candidate,False,True,False,analyze_all_final_events,198.69999999999987,375.0,0.6685943258611455,C_weak_or_broad,,,,0,additional_analyzed,797.8754332065582,13.29792388677597,/Users/glennthompson/Developer/KSCRocketSeismoHydrology/08_fireball_paper/falcon9-seismoacoustic-workflow-1.0.0/data/outputs/070_prepare_event_waveform_products/event_streams/candidate_event_093.pkl,-0.0185668468475341,0.0894331932067871,0.10800004005432119,-0.18,-0.05,250.0,1472736033.7879999,1472736033.892,27,3,2.1684187609970414e-05,2.806199894284003e-05,1.2250960215795576e-05,3.202058332798694e-05,0.07743313407898,3.534368599335557e-05,6.871465771518329,2.228535230569819e-06,2.985425396598383e-06,2.7992605137187886e-06,4.659934924031737e-06,-5.370519216441955e-07,4.7575665327929466e-07,8.984844521265697e-07,9.641231929138224,-8.28541910138991,17.926651030528134,0.7336710557927998,24.434180534976566,25.45380997886627,559847.7344058785,301094.8248625908,794920.2460849264,0.9059774731477257,True,89
94,1472736039.8355668,1472736039.8311336,1472736039.84,0.0088663101196289,2,2,"DD2,DD3","558,559",1472736039.84,1472736039.844,2016-09-01 13:20:39.835566759+00:00,2016-09-01 13:20:39.839999914+00:00,2016-09-01 13:20:39.844000101+00:00,retain,at least two reduced-time-associated infrasound channels,,,,94,94,2,2,0.0088663101196289,"DD2,DD3",2,True,,8.886772845017727,True,129.0,135.0,0.0164332389831542,0.0404331684112548,11.498555181807848,-10.690715898567518,22.189271080375367,0.0239999294281005,0.004433274269104,0.0524331331253051,0.0044331550598144,0.0844333171844482,0.0800001621246337,1.2938954761575108,2.5877909523150215,noise_threshold,noise_threshold,moderate_impulsive,moderate_impulsive,candidate_event_094.pkl,/Users/glennthompson/Developer/KSCRocketSeismoHydrology/08_fireball_paper/falcon9-seismoacoustic-workflow-1.0.0/data/outputs/070_prepare_event_waveform_products/event_streams/candidate_event_094.pkl,1472736039.3355668,1472736040.435567,2016-09-01 13:20:39.835566759+00:00,short_impulsive_candidate,False,True,False,analyze_all_final_events,200.4999999999999,331.0,0.8027615360951499,B_probable,0.1594744454934056,2.9668955384041533,0.7789320591456882,9,additional_analyzed,803.9084331989288,13.398473886648814,/Users/glennthompson/Developer/KSCRocketSeismoHydrology/08_fireball_paper/falcon9-seismoacoustic-workflow-1.0.0/data/outputs/070_prepare_event_waveform_products/event_streams/candidate_event_094.pkl,0.0044331550598144,0.0844333171844482,0.0800001621246338,-0.18,-0.05,250.0,1472736039.84,1472736039.92,21,3,3.382117184018305e-05,3.537373265706895e-05,1.6117212252189893e-05,4.611626220648472e-05,0.08043320655822805,5.2883464683927935e-05,8.203737767717996,2.5604420427139835e-06,4.610337620272542e-06,1.9464704765374436e-06,5.621372051646248e-06,-9.84067100704056e-07,2.1271063776768163e-06,-9.450117012257246e-09,11.173158347340808,-9.93433060419676,21.10748895153757,0.9366682560636785,22.534647475127624,29.970238835380968,457701.64236271306,242282.3926473745,649884.3878801316,0.8720355688136321,True,90
95,1472736040.7351334,1472736040.7338932,1472736040.736,0.0021069049835205,3,3,"DD1,DD2,DD3","564,561,562",1472736040.736,1472736040.824,2016-09-01 13:20:40.735133410+00:00,2016-09-01 13:20:40.736000061+00:00,2016-09-01 13:20:40.823999882+00:00,retain,at least two reduced-time-associated infrasound channels,,,,95,95,3,3,0.0021069049835205,"DD1,DD2,DD3",3,True,,20.819792469483502,True,129.0,142.0,0.0168666839599609,0.0688667297363281,35.08523411699891,-14.46740711455088,49.55264123154979,0.0520000457763671,-0.0091333389282226,0.0948667526245117,0.0008666515350341,0.0968666076660156,0.0959999561309814,1.685186543930488,3.370373087860976,noise_threshold,noise_threshold,robust_impulsive,robust_impulsive,candidate_event_095.pkl,/Users/glennthompson/Developer/KSCRocketSeismoHydrology/08_fireball_paper/falcon9-seismoacoustic-workflow-1.0.0/data/outputs/070_prepare_event_waveform_products/event_streams/candidate_event_095.pkl,1472736040.2351334,1472736041.3351333,2016-09-01 13:20:40.735133410+00:00,short_impulsive_candidate,False,True,True,analyze_all_final_events,200.4999999999999,345.5,0.966926349279742,A_high_quality,0.1247219128924576,2.3465235646603193,0.9623372710561784,9,core,804.8079998493195,13.413466664155324,/Users/glennthompson/Developer/KSCRocketSeismoHydrology/08_fireball_paper/falcon9-seismoacoustic-workflow-1.0.0/data/outputs/070_prepare_event_waveform_products/event_streams/candidate_event_095.pkl,0.0008666515350341,0.0968666076660156,0.0959999561309815,-0.18,-0.05,250.0,1472736040.736,1472736040.828,24,3,7.082049407694932e-05,9.035781929614718e-05,3.841245587724178e-05,0.0001097996960419817,0.07686665153503469,0.0001097996960419817,8.109375569076086,7.004493176352666e-06,1.013560468560273e-05,5.615516150499589e-06,1.3539845960604751e-05,2.1120301776205308e-06,1.5271963854481167e-06,-9.357772757597342e-07,35.085234116998976,-14.46740711455107,49.55264123155005,1.4296087243566802,34.661680771323354,70.35912685034566,451300.3497988163,319538.5359134711,640795.2789181127,1.0,True,91
96,1472736054.0225668,1472736054.0131335,1472736054.032,0.0188665390014648,2,2,"DD2,DD3","567,566",1472736054.026,1472736054.032,2016-09-01 13:20:54.022566795+00:00,2016-09-01 13:20:54.026000023+00:00,2016-09-01 13:20:54.032000065+00:00,retain,at least two reduced-time-associated infrasound channels,,,,96,96,2,2,0.0188665390014648,"DD2,DD3",2,True,,15.290978228345809,True,132.0,137.0,0.029433250427246,0.0494332313537597,8.11262099137422,-16.102146013727086,24.214767005101308,0.0199999809265136,0.0194332599639892,0.0594332218170166,-0.0025668144226074,0.1414332389831543,0.1440000534057617,1.0530487829665187,2.1060975659330374,noise_threshold,noise_threshold,moderate_impulsive,moderate_impulsive,candidate_event_096.pkl,/Users/glennthompson/Developer/KSCRocketSeismoHydrology/08_fireball_paper/falcon9-seismoacoustic-workflow-1.0.0/data/outputs/070_prepare_event_waveform_products/event_streams/candidate_event_096.pkl,1472736053.5225668,1472736054.6225667,2016-09-01 13:20:54.022566795+00:00,short_impulsive_candidate,False,True,False,analyze_all_final_events,196.7999999999999,353.5,0.6387900184807831,C_weak_or_broad,,,,0,additional_analyzed,818.0954332351685,13.634923887252807,/Users/glennthompson/Developer/KSCRocketSeismoHydrology/08_fireball_paper/falcon9-seismoacoustic-workflow-1.0.0/data/outputs/070_prepare_event_waveform_products/event_streams/candidate_event_096.pkl,-0.0025668144226074,0.1414332389831543,0.1440000534057617,-0.18,-0.05,250.0,1472736054.024,1472736054.164,36,3,3.2069014853126854e-05,3.475502201846048e-05,2.2953260133881536e-05,4.2337622255845536e-05,0.08543313407898001,4.250625347542132e-05,8.092779751272788,2.9185114059590927e-06,3.73550863156115e-06,2.2129562640995026e-06,5.2315302723006776e-06,6.256269383311589e-08,1.586433094378063e-06,2.9591138357481335e-06,9.813217765975027,-20.196060636209154,30.00927840218418,1.3866026789890955,21.642305223340895,42.60976959674704,708808.7805413024,231784.81083972828,1006428.0261006848,0.9960327903358198,True,92
97,1472736067.2175667,1472736067.214,1472736067.2211337,0.0071334838867187,2,2,"DD2,DD3","572,573",1472736067.214,1472736067.234,2016-09-01 13:21:07.217566729+00:00,2016-09-01 13:21:07.213999987+00:00,2016-09-01 13:21:07.233999968+00:00,retain,at least two reduced-time-associated infrasound channels,,,,97,97,2,2,0.0071337223052978,"DD2,DD3",2,True,,5.131885793028951,True,128.0,141.0,0.0135667324066162,0.0655665397644043,4.367602707262294,-6.169295155712353,10.536897862974648,0.051999807357788,-0.0124331712722778,0.0915664434432983,-0.0264334678649902,0.0935666561126709,0.1200001239776611,1.2021497368652665,2.404299473730533,noise_threshold,noise_threshold,moderate_impulsive,moderate_impulsive,candidate_event_097.pkl,/Users/glennthompson/Developer/KSCRocketSeismoHydrology/08_fireball_paper/falcon9-seismoacoustic-workflow-1.0.0/data/outputs/070_prepare_event_waveform_products/event_streams/candidate_event_097.pkl,1472736066.7175667,1472736067.8175666,2016-09-01 13:21:07.217566729+00:00,short_impulsive_candidate,False,True,False,analyze_all_final_events,198.4999999999999,371.5,0.6976266417363229,C_weak_or_broad,,,,0,additional_analyzed,831.2904331684113,13.854840552806854,/Users/glennthompson/Developer/KSCRocketSeismoHydrology/08_fireball_paper/falcon9-seismoacoustic-workflow-1.0.0/data/outputs/070_prepare_event_waveform_products/event_streams/candidate_event_097.pkl,-0.0264334678649902,0.0935666561126709,0.1200001239776611,-0.18,-0.05,250.0,1472736067.1920002,1472736067.308,30,3,1.7863291370586975e-05,1.994453562712961e-05,7.4726696304113385e-06,2.4208595044509633e-05,0.07043335151672414,2.9341225943221993e-05,6.263589024151549,2.1494926427679376e-06,1.4507047282285824e-06,2.8658583893164834e-06,3.864971815865405e-06,2.6580697594303916e-07,4.99359821244498e-07,2.0226299666965452e-06,4.3152029723061025,-6.332785405456187,10.647988377762289,1.5007493609787745,7.095114383935351,15.118935062839398,439843.30185973307,178250.8635619796,624527.5710978644,0.8250710141203889,True,93
98,1472736068.9565668,1472736068.953,1472736068.9601336,0.0071334838867187,2,2,"DD2,DD3","576,577",1472736068.953,1472736068.973,2016-09-01 13:21:08.956566811+00:00,2016-09-01 13:21:08.953000069+00:00,2016-09-01 13:21:08.973000050+00:00,retain,at least two reduced-time-associated infrasound channels,,,,98,98,2,2,0.0071334838867187,"DD2,DD3",2,True,,13.385890582984317,True,133.0,139.0,0.0333266258239746,0.0573265552520751,12.105128274465546,-15.38604505243827,27.491173326903816,0.0239999294281005,0.0213266611099243,0.0693265199661254,0.001326560974121,0.1613266468048095,0.1600000858306884,1.1494225921730217,2.298845184346043,noise_threshold,noise_threshold,moderate_impulsive,moderate_impulsive,candidate_event_098.pkl,/Users/glennthompson/Developer/KSCRocketSeismoHydrology/08_fireball_paper/falcon9-seismoacoustic-workflow-1.0.0/data/outputs/070_prepare_event_waveform_products/event_streams/candidate_event_098.pkl,1472736068.4565668,1472736069.5565667,2016-09-01 13:21:08.956566811+00:00,short_impulsive_candidate,False,True,True,analyze_all_final_events,199.8999999999999,346.5,0.9133306309827738,A_high_quality,0.3119037521692756,1.2347839317162703,0.8940464731589804,9,core,833.0294332504272,13.883823887507122,/Users/glennthompson/Developer/KSCRocketSeismoHydrology/08_fireball_paper/falcon9-seismoacoustic-workflow-1.0.0/data/outputs/070_prepare_event_waveform_products/event_streams/candidate_event_098.pkl,0.001326560974121,0.1613266468048095,0.16000008583068848,-0.18,-0.05,250.0,1472736068.96,1472736069.1160002,40,3,4.5201058282464605e-05,4.5815704316894595e-05,1.5862836357002417e-05,5.437224923297457e-05,0.09143327903747611,5.437224923297457e-05,6.836134666599784,6.3879907469771725e-06,3.742738864900655e-06,2.906215848018798e-06,7.953653911855823e-06,-2.3264209881263737e-06,-1.5256923396955423e-06,-1.6279388321189626e-06,13.674123610436457,-15.90280166317356,29.576925273610016,2.665832947651728,11.094815712163681,41.995877221659576,543970.9721567451,251490.85798980805,772377.045535037,1.0,True,94
109,1472736081.7098932,1472736081.7081337,1472736081.717,0.008866548538208,3,3,"DD1,DD2,DD3","607,604,605",1472736081.717,1472736081.8,2016-09-01 13:21:21.709893227+00:00,2016-09-01 13:21:21.717000008+00:00,2016-09-01 13:21:21.799999952+00:00,retain,at least two reduced-time-associated infrasound channels,,,,109,109,3,3,0.0088663101196289,"DD1,DD2,DD3",3,True,,15.435033996953818,True,129.0,135.0,0.017240285873413,0.0412402153015136,17.432632004096966,-14.628752052647448,32.061384056744416,0.0239999294281005,0.0052403211593627,0.0532401800155639,0.0012402534484863,0.0972402095794677,0.0959999561309814,1.129419734840713,2.2588394696814253,noise_threshold,noise_threshold,robust_impulsive,robust_impulsive,candidate_event_109.pkl,/Users/glennthompson/Developer/KSCRocketSeismoHydrology/08_fireball_paper/falcon9-seismoacoustic-workflow-1.0.0/data/outputs/070_prepare_event_waveform_products/event_streams/candidate_event_109.pkl,1472736081.2098932,1472736082.3098931,2016-09-01 13:21:21.709893227+00:00,short_impulsive_candidate,False,True,True,analyze_all_final_events,200.3999999999999,353.0,0.9157491555085548,A_high_quality,0.2884612219054762,2.4507494444569757,0.908407357558862,9,core,845.7827596664429,14.096379327774049,/Users/glennthompson/Developer/KSCRocketSeismoHydrology/08_fireball_paper/falcon9-seismoacoustic-workflow-1.0.0/data/outputs/070_prepare_event_waveform_products/event_streams/candidate_event_109.pkl,0.0012402534484863,0.0972402095794677,0.0959999561309814,-0.18,-0.05,250.0,1472736081.712,1472736081.804,24,3,5.068549592625274e-05,6.758984915161746e-05,3.108736479775864e-05,8.320907530262063e-05,0.07810671806335501,8.320907530262063e-05,11.720253902494898,5.813135673802008e-06,2.9275247636998157e-06,2.835723001158602e-06,7.099596646528951e-06,-2.1314258917308357e-06,-1.0646379006681646e-06,-1.0209578897055834e-06,16.850033037740058,-15.029235006206003,31.879268043946063,0.9448185466777487,33.74115395600844,45.26494266408671,383122.48907953,202502.34696706664,543990.4541597653,1.0,True,104
110,1472736091.6875668,1472736091.6841335,1472736091.691,0.006866455078125,2,2,"DD2,DD3","611,612",1472736091.691,1472736091.697,2016-09-01 13:21:31.687566757+00:00,2016-09-01 13:21:31.690999985+00:00,2016-09-01 13:21:31.697000027+00:00,retain,at least two reduced-time-associated infrasound channels,,,,110,110,2,2,0.006866455078125,"DD2,DD3",2,True,,8.253149261780404,True,130.0,134.0,0.0204331874847412,0.0364332199096679,9.28584931468652,-6.1592878030017,15.44513711768822,0.0160000324249267,0.0124331712722778,0.0444332361221313,0.0044331550598144,0.0804331302642822,0.0759999752044677,1.1251279990401308,2.2502559980802617,noise_threshold,noise_threshold,moderate_impulsive,moderate_impulsive,candidate_event_110.pkl,/Users/glennthompson/Developer/KSCRocketSeismoHydrology/08_fireball_paper/falcon9-seismoacoustic-workflow-1.0.0/data/outputs/070_prepare_event_waveform_products/event_streams/candidate_event_110.pkl,1472736091.1875668,1472736092.287567,2016-09-01 13:21:31.687566757+00:00,short_impulsive_candidate,False,True,False,analyze_all_final_events,197.8999999999999,440.0,0.6606734652822954,C_weak_or_broad,,,,0,additional_analyzed,855.7604331970215,14.262673886617025,/Users/glennthompson/Developer/KSCRocketSeismoHydrology/08_fireball_paper/falcon9-seismoacoustic-workflow-1.0.0/data/outputs/070_prepare_event_waveform_products/event_streams/candidate_event_110.pkl,0.0044331550598144,0.0804331302642822,0.0759999752044678,-0.18,-0.05,250.0,1472736091.692,1472736091.764,19,3,2.0910186556878156e-05,2.7803551021297327e-05,1.1231754493320224e-05,3.301987506294392e-05,0.07643320655822805,3.301987506294392e-05,11.859031030215123,2.09947793381328e-06,1.207937733156403e-06,1.3732331302885197e-06,2.7843653481312245e-06,-5.263890086390147e-07,3.451835236141013e-07,-5.126721464027371e-07,8.771451629231038,-5.3246937746621255,14.096145403893164,0.9573286665047689,14.724457646670654,20.014926710747442,426898.8110046594,265641.5753394135,606147.8631458816,1.0,True,105
111,1472736100.0065668,1472736100.005,1472736100.0081334,0.0031332969665527,2,2,"DD2,DD3","616,617",1472736100.005,1472736100.021,2016-09-01 13:21:40.006566763+00:00,2016-09-01 13:21:40.005000114+00:00,2016-09-01 13:21:40.020999908+00:00,retain,at least two reduced-time-associated infrasound channels,,,,111,111,2,2,0.0031332969665527,"DD2,DD3",2,True,,17.3874970208703,True,130.0,136.0,0.0214331150054931,0.0454330444335937,17.015242224966624,-10.07580258518984,27.091044810156465,0.0239999294281005,0.0094331502914428,0.057433009147644,0.0054330825805664,0.0974330902099609,0.0920000076293945,0.9785906622754929,1.9571813245509857,noise_threshold,noise_threshold,moderate_impulsive,moderate_impulsive,candidate_event_111.pkl,/Users/glennthompson/Developer/KSCRocketSeismoHydrology/08_fireball_paper/falcon9-seismoacoustic-workflow-1.0.0/data/outputs/070_prepare_event_waveform_products/event_streams/candidate_event_111.pkl,1472736099.5065668,1472736100.606567,2016-09-01 13:21:40.006566763+00:00,short_impulsive_candidate,False,True,True,analyze_all_final_events,199.2999999999999,361.0,0.7938344887342199,B_probable,0.3281071791162792,2.1787412834586197,0.770267522620038,9,core,864.0794332027435,14.401323886712392,/Users/glennthompson/Developer/KSCRocketSeismoHydrology/08_fireball_paper/falcon9-seismoacoustic-workflow-1.0.0/data/outputs/070_prepare_event_waveform_products/event_streams/candidate_event_111.pkl,0.0054330825805664,0.0974330902099609,0.09200000762939449,-0.18,-0.05,250.0,1472736100.0119998,1472736100.1,23,3,4.126861210741738e-05,4.7176820139046225e-05,2.309824939991881e-05,5.888017934690033e-05,0.08143313407898001,5.888017934690033e-05,9.43587769492926,4.741239393815674e-06,3.8755669300533875e-06,1.1994290777687633e-06,6.240032061727751e-06,-2.0993409557044667e-06,-3.547384869861882e-07,3.886726175372387e-06,18.748092393392685,-9.345186871646781,28.093279265039467,1.0784922269559023,26.04866179178142,39.889268267552794,477126.2515951966,318410.92539708194,677465.1285034292,1.0,True,106
112,1472736105.9385667,1472736105.933,1472736105.9441335,0.0111334323883056,2,2,"DD2,DD3","620,621",1472736105.933,1472736105.957,2016-09-01 13:21:45.938566685+00:00,2016-09-01 13:21:45.933000088+00:00,2016-09-01 13:21:45.957000017+00:00,retain,at least two reduced-time-associated infrasound channels,,,,112,112,2,2,0.0111334323883056,"DD2,DD3",2,True,,10.75957088589094,True,128.0,133.0,0.0134334564208984,0.0334334373474121,9.799965723738294,-7.306809701072411,17.106775424810706,0.0199999809265136,0.0034334659576416,0.0434334278106689,-0.0065665245056152,0.0854334831237793,0.0920000076293945,0.9108138073228386,1.8216276146456771,noise_threshold,noise_threshold,moderate_impulsive,moderate_impulsive,candidate_event_112.pkl,/Users/glennthompson/Developer/KSCRocketSeismoHydrology/08_fireball_paper/falcon9-seismoacoustic-workflow-1.0.0/data/outputs/070_prepare_event_waveform_products/event_streams/candidate_event_112.pkl,1472736105.4385667,1472736106.5385666,2016-09-01 13:21:45.938566685+00:00,short_impulsive_candidate,False,True,False,analyze_all_final_events,196.8999999999999,391.5,0.7278602641505412,C_weak_or_broad,,,,0,additional_analyzed,870.0114331245422,14.500190552075704,/Users/glennthompson/Developer/KSCRocketSeismoHydrology/08_fireball_paper/falcon9-seismoacoustic-workflow-1.0.0/data/outputs/070_prepare_event_waveform_products/event_streams/candidate_event_112.pkl,-0.0065665245056152,0.0854334831237793,0.0920000076293945,-0.18,-0.05,250.0,1472736105.936,1472736106.0240002,23,3,2.2521683716125196e-05,2.8441952954528464e-05,1.186366212022475e-05,3.2467962383351605e-05,0.0694333724975591,3.2467962383351605e-05,10.55659985337549,1.6421559660151082e-06,2.036783128318958e-06,1.6168495613572243e-06,3.075607945201212e-06,1.854183808848357e-06,-1.2463016739987368e-06,4.639164673365103e-07,11.874407009636608,-6.6999906402436435,18.57439764988025,1.8195740653537489,10.208101996809427,26.373536665985032,572083.8724207876,365726.89315808046,812294.173394399,1.0,True,107
124,1472736119.9460669,1472736119.9401336,1472736119.952,0.0118663311004638,2,2,"DD2,DD3","651,652",1472736119.952,1472736119.953,2016-09-01 13:21:59.946066856+00:00,2016-09-01 13:21:59.951999903+00:00,2016-09-01 13:21:59.953000069+00:00,retain,at least two reduced-time-associated infrasound channels,,,,124,124,2,2,0.0118663311004638,"DD2,DD3",2,True,,11.862311349169934,True,128.0,134.0,0.0139331817626953,0.0379331111907959,12.928214280068186,-9.638732785251404,22.56694706531959,0.0239999294281005,0.001933217048645,0.0499330759048461,-0.0060667991638183,0.1139330863952636,0.119999885559082,1.089856259840359,2.179712519680718,noise_threshold,noise_threshold,moderate_impulsive,moderate_impulsive,candidate_event_124.pkl,/Users/glennthompson/Developer/KSCRocketSeismoHydrology/08_fireball_paper/falcon9-seismoacoustic-workflow-1.0.0/data/outputs/070_prepare_event_waveform_products/event_streams/candidate_event_124.pkl,1472736119.4460669,1472736120.5460668,2016-09-01 13:21:59.946066856+00:00,short_impulsive_candidate,False,True,False,analyze_all_final_events,199.79999999999987,359.0,0.7161235680953364,C_weak_or_broad,,,,0,additional_analyzed,884.0189332962036,14.73364888827006,/Users/glennthompson/Developer/KSCRocketSeismoHydrology/08_fireball_paper/falcon9-seismoacoustic-workflow-1.0.0/data/outputs/070_prepare_event_waveform_products/event_streams/candidate_event_124.pkl,-0.0060667991638183,0.1139330863952636,0.1199998855590819,-0.18,-0.05,250.0,1472736119.944,1472736120.056,29,3,4.507692273797152e-05,4.173505851337386e-05,2.373290355501858e-05,5.879352893769178e-05,0.07393309783935598,5.879352893769178e-05,6.184718654213709,3.4059964363099224e-06,6.273527296823318e-06,6.277816323203983e-06,9.506257636737473e-06,-2.37358893020126e-06,-1.731627154463099e-06,3.7858819109875717e-07,12.159186111537021,-10.105700580475359,22.264886692012382,1.4089490907423434,15.802477774609669,31.613612274504984,378696.211884275,206811.63949901843,537705.6428779511,1.0,True,119
128,1472736125.2231336,1472736125.2218933,1472736125.224,0.0021066665649414,3,3,"DD1,DD2,DD3","666,662,663",1472736125.224,1472736125.312,2016-09-01 13:22:05.223133564+00:00,2016-09-01 13:22:05.223999977+00:00,2016-09-01 13:22:05.312000036+00:00,retain,at least two reduced-time-associated infrasound channels,,,,128,128,3,3,0.0021066665649414,"DD1,DD2,DD3",3,True,,11.85236973823148,True,128.0,134.0,0.0128664970397949,0.0368664264678955,28.23905773037298,-29.195573058281784,57.434630788654765,0.0239999294281005,0.0008665323257446,0.0488663911819458,0.000866413116455,0.0768663883209228,0.0759999752044677,2.463268840163446,4.926537680326892,noise_threshold,noise_threshold,robust_impulsive,robust_impulsive,candidate_event_128.pkl,/Users/glennthompson/Developer/KSCRocketSeismoHydrology/08_fireball_paper/falcon9-seismoacoustic-workflow-1.0.0/data/outputs/070_prepare_event_waveform_products/event_streams/candidate_event_128.pkl,1472736124.7231336,1472736125.8231337,2016-09-01 13:22:05.223133564+00:00,short_impulsive_candidate,False,True,True,analyze_all_final_events,199.8999999999999,359.0,0.8837759043798804,B_probable,0.099380798999985,0.2832788618662658,0.8753509655975679,9,core,889.2960000038147,14.821600000063578,/Users/glennthompson/Developer/KSCRocketSeismoHydrology/08_fireball_paper/falcon9-seismoacoustic-workflow-1.0.0/data/outputs/070_prepare_event_waveform_products/event_streams/candidate_event_128.pkl,0.000866413116455,0.0768663883209228,0.0759999752044678,-0.18,-0.05,250.0,1472736125.224,1472736125.296,19,3,9.46814007322586e-05,0.00011316850432630374,4.8564997060188906e-05,0.0001442122932897104,0.07286641311645559,0.0001442122932897104,27.97977693854517,2.9385660481298233e-06,3.737333371817133e-06,1.9906157764523818e-06,5.154161650625683e-06,3.367582098128261e-07,-7.207111860668897e-07,5.796503890695672e-07,28.286528939845592,-29.195573058281326,57.48210199812692,1.6841139212427712,34.131955845189324,81.61806122931074,398593.63364155235,196145.06013728198,565957.7236272562,1.0,True,123
135,1472736148.8835669,1472736148.8831334,1472736148.884,0.0008666515350341,2,2,"DD2,DD3","689,690",1472736148.884,1472736148.896,2016-09-01 13:22:28.883566856+00:00,2016-09-01 13:22:28.884000063+00:00,2016-09-01 13:22:28.895999908+00:00,retain,at least two reduced-time-associated infrasound channels,,,,135,135,2,2,0.0008666515350341,"DD2,DD3",2,True,,10.399395926088037,True,128.0,133.0,0.0124332904815673,0.032433271408081,9.515995385970516,-9.823075038307104,19.33907042427762,0.0199999809265136,0.0024333000183105,0.0424332618713378,0.0004332065582275,0.1044332981109619,0.1040000915527343,0.9445813110802748,1.8891626221605493,noise_threshold,noise_threshold,moderate_impulsive,moderate_impulsive,candidate_event_135.pkl,/Users/glennthompson/Developer/KSCRocketSeismoHydrology/08_fireball_paper/falcon9-seismoacoustic-workflow-1.0.0/data/outputs/070_prepare_event_waveform_products/event_streams/candidate_event_135.pkl,1472736148.3835669,1472736149.4835668,2016-09-01 13:22:28.883566856+00:00,short_impulsive_candidate,False,True,False,analyze_all_final_events,200.2999999999999,343.5,0.7892511516142162,B_probable,0.1763834207376293,1.201850425154663,0.7697298669017285,9,additional_analyzed,912.9564332962036,15.215940554936727,/Users/glennthompson/Developer/KSCRocketSeismoHydrology/08_fireball_paper/falcon9-seismoacoustic-workflow-1.0.0/data/outputs/070_prepare_event_waveform_products/event_streams/candidate_event_135.pkl,0.0004332065582275,0.1044332981109619,0.1040000915527344,-0.18,-0.05,250.0,1472736148.884,1472736148.9880002,27,3,4.2325249430520874e-05,5.189729805280952e-05,2.9020823687865232e-05,6.8842893043929e-05,0.10443320655822808,6.8842893043929e-05,16.845228259100868,1.3054021031130217e-06,3.621266190387487e-06,1.372661870835935e-06,4.0867889698517845e-06,1.2896466325421638e-07,4.111475758660883e-07,2.3096378446241116e-06,8.298384140729093,-10.606924771992533,18.905308912721626,1.1850918857936559,15.952610206305431,26.843393104306234,274615.25913296605,120540.89788809212,389922.50205373164,1.0,True,130
141,1472736162.9195666,1472736162.9181335,1472736162.921,0.002866506576538,2,2,"DD2,DD3","710,711",1472736162.921,1472736162.931,2016-09-01 13:22:42.919566631+00:00,2016-09-01 13:22:42.921000004+00:00,2016-09-01 13:22:42.930999994+00:00,retain,at least two reduced-time-associated infrasound channels,,,,141,141,2,2,0.002866506576538,"DD2,DD3",2,True,,8.637502195917406,True,128.0,134.0,0.0124335289001464,0.036433458328247,10.984993872112462,-9.833754695819309,20.81874856793177,0.0239999294281005,0.0004335641860961,0.0484334230422973,0.0004334449768066,0.0724334716796875,0.0720000267028808,1.271778996166811,2.5435579923336213,noise_threshold,noise_threshold,moderate_impulsive,moderate_impulsive,candidate_event_141.pkl,/Users/glennthompson/Developer/KSCRocketSeismoHydrology/08_fireball_paper/falcon9-seismoacoustic-workflow-1.0.0/data/outputs/070_prepare_event_waveform_products/event_streams/candidate_event_141.pkl,1472736162.4195666,1472736163.5195663,2016-09-01 13:22:42.919566631+00:00,short_impulsive_candidate,False,True,False,analyze_all_final_events,198.9999999999999,354.0,0.7302607356168014,C_weak_or_broad,,,,0,additional_analyzed,926.9924330711365,15.449873884518942,/Users/glennthompson/Developer/KSCRocketSeismoHydrology/08_fireball_paper/falcon9-seismoacoustic-workflow-1.0.0/data/outputs/070_prepare_event_waveform_products/event_streams/candidate_event_141.pkl,0.0004334449768066,0.0724334716796875,0.0720000267028809,-0.18,-0.05,250.0,1472736162.92,1472736162.992,19,3,3.474967288114114e-05,4.641154099932462e-05,2.4658347402794168e-05,5.594046855304165e-05,0.07243344497680715,5.594046855304165e-05,12.845182554799047,1.6947835103503366e-06,3.506168108275409e-06,1.9494395678408166e-06,4.354976530258958e-06,1.5639327372839318e-09,9.531944532651534e-08,-1.4858532299870914e-06,11.257046087412252,-9.400425451247436,20.65747153865969,1.7558563513985894,11.764898376911885,29.33126518129087,369275.98343357956,201232.60277554777,524329.9875738356,1.0,True,136
142,1472736165.0595667,1472736165.0591335,1472736165.06,0.000866413116455,2,2,"DD2,DD3","713,714",1472736165.06,1472736165.072,2016-09-01 13:22:45.059566736+00:00,2016-09-01 13:22:45.059999943+00:00,2016-09-01 13:22:45.072000027+00:00,retain,at least two reduced-time-associated infrasound channels,,,,142,142,2,2,0.000866413116455,"DD2,DD3",2,True,,8.423020410967702,True,128.0,134.0,0.0124332904815673,0.0364332199096679,12.859398738189771,-10.733083949856445,23.592482688046218,0.0239999294281005,0.000433325767517,0.0484331846237182,0.0004332065582275,0.0724332332611084,0.0720000267028808,1.526696851101704,3.053393702203408,noise_threshold,noise_threshold,moderate_impulsive,moderate_impulsive,candidate_event_142.pkl,/Users/glennthompson/Developer/KSCRocketSeismoHydrology/08_fireball_paper/falcon9-seismoacoustic-workflow-1.0.0/data/outputs/070_prepare_event_waveform_products/event_streams/candidate_event_142.pkl,1472736164.5595667,1472736165.6595666,2016-09-01 13:22:45.059566736+00:00,short_impulsive_candidate,False,True,False,analyze_all_final_events,200.4999999999999,373.5,0.7821822832762864,B_probable,0.5902499993463409,3.7712361663282534,0.7756711750376581,9,additional_analyzed,929.1324331760406,15.48554055293401,/Users/glennthompson/Developer/KSCRocketSeismoHydrology/08_fireball_paper/falcon9-seismoacoustic-workflow-1.0.0/data/outputs/070_prepare_event_waveform_products/event_streams/candidate_event_142.pkl,0.0004332065582275,0.0724332332611084,0.0720000267028809,-0.18,-0.05,250.0,1472736165.06,1472736165.132,19,3,4.229391361277884e-05,4.548851160110446e-05,2.1815679286726668e-05,6.361069443221525e-05,0.07243320655822805,6.361069443221525e-05,18.71156050442407,2.2858168690801364e-06,1.4759028080255763e-06,2.038043893825764e-06,3.3995397880992042e-06,9.229992231073635e-07,-9.80190400495282e-07,-2.1251818048767715e-06,11.786989017988143,-12.030908388828447,23.81789740681659,1.908640445426866,12.478986004873086,33.81871123930616,374432.28091460926,185298.85773450532,531651.3448119013,1.0,True,137
144,1472736178.465067,1472736178.4621334,1472736178.468,0.005866527557373,2,2,"DD2,DD3","725,726",1472736178.468,1472736178.475,2016-09-01 13:22:58.465066671+00:00,2016-09-01 13:22:58.467999935+00:00,2016-09-01 13:22:58.474999905+00:00,retain,at least two reduced-time-associated infrasound channels,,,,144,144,2,2,0.005866527557373,"DD2,DD3",2,True,,7.665363872469132,True,129.0,134.0,0.0168263912200927,0.0368263721466064,19.08878512253422,-18.318868672386458,37.40765379492068,0.0199999809265136,0.0068264007568359,0.0468263626098632,0.0048263072967529,0.0768263339996337,0.0720000267028808,2.490264707601601,4.980529415203202,noise_threshold,noise_threshold,moderate_impulsive,moderate_impulsive,candidate_event_144.pkl,/Users/glennthompson/Developer/KSCRocketSeismoHydrology/08_fireball_paper/falcon9-seismoacoustic-workflow-1.0.0/data/outputs/070_prepare_event_waveform_products/event_streams/candidate_event_144.pkl,1472736177.965067,1472736179.0650668,2016-09-01 13:22:58.465066910+00:00,short_impulsive_candidate,False,True,True,analyze_all_final_events,199.9999999999999,348.5,0.8624668243112537,B_probable,0.3424674446093681,1.2692955176439846,0.8274997442396865,9,core,942.5379333496094,15.708965555826824,/Users/glennthompson/Developer/KSCRocketSeismoHydrology/08_fireball_paper/falcon9-seismoacoustic-workflow-1.0.0/data/outputs/070_prepare_event_waveform_products/event_streams/candidate_event_144.pkl,0.0048263072967529,0.0768263339996337,0.0720000267028808,-0.18,-0.05,250.0,1472736178.472,1472736178.54,18,3,6.378409036711983e-05,7.400576931000058e-05,3.279055977654614e-05,9.84876733530721e-05,0.07493307685852102,9.84876733530721e-05,34.233482083077355,1.4007241001852243e-06,1.6286130504397993e-06,1.913733312497032e-06,2.8769399827357188e-06,-1.6375658878484024e-06,2.3974819314573242e-06,-1.3383895366246702e-06,16.624999468529467,-18.253931161991556,34.878930630521026,1.4178915410943422,24.59915276989461,49.52412310718056,354145.13758978,168802.84509239942,502845.9036659308,1.0,True,139
145,1472736192.3475666,1472736192.3471334,1472736192.348,0.0008666515350341,2,2,"DD2,DD3","735,736",1472736192.348,1472736192.36,2016-09-01 13:23:12.347566605+00:00,2016-09-01 13:23:12.348000050+00:00,2016-09-01 13:23:12.359999895+00:00,retain,at least two reduced-time-associated infrasound channels,,,,145,145,2,2,0.0008666515350341,"DD2,DD3",2,True,,19.19523147995886,True,130.0,163.0,0.0204334259033203,0.1524333953857422,8.582616981189647,-22.75276473039664,31.335381711586287,0.1319999694824218,-0.0455665588378906,0.2184333801269531,-0.083566665649414,0.2084333896636963,0.2920000553131103,1.1853342198114198,2.3706684396228397,noise_threshold,noise_threshold,moderate_impulsive,moderate_impulsive,candidate_event_145.pkl,/Users/glennthompson/Developer/KSCRocketSeismoHydrology/08_fireball_paper/falcon9-seismoacoustic-workflow-1.0.0/data/outputs/070_prepare_event_waveform_products/event_streams/candidate_event_145.pkl,1472736191.8475666,1472736192.9475665,2016-09-01 13:23:12.347566605+00:00,short_impulsive_candidate,False,True,True,analyze_all_final_events,198.69999999999987,353.5,0.731320030736561,C_weak_or_broad,,,,0,core,956.4204330444336,15.94034055074056,/Users/glennthompson/Developer/KSCRocketSeismoHydrology/08_fireball_paper/falcon9-seismoacoustic-workflow-1.0.0/data/outputs/070_prepare_event_waveform_products/event_streams/candidate_event_145.pkl,-0.083566665649414,0.2084333896636963,0.2920000553131103,-0.18,-0.05,250.0,1472736192.264,1472736192.552,73,3,4.737495140290053e-05,5.3950349349242294e-05,2.4282796070048395e-05,6.488575311870173e-05,0.07643344497680715,6.488575311870173e-05,27.14103384650684,1.4010458463104624e-06,1.6682040280828078e-06,9.846606472799625e-07,2.3906883387587976e-06,4.17927645570341e-07,-1.5171665260652908e-07,1.5936473220597254e-06,13.957422369944107,-12.557475908335208,26.514898278279315,1.900595657754001,13.950835976134385,37.648146395830565,408639.7553215275,215107.65767656968,580222.0762847153,1.0,True,140
146,1472736222.070567,1472736222.068,1472736222.0731337,0.0051333904266357,2,2,"DD2,DD3","743,744",1472736222.068,1472736222.086,2016-09-01 13:23:42.070566654+00:00,2016-09-01 13:23:42.068000078+00:00,2016-09-01 13:23:42.085999966+00:00,retain,at least two reduced-time-associated infrasound channels,,,,146,146,2,2,0.0051336288452148,"DD2,DD3",2,True,,23.710635642667135,True,143.0,186.0,0.0734331607818603,0.2454330921173095,10.22243664012831,-21.92107153702018,32.14350817714849,0.1719999313354492,-0.0125668048858642,0.3314330577850342,-0.0025668144226074,0.2774331569671631,0.2799999713897705,0.924524836338565,1.84904967267713,noise_threshold,noise_threshold,moderate_impulsive,moderate_impulsive,candidate_event_146.pkl,/Users/glennthompson/Developer/KSCRocketSeismoHydrology/08_fireball_paper/falcon9-seismoacoustic-workflow-1.0.0/data/outputs/070_prepare_event_waveform_products/event_streams/candidate_event_146.pkl,1472736221.570567,1472736222.6705668,2016-09-01 13:23:42.070566893+00:00,short_impulsive_candidate,False,True,True,analyze_all_final_events,199.59999999999988,344.0,0.7235530759153253,C_weak_or_broad,,,,0,core,986.1434333324432,16.435723888874055,/Users/glennthompson/Developer/KSCRocketSeismoHydrology/08_fireball_paper/falcon9-seismoacoustic-workflow-1.0.0/data/outputs/070_prepare_event_waveform_products/event_streams/candidate_event_146.pkl,-0.0025668144226074,0.2774331569671631,0.2799999713897705,-0.18,-0.05,250.0,1472736222.072,1472736222.348,70,3,4.023532167231549e-05,3.534732940381375e-05,2.593059340122037e-05,4.77730144797966e-05,0.1814331340789801,4.77730144797966e-05,20.938126874763935,1.0633095599790211e-06,1.2355749536010412e-06,1.5964188654552717e-06,2.2816279013657096e-06,4.520874855461532e-07,-2.910740674112896e-07,-9.99680999637164e-07,9.240479361214069,-9.423406140652745,18.663885501866815,0.7834904860078367,23.821457739666968,26.500599259885252,390678.41343275184,193424.6658251366,554719.0092241816,1.0,True,141
147,1472736257.5315666,1472736257.531,1472736257.5321336,0.0011336803436279,2,2,"DD2,DD3","753,754",1472736257.531,1472736257.545,2016-09-01 13:24:17.531566620+00:00,2016-09-01 13:24:17.530999899+00:00,2016-09-01 13:24:17.545000076+00:00,retain,at least two reduced-time-associated infrasound channels,,,,147,147,2,2,0.0011336803436279,"DD2,DD3",2,True,,14.707186874030011,True,129.0,137.0,0.0164334774017334,0.0484335422515869,14.64652951041596,-14.768637902468438,29.415167412884397,0.0320000648498535,0.0004334449768066,0.0644335746765136,-0.0115666389465332,0.0844335556030273,0.0960001945495605,1.0041782992876045,2.008356598575209,noise_threshold,noise_threshold,moderate_impulsive,moderate_impulsive,candidate_event_147.pkl,/Users/glennthompson/Developer/KSCRocketSeismoHydrology/08_fireball_paper/falcon9-seismoacoustic-workflow-1.0.0/data/outputs/070_prepare_event_waveform_products/event_streams/candidate_event_147.pkl,1472736257.0315666,1472736258.1315663,2016-09-01 13:24:17.531566620+00:00,short_impulsive_candidate,False,True,True,analyze_all_final_events,200.3999999999999,344.5,0.8101296601335831,B_probable,0.1133115447464998,2.454524670486058,0.80286824968863,9,core,1021.6044330596924,17.026740550994873,/Users/glennthompson/Developer/KSCRocketSeismoHydrology/08_fireball_paper/falcon9-seismoacoustic-workflow-1.0.0/data/outputs/070_prepare_event_waveform_products/event_streams/candidate_event_147.pkl,-0.0115666389465332,0.0844335556030273,0.0960001945495605,-0.18,-0.05,250.0,1472736257.52,1472736257.6160002,25,3,3.838587421517992e-05,4.533203211279196e-05,2.04376494357266e-05,5.846665310921133e-05,0.08043344497680716,6.152144597081138e-05,20.341369581030808,1.618458570692497e-06,2.1378478792048903e-06,1.0352027026808708e-06,2.8742731838338933e-06,1.1915542096283777e-06,2.007784417898235e-06,-1.3125205566923998e-06,14.935173013498432,-14.581342333826544,29.516515347324976,1.3543670126470624,21.793587020135696,41.91010198221981,504843.59506931814,255447.71624947723,716820.6106125978,0.9503458864889264,True,142
149,1472736595.1581335,1472736595.1468933,1472736595.168,0.0211067199707031,3,3,"DD1,DD2,DD3","803,798,799",1472736595.168,1472736595.237,2016-09-01 13:29:55.158133507+00:00,2016-09-01 13:29:55.167999983+00:00,2016-09-01 13:29:55.236999989+00:00,retain,at least two reduced-time-associated infrasound channels,,,,148,148,3,3,0.0211067199707031,"DD1,DD2,DD3",3,True,,25.099486685370564,True,137.0,144.0,0.0498666763305664,0.0778665542602539,29.28984818675172,-35.44130118246247,64.7311493692142,0.0279998779296875,0.0358667373657226,0.0918664932250976,-0.0181334018707275,0.1698665618896484,0.1879999637603759,1.4120329083510583,2.824065816702117,noise_threshold,noise_threshold,moderate_impulsive,moderate_impulsive,candidate_event_148.pkl,/Users/glennthompson/Developer/KSCRocketSeismoHydrology/08_fireball_paper/falcon9-seismoacoustic-workflow-1.0.0/data/outputs/070_prepare_event_waveform_products/event_streams/candidate_event_148.pkl,1472736594.6581335,1472736595.7581334,2016-09-01 13:29:55.158133507+00:00,short_impulsive_candidate,False,True,True,analyze_all_final_events,200.4999999999999,356.5,0.964661637337439,A_high_quality,0.2298684540619558,1.5275252316519468,0.9588003857570162,9,core,1359.2309999465942,22.653849999109905,/Users/glennthompson/Developer/KSCRocketSeismoHydrology/08_fireball_paper/falcon9-seismoacoustic-workflow-1.0.0/data/outputs/070_prepare_event_waveform_products/event_streams/candidate_event_148.pkl,-0.0181334018707275,0.1698665618896484,0.18799996376037592,-0.18,-0.05,250.0,1472736595.144,1472736595.3240001,46,3,0.00010861187995113123,0.00014587853663807792,6.481023896070376e-05,0.00017795792053577666,0.11386657905578668,0.00017795792053577666,40.051055442956134,2.537914030616378e-06,2.9843780178082985e-06,2.0964703307458624e-06,4.443276676921495e-06,-4.4015616221259055e-07,1.4075226048191545e-06,7.61135733469608e-07,29.289848186752053,-35.44130118246227,64.73114936921432,0.947626837087431,68.3086916028762,91.91088580637414,363744.13217646454,164588.61790792627,516475.38659509324,1.0,True,143
153,1472736829.5165668,1472736829.51,1472736829.5231335,0.0131335258483886,2,2,"DD2,DD3","860,861",1472736829.51,1472736829.536,2016-09-01 13:33:49.516566753+00:00,2016-09-01 13:33:49.509999989+00:00,2016-09-01 13:33:49.536000013+00:00,retain,at least two reduced-time-associated infrasound channels,,,,152,152,2,2,0.0131335258483886,"DD2,DD3",2,True,,12.946697465936928,True,129.0,136.0,0.0173265933990478,0.0453264713287353,7.6942156360363825,-14.043435924782258,21.73765156081864,0.0279998779296875,0.0033266544342041,0.0593264102935791,0.0093264579772949,0.1733264923095703,0.1640000343322754,1.084711831857574,2.1694236637151483,noise_threshold,noise_threshold,moderate_impulsive,moderate_impulsive,candidate_event_152.pkl,/Users/glennthompson/Developer/KSCRocketSeismoHydrology/08_fireball_paper/falcon9-seismoacoustic-workflow-1.0.0/data/outputs/070_prepare_event_waveform_products/event_streams/candidate_event_152.pkl,1472736829.0165668,1472736830.116567,2016-09-01 13:33:49.516566753+00:00,short_impulsive_candidate,False,True,False,analyze_all_final_events,199.3999999999999,345.0,0.7869736610899478,B_probable,0.2748737083744951,1.0304020550550783,0.7734332504722397,9,additional_analyzed,1593.5894331932068,26.559823886553446,/Users/glennthompson/Developer/KSCRocketSeismoHydrology/08_fireball_paper/falcon9-seismoacoustic-workflow-1.0.0/data/outputs/070_prepare_event_waveform_products/event_streams/candidate_event_152.pkl,0.0093264579772949,0.1733264923095703,0.16400003433227542,-0.18,-0.05,250.0,1472736829.528,1472736829.688,41,3,6.778872901544615e-05,4.7531263674735294e-05,2.2831047898862284e-05,6.968392917341013e-05,0.16743327903747618,8.995641900509018e-05,33.871654575025836,8.626510717072503e-07,1.6203802226482125e-06,9.287932629060346e-07,2.057293334137545e-06,6.940077383792547e-07,-2.633156814625529e-07,7.453526744155768e-07,11.975718271081837,-12.8164421111371,24.79216038221894,1.6257439729581407,15.24973230385599,35.20205409587794,355780.1730801237,171857.67813522648,505167.4685030573,0.7746409866478464,True,147
