omitted_event_number,slope,r_squared
1,0.9628418063492152,0.9530944348790614
13,0.9584156695863191,0.9370693656542342
14,0.9540454705971022,0.9372910141679642
22,0.951538948419359,0.9496283102211251
29,0.9620985437317764,0.9524782557874923
32,0.9621046565744171,0.9526786677576206
34,0.9624573657491344,0.952568039966044
36,0.966515271235218,0.9571472828836297
38,0.9622383527134103,0.9525614077076988
39,0.9687857266405866,0.9617056400553374
40,0.9614030449798249,0.9520721641169829
48,0.9608472939686352,0.9533279861211613
54,0.954709704558453,0.950685883222831
56,0.9708851176344794,0.9527656181648977
57,0.9601685547662389,0.9518937518299573
62,0.9621508512636696,0.9525165433499113
65,0.9629782159381908,0.9522569897799623
70,0.9623225386591653,0.9526199846928148
73,0.9632936976500972,0.9526961388829531
74,0.9640558995629697,0.9532356528199935
75,0.9612204110351691,0.9524974577738972
78,0.9697040086237394,0.9579414288835619
80,0.9641312791932103,0.9538046739029409
83,0.9637043514075201,0.9527041917754686
91,0.9619524586889641,0.9524532814175283
93,0.9668774208467237,0.9521365114043193
94,0.9619422731909234,0.951791385402965
95,0.9622306273003634,0.9525570875459816
96,0.9708710632892854,0.9561759657520406
97,0.9595588711571106,0.9501305617038305
98,0.9647061272958067,0.9528625052587666
109,0.9611948811742157,0.9529852288935795
110,0.9596659489528658,0.9510810828282085
111,0.9627055363739827,0.9522439354114773
112,0.9674122629177148,0.9523965251026948
124,0.959598040763185,0.9527260094330443
128,0.9628389721261834,0.9528008819014788
135,0.9570822265170842,0.9573582166535168
141,0.9589948274845583,0.9528470480400243
142,0.9598306921253015,0.9529054947077715
144,0.9616203309344679,0.9537066782760409
145,0.9609168186582037,0.9524378585185556
146,0.9591339600423958,0.9522100751198388
147,0.9634736462379621,0.9524568786824541
148,0.9641636858201162,0.9533062524618322
152,0.9597601014669596,0.9534392152041654
