event_number,catalogue_reference_arrival_time,estimated_source_time,solution_quality_class,is_named_event,named_event_key,energetics_selection_reason,channel_count,median_positive_peak_pa,minimum_positive_peak_pa,maximum_positive_peak_pa,median_negative_peak_pa,minimum_negative_peak_pa,maximum_negative_peak_pa,median_peak_to_peak_pa,minimum_peak_to_peak_pa,maximum_peak_to_peak_pa,median_positive_peak_spl_db,minimum_positive_peak_spl_db,maximum_positive_peak_spl_db,median_peak_spl_db,minimum_peak_spl_db,maximum_peak_spl_db,median_sound_exposure_level_db,minimum_sound_exposure_level_db,maximum_sound_exposure_level_db,median_pressure_squared_exposure_pa2_s,minimum_pressure_squared_exposure_pa2_s,maximum_pressure_squared_exposure_pa2_s,median_acoustic_energy_2pi_j,minimum_acoustic_energy_2pi_j,maximum_acoustic_energy_2pi_j,median_acoustic_energy_4pi_j,minimum_acoustic_energy_4pi_j,maximum_acoustic_energy_4pi_j,median_acoustic_tnt_equivalent_2pi_kg,minimum_acoustic_tnt_equivalent_2pi_kg,maximum_acoustic_tnt_equivalent_2pi_kg,median_illustrative_total_tnt_at_reference_efficiency_kg,minimum_illustrative_total_tnt_at_reference_efficiency_kg,maximum_illustrative_total_tnt_at_reference_efficiency_kg,median_illustrative_total_tnt_lower_kg,minimum_illustrative_total_tnt_lower_kg,maximum_illustrative_total_tnt_lower_kg,median_illustrative_total_tnt_upper_kg,minimum_illustrative_total_tnt_upper_kg,maximum_illustrative_total_tnt_upper_kg
1,2016-09-01 13:07:15.927133560+00:00,2016-09-01 13:07:11.912999868+00:00,A_high_quality,True,upper_stage,A-quality and named,3,49.92956629814347,34.243303833063116,50.23769391035305,-19.980724584653778,-20.8840385994527,-7.094862904181806,57.02442920232528,55.12734243251582,70.21841849500683,127.94655596013936,124.67091327180452,127.99999399708548,127.94655596013936,124.67091327180452,127.99999399708548,109.90110487626616,108.41322455297393,112.90485591429318,39.09943474925393,27.75763410076276,78.08103882725243,1190739.231500346,850764.436953221,2485883.984937987,2381478.463000692,1701528.873906442,4971767.969875974,0.28459350657274046,0.20333758053375262,0.5941405317729413,28.459350657274047,20.333758053375263,59.414053177294136,2.8459350657274043,2.033375805337526,5.941405317729413,284.59350657274047,203.3375805337526,594.1405317729414
2,2016-09-01 13:07:16.057133436+00:00,2016-09-01 13:07:12.044509411+00:00,A_high_quality,False,,A-quality,3,18.982970956476926,17.65683252670739,24.530052009329673,-24.92017386949017,-30.083946322847687,-19.929700222743865,44.45975223207354,43.9031448259671,47.74077884955508,119.54668375226647,118.91765604261408,121.77336946694342,121.91042144862733,121.77336946694342,123.54609618908967,108.91445662797366,108.80967924690167,109.35772812607209,31.153414546663,30.410804970290165,34.50108903801412,991838.4214767087,932083.4504094919,1050700.617809669,1983676.8429534175,1864166.9008189838,2101401.235619338,0.2370550720546627,0.22277329120685752,0.2511234746199018,23.70550720546627,22.27732912068575,25.11234746199018,2.370550720546627,2.227732912068575,2.511234746199018,237.0550720546627,222.77329120685752,251.1234746199018
3,2016-09-01 13:07:16.255000114+00:00,2016-09-01 13:07:12.242376089+00:00,A_high_quality,False,,A-quality,3,36.101380412771555,28.652856171289105,36.40574981660841,-11.617998076960593,-25.906459144589842,-9.043991504004886,47.71937848973215,45.4497413206133,54.55931531587895,125.12987625457737,123.12275848197145,125.20279969180108,125.12987625457737,123.12275848197145,125.20279969180108,107.34645930066654,107.25316971284123,107.59139819637323,21.71230451787707,21.25088213819168,22.972053072569942,691259.6308625032,651334.1414987921,699593.8687358911,1382519.2617250064,1302668.2829975842,1399187.7374717821,0.16521501693654475,0.15567259596051436,0.16720694759462024,16.521501693654475,15.567259596051436,16.720694759462024,1.6521501693654475,1.5567259596051435,1.6720694759462023,165.21501693654474,155.67259596051434,167.20694759462023
8,2016-09-01 13:07:17.895133495+00:00,2016-09-01 13:07:13.882509470+00:00,A_high_quality,False,,A-quality,3,29.733918067514445,29.128754817522857,40.68045603725649,-23.627390188046782,-24.161617618843927,-10.912486730861481,53.29037243636678,51.59294276811797,53.36130825556123,123.44444289442215,123.26583848683498,126.16711634309829,123.44444289442215,123.26583848683498,126.16711634309829,107.58329903945307,107.21155368870495,109.11858966492039,22.929252417283088,21.048219310267587,32.652689444081254,702775.7643801522,641005.1870746547,1039571.1810876215,1405551.5287603044,1282010.3741493095,2079142.362175243,0.16796743890539012,0.153203916604841,0.2484634754033512,16.796743890539013,15.3203916604841,24.84634754033512,1.6796743890539012,1.53203916604841,2.484634754033512,167.9674389053901,153.203916604841,248.4634754033512
9,2016-09-01 13:07:18.111133575+00:00,2016-09-01 13:07:14.098509550+00:00,A_high_quality,False,,A-quality,3,111.67469003362756,76.16837635923045,117.95641035106439,-68.28379652261744,-92.67870802322024,-62.8467925766257,179.958486556245,168.8470843824507,180.8032029276901,134.93849520091254,131.6148940480715,135.41383103938412,134.93849520091254,133.31899950528606,135.41383103938412,118.1471768120595,117.64898410741053,118.2281372133557,261.082445832502,232.78682773010766,265.9951467121422,8002110.670554401,7411287.7550089285,8100650.523723533,16004221.341108803,14822575.510017857,16201301.047447067,1.9125503514709372,1.7713402856139886,1.9361019416165233,191.2550351470937,177.13402856139885,193.61019416165232,19.125503514709372,17.713402856139886,19.36101941616523,1912.5503514709371,1771.3402856139885,1936.1019416165232
10,2016-09-01 13:07:18.389066696+00:00,2016-09-01 13:07:14.376442671+00:00,A_high_quality,False,,A-quality,3,9.665920804959597,4.543308289270904,41.23655687725773,-53.48837849660441,-58.70615261363254,-12.332200738694658,63.15429930156401,53.56875761595239,63.249460902903444,113.6842647376422,107.1268442299534,126.28504800477275,128.54458873534756,126.28504800477275,129.35307247151084,114.93120826055154,110.42332513112184,115.55862531975285,124.5032870088115,44.095320590109665,143.8541924250023,3815994.1328704995,1403872.8596858897,4380954.139996069,7631988.265740999,2807745.7193717794,8761908.279992137,0.9120444868237332,0.3355336662729182,1.0470731692151216,91.20444868237331,33.553366627291815,104.70731692151216,9.120444868237332,3.3553366627291816,10.470731692151215,912.0444868237331,335.5336662729182,1047.0731692151217
11,2016-09-01 13:07:18.977133512+00:00,2016-09-01 13:07:14.964509487+00:00,A_high_quality,False,,A-quality,3,56.288559359794434,46.13515803776015,61.25231824542401,-94.37515613048703,-104.16213976243235,-81.18997102437052,155.62747437591105,127.32512906213067,160.45069912222678,128.98780275752677,127.26004033956507,129.72185069264123,133.47655374906589,132.16944781494982,134.333597943897,120.79541006575371,118.44935279285907,120.83858887319928,480.3977867659549,279.8950839414364,485.1978621630596,14724070.18148136,8911084.138778664,14776278.30741662,29448140.36296272,17822168.27755733,29552556.61483324,3.519137232667629,2.1298002243734855,3.531615274239154,351.9137232667629,212.98002243734854,353.1615274239154,35.19137232667629,21.298002243734853,35.31615274239154,3519.1372326676287,2129.8002243734854,3531.615274239154
12,2016-09-01 13:07:19.239566803+00:00,2016-09-01 13:07:15.226942778+00:00,A_high_quality,False,,A-quality,3,164.66305676758802,156.87104915264428,168.68079467571886,-129.4953372053201,-133.65609675836953,-119.37212404786709,294.15839397290813,276.24317320051136,302.3368914340884,138.3113235526096,137.89025610907925,138.52071285395473,138.3113235526096,137.89025610907925,138.52071285395473,123.30977583899163,122.35747358639995,123.344568904512,857.1119994878884,688.3468826875663,864.0062454517602,26270265.145908993,21915057.963570148,26312557.69599992,52540530.291817985,43830115.927140296,52625115.39199984,6.278744059729683,5.237824561082731,6.288852221797304,627.8744059729682,523.7824561082731,628.8852221797305,62.78744059729683,52.37824561082731,62.88852221797304,6278.744059729683,5237.824561082731,6288.852221797304
13,2016-09-01 13:07:19.427133560+00:00,2016-09-01 13:07:15.414509535+00:00,A_high_quality,False,,A-quality,3,1332.3020717369998,1240.7955779018034,1502.8447592351006,-148.8677818327045,-168.02305863356582,-143.2471210985221,1481.1698535697042,1384.0426990003255,1670.8678178686664,156.4714541512035,155.85340482705658,157.51768251030649,156.4714541512035,155.85340482705658,157.51768251030649,141.92208420408969,141.08469175232494,142.83177603016296,62268.50110511326,51348.66613324457,76778.14132583796,1908513747.6164427,1634799289.37636,2338211423.8901553,3817027495.2328854,3269598578.75272,4676422847.780311,456.14573317792605,390.7264075947323,558.8459426123699,45614.5733177926,39072.64075947323,55884.59426123698,4561.45733177926,3907.2640759473225,5588.459426123698,456145.73317792604,390726.4075947323,558845.9426123699
14,2016-09-01 13:07:19.500133513+00:00,2016-09-01 13:07:15.513600111+00:00,A_high_quality,True,lower_stage,A-quality and named,3,1331.8586590815469,1240.1686564987963,1495.1491240610526,-143.87404250153116,-175.7186938076174,-117.49390848162523,1449.3525675631722,1384.0426990003275,1670.86781786867,156.46856285911258,155.84901510619025,157.4730903014946,156.46856285911258,155.84901510619025,157.4730903014946,141.8906751285294,141.05606693600777,142.71679062404823,61819.78697325917,51011.334468877656,74772.00971556004,1894760773.4128773,1624059583.6211965,2277116432.946419,3789521546.8257546,3248119167.242393,4554232865.892838,452.8586934543206,388.1595563148175,544.243889327538,45285.86934543206,38815.95563148175,54424.3889327538,4528.586934543206,3881.5955631481747,5442.43889327538,452858.6934543206,388159.5563148175,544243.889327538
15,2016-09-01 13:07:19.583133698+00:00,2016-09-01 13:07:15.570509672+00:00,A_high_quality,False,,A-quality,3,-218.7991105395858,-264.15596730114663,-180.48956289810923,-658.0603766263605,-749.7910907345047,-599.63529939169,439.2612660867747,419.1457364935807,485.63512343335805,140.78031113021012,139.10844195041116,142.41660860422954,150.34471492048084,149.53714390712923,151.4782056004334,139.4976766328372,138.99732569112228,140.36694142140053,35630.97074498548,31753.570078633536,43526.53877312234,1092080205.8962681,1010945711.1312206,1325562828.745668,2184160411.7925363,2021891422.2624412,2651125657.491336,261.01343353161286,241.62182388413493,316.817119681087,26101.343353161286,24162.182388413494,31681.7119681087,2610.1343353161283,2416.218238841349,3168.17119681087,261013.43353161286,241621.8238841349,316817.119681087
18,2016-09-01 13:07:23.467133522+00:00,2016-09-01 13:07:19.454509497+00:00,A_high_quality,False,,A-quality,3,182.53768913088402,163.11433083424885,196.2297340042621,-56.01564344263632,-56.33454835722741,-53.19750988264621,238.87223748811144,216.31184071689506,252.24537744689843,139.2064510506973,138.22924246250113,139.83469638975717,139.2064510506973,138.22924246250113,139.83469638975717,121.65900195185705,120.76379899746364,122.01973784778843,586.0844333819375,476.9138018593832,636.845047924326,17963339.064244308,15183614.35816782,19394561.27213406,35926678.128488615,30367228.71633564,38789122.54426812,4.2933410765402265,3.6289709269043544,4.635411393913494,429.33410765402266,362.89709269043544,463.5411393913494,42.933410765402265,36.28970926904354,46.35411393913494,4293.341076540226,3628.970926904354,4635.411393913494
20,2016-09-01 13:07:26.187133551+00:00,2016-09-01 13:07:22.174509525+00:00,A_high_quality,False,,A-quality,3,57.503472657225714,53.35354506125676,62.50468404095432,-18.228509246886794,-27.626896066869044,-8.30277787972296,80.73319328784112,65.80625053694868,80.9804411281258,129.173281540628,128.52266571259239,129.8976513702147,129.173281540628,128.52266571259239,129.8976513702147,112.18227661627861,111.34089645873779,112.37134301925335,66.11312002345883,54.46902948572627,69.05486701641686,2104858.6024093307,1658806.8529978166,2116514.1395997815,4209717.204818661,3317613.7059956333,4233028.279199563,0.5030732797345436,0.39646435301095045,0.5058590199808273,50.30732797345436,39.646435301095046,50.585901998082726,5.030732797345436,3.9646435301095044,5.058590199808273,503.07327973454363,396.46435301095045,505.85901998082727
21,2016-09-01 13:07:26.789893389+00:00,2016-09-01 13:07:22.777269363+00:00,A_high_quality,False,,A-quality,3,42.690073072874306,39.18952467684235,44.47771604794659,-19.373848494968637,-21.925610695639314,-14.461921480293272,61.11513537248167,58.939637528239864,62.06392156784294,126.58593805050555,125.84280000722585,126.94224964505258,126.58593805050555,125.84280000722585,126.94224964505258,110.107406530551,109.65983245183781,110.16948158885003,41.00158488658795,36.986500013392906,41.59184157782224,1248667.5572486,1133626.8337761478,1324169.0227909642,2497335.1144972,2267253.6675522956,2648338.0455819285,0.29843870871142447,0.2709433159120812,0.31648399206284994,29.843870871142446,27.09433159120812,31.648399206284992,2.9843870871142446,2.709433159120812,3.1648399206284994,298.43870871142445,270.9433159120812,316.48399206284995
22,2016-09-01 13:07:28.405903101+00:00,2016-09-01 13:07:24.420000076+00:00,A_high_quality,True,payload_impact,A-quality and named,3,265.17905139254367,234.1865640166422,273.71788521781264,-114.27821973564072,-120.75185687327271,-109.4680086400374,379.4572711281844,343.6545726566796,394.4697420910853,142.4501843408043,141.37063958028426,142.72546360508204,142.4501843408043,141.37063958028426,142.72546360508204,126.25588343815818,125.7663933897532,126.33568435492151,1689.0726709932292,1509.0350609639675,1720.3960106622912,51769648.47559323,48043496.181699656,52393162.11985307,103539296.95118646,96086992.36339931,104786324.23970614,12.373242943497427,11.482671171534335,12.522266281035629,1237.3242943497428,1148.2671171534334,1252.226628103563,123.73242943497426,114.82671171534335,125.22266281035628,12373.242943497427,11482.671171534335,12522.266281035629
23,2016-09-01 13:07:28.985893250+00:00,2016-09-01 13:07:24.987499952+00:00,A_high_quality,True,payload_explosion,A-quality and named,3,292.52589405730714,274.8473374263174,303.68692692791626,-112.15079012691479,-118.92421610819767,-108.5736810967309,404.6766841842219,383.42101852304825,422.61114303611396,143.3026863941245,142.7612307689199,143.6279220241789,143.3026863941245,142.7612307689199,143.6279220241789,126.96570008698806,126.50867315340196,127.15859413382175,1988.9780942902423,1790.3061628858768,2079.3107779738402,60961673.5474811,56998388.92128616,63323598.76026598,121923347.0949622,113996777.84257232,126647197.52053197,14.57018966239988,13.622941902793059,15.134703336583648,1457.018966239988,1362.294190279306,1513.4703336583648,145.70189662399878,136.2294190279306,151.34703336583647,14570.18966239988,13622.941902793058,15134.703336583647
24,2016-09-01 13:07:30.451133490+00:00,2016-09-01 13:07:26.457999945+00:00,A_high_quality,True,event_024,A-quality and named,3,253.61996125221734,210.7873528071633,259.07104159383596,-85.04581329189777,-108.44152797109803,-83.22015350720216,336.8401147594195,295.8331660990611,367.512569564934,142.06306872395294,140.45629108177772,142.2477775105541,142.06306872395294,140.45629108177772,142.2477775105541,125.38783487481913,124.0532145887599,125.72036002692718,1383.0678268465613,1017.1416781078829,1493.1244049660077,42390677.70343207,32382973.459349263,45471803.31136528,84781355.40686414,64765946.91869853,90943606.62273055,10.131615129883382,7.739716409978313,10.868021823940076,1013.1615129883382,773.9716409978313,1086.8021823940076,101.31615129883382,77.39716409978313,108.68021823940076,10131.615129883383,7739.716409978313,10868.021823940077
25,2016-09-01 13:07:32.797893286+00:00,2016-09-01 13:07:28.785269260+00:00,A_high_quality,False,,A-quality,3,97.68376265770011,92.27530726723543,97.7503547980145,-99.59655995736475,-101.08241107540019,-96.27493431103683,194.02528910905133,191.87186722460018,198.7661737331003,133.77584768162484,133.28111008723712,133.7817669347363,133.94428685171346,133.7817669347363,134.07291193494927,119.13118970059921,119.04478656871188,119.13966639192554,327.47561120655,321.0248473974233,328.1154122182129,10037044.33067646,9992469.105850415,10220541.874167291,20074088.66135292,19984938.21170083,20441083.748334583,2.3989111688997276,2.3882574344766767,2.4427681343612075,239.89111688997275,238.82574344766766,244.27681343612076,23.989111688997273,23.882574344766766,24.427681343612075,2398.9111688997277,2388.2574344766767,2442.7681343612076
26,2016-09-01 13:07:34.435133696+00:00,2016-09-01 13:07:30.422509670+00:00,A_high_quality,False,,A-quality,3,36.26052660741508,31.66834933896153,36.799062108522804,-11.528056522776994,-14.720677083168361,-7.548152053238278,46.38902642212989,44.34721416176108,47.78858313019207,125.16808222699224,123.99190862813202,125.29613508721042,125.16808222699224,123.99190862813202,125.29613508721042,106.94010451833785,106.74833212781083,107.21329252326613,19.772903333118624,18.918783360199114,21.056648314214467,602166.5497314525,579855.9061212452,670385.3535630417,1204333.099462905,1159711.8122424905,1340770.7071260833,0.14392125949604506,0.13858888769628233,0.16022594492424513,14.392125949604505,13.858888769628233,16.022594492424513,1.4392125949604506,1.3858888769628233,1.6022594492424513,143.92125949604505,138.58888769628234,160.22594492424514
27,2016-09-01 13:07:38.384000063+00:00,2016-09-01 13:07:34.371376038+00:00,A_high_quality,False,,A-quality,3,33.43832100138764,32.41585226326005,39.97840141268037,-35.254988869180956,-36.81398313500618,-16.19719026376883,68.6933098705686,56.1755916764492,69.22983539826623,124.46428933877115,124.19454897407218,126.01590857294164,125.29965626720418,124.92381172464489,126.01590857294164,108.57257850852152,107.88276140632242,108.71097794866957,28.79505034480546,24.566095281520248,29.727458821225955,882560.9814117727,782116.4235263382,905323.8671671643,1765121.9628235453,1564232.8470526764,1810647.7343343287,0.21093713704870284,0.18693031155027204,0.21637759731528786,21.093713704870282,18.693031155027203,21.637759731528785,2.1093713704870285,1.8693031155027202,2.1637759731528785,210.93713704870285,186.93031155027202,216.37759731528786
29,2016-09-01 13:07:41.861893177+00:00,2016-09-01 13:07:37.849269152+00:00,A_high_quality,False,,A-quality,3,34.34657708759646,32.546859798563446,34.60835102174353,-38.46065442614083,-40.131327206361405,-29.60384414241387,73.06900544788436,62.150703940977316,74.47790429395786,124.6970693390627,124.22958194914014,124.76301822734534,125.67973348052817,124.22958194914014,126.04907054223332,109.09389214437988,108.43937612731965,109.47442304904955,32.467526656226475,27.9252843521788,35.44070041221579,988770.2466105295,889063.6982879317,1086248.4685104343,1977540.493221059,1778127.3965758635,2172496.9370208685,0.23632176066217245,0.21249132368258405,0.25961961484475005,23.632176066217244,21.249132368258405,25.961961484475005,2.3632176066217245,2.1249132368258405,2.5961961484475005,236.32176066217244,212.49132368258404,259.61961484475006
32,2016-09-01 13:07:47.696133614+00:00,2016-09-01 13:07:43.683509588+00:00,A_high_quality,False,,A-quality,3,46.08463025610048,45.98260981744018,46.61894820960207,-13.763575764295396,-15.400216859306884,-7.589495121711485,60.38252397389746,53.67412537781197,61.38282667674706,127.25052223532325,127.23127242110009,127.3506495064824,127.25052223532325,127.23127242110009,127.3506495064824,109.89370136664638,109.59215841056542,110.19819612245155,39.03283789893874,36.41462420025164,41.86774819931651,1196346.57036078,1108975.6645755323,1332953.1253338156,2392693.14072156,2217951.3291510646,2665906.250667631,0.2859336927248518,0.26505154507063394,0.3185834429574129,28.59336927248518,26.505154507063395,31.85834429574129,2.859336927248518,2.6505154507063393,3.185834429574129,285.9336927248518,265.05154507063395,318.5834429574129
36,2016-09-01 13:07:57.957893372+00:00,2016-09-01 13:07:53.945269346+00:00,A_high_quality,False,,A-quality,3,28.894034249863832,22.139669940728567,32.80122336249047,-32.76407783757682,-39.35081741166873,-18.645081072528402,54.90374777830539,47.539115322392234,72.15204077415919,123.19556375166664,120.8828229288764,124.29720091807049,124.28735906701323,123.19556375166664,125.87847524943528,111.05788563836596,107.28830419126682,111.42269443061842,51.03270104536552,21.42349933924126,55.50465842950242,1624739.8362292803,652434.0135056062,1701203.6870879738,3249479.6724585607,1304868.0270112124,3402407.3741759476,0.38832214059017217,0.1559354716791602,0.406597439552575,38.83221405901722,15.59354716791602,40.6597439552575,3.8832214059017214,1.5593547167916018,4.06597439552575,388.3221405901722,155.9354716791602,406.597439552575
37,2016-09-01 13:08:09.591133595+00:00,2016-09-01 13:08:05.578509569+00:00,A_high_quality,False,,A-quality,3,36.58694970704413,36.547954227564844,47.52978250846611,-32.92582506635712,-35.15998541184642,-16.592389382171618,69.51277477340125,64.12217189063773,71.70793963941126,125.2459241547694,125.23666153336657,127.5187166269437,125.2459241547694,125.23666153336657,127.5187166269437,109.23857917055896,109.09961138726239,110.05778360354066,33.56741581323852,32.51031144855973,40.53576296049654,1028832.7712173337,990073.2201974756,1290546.4050456544,2057665.5424346675,1980146.4403949513,2581092.810091309,0.2458969338473551,0.23663317882348844,0.30844799355775676,24.589693384735508,23.663317882348842,30.844799355775674,2.4589693384735507,2.366331788234884,3.0844799355775674,245.8969338473551,236.63317882348844,308.4479935577568
38,2016-09-01 13:08:18.232000113+00:00,2016-09-01 13:08:14.219376087+00:00,A_high_quality,False,,A-quality,3,26.373777726007585,26.180906334013557,28.656905399332043,-21.060687471445856,-27.75093054645338,-16.958199495567037,47.241593805459416,45.615104894899076,54.124708272460964,122.4028469207781,122.33909362547473,123.12398588711133,122.84495109673327,122.33909362547473,123.12398588711133,106.38999415738765,106.00282858412913,109.60794607343077,17.42045151147826,15.934661777032018,36.54724113546743,530524.678379461,488393.33732712216,1163562.918691796,1061049.356758922,976786.6746542443,2327125.837383592,0.12679844129528228,0.1167288091126009,0.2780982119244254,12.679844129528227,11.67288091126009,27.80982119244254,1.2679844129528228,1.167288091126009,2.780982119244254,126.79844129528227,116.7288091126009,278.0982119244254
39,2016-09-01 13:08:22.663133621+00:00,2016-09-01 13:08:18.650509596+00:00,A_high_quality,False,,A-quality,3,34.217394585167185,27.218546629188804,39.943237472323,-26.148005130111976,-39.23258251368593,-20.522985560395714,60.466223032718716,60.36539971527916,66.45112914287473,124.66433884636706,122.67669872171929,126.00826533315944,125.85233802322306,124.66433884636706,126.00826533315944,110.28337500725223,110.11987162374072,111.69224441202032,42.69701283904907,41.119436427816325,59.05877472325098,1300300.3389019533,1260300.2854405236,1880267.7892055416,2600600.6778039066,2520600.5708810473,3760535.578411083,0.31077923969931964,0.3012189974762246,0.44939478709501474,31.077923969931962,30.12189974762246,44.93947870950147,3.1077923969931964,3.012189974762246,4.493947870950147,310.77923969931965,301.2189974762246,449.39478709501475
52,2016-09-01 13:10:28.724571705+00:00,2016-09-01 13:10:24.711947680+00:00,A_high_quality,False,,A-quality,3,12.783688807911608,11.955964492531583,17.25067335041881,-12.15788856547021,-13.590125819262312,-10.222487755012962,24.94157737338182,22.178452247544545,30.840799169681123,116.11252388892886,115.53109241827985,118.71552112031367,116.11252388892886,115.53109241827985,118.71552112031367,102.2615145221875,101.565246405794,105.09634563468157,6.733043860215067,5.735676280233403,12.932859359602881,205048.98659496842,175797.02158278055,411746.41685570223,410097.97318993683,351594.0431655611,823492.8337114045,0.0490078839854131,0.04201649655420185,0.09840975546264394,4.90078839854131,4.201649655420185,9.840975546264394,0.490078839854131,0.4201649655420185,0.9840975546264393,49.0078839854131,42.01649655420185,98.40975546264394
54,2016-09-01 13:14:17.363133430+00:00,2016-09-01 13:14:13.350509405+00:00,A_high_quality,False,,A-quality,3,121.01944543080172,113.39192709990232,136.6830341582682,-137.71683785642352,-138.02379658654803,-121.09346248954657,259.04324201734977,234.48538958944889,274.3998720146917,135.6365032558235,135.0710428108798,136.69369230511197,136.7591409312313,135.6418140344114,136.77847947203108,121.05838585980835,120.77389571132896,121.56778574207954,510.385793428311,478.0238468008625,573.9030932522961,15643194.971109875,15218955.11418273,17477718.862110917,31286389.94221975,30437910.22836546,34955437.72422183,3.7388133296151707,3.6374175703113596,4.177275062646013,373.88133296151705,363.74175703113593,417.72750626460123,37.38813329615171,36.37417570311359,41.77275062646012,3738.8133296151705,3637.4175703113597,4177.275062646013
56,2016-09-01 13:14:30.495133400+00:00,2016-09-01 13:14:26.482509375+00:00,A_high_quality,False,,A-quality,3,108.158551048741,95.37529168967282,112.50991306162251,-52.407618734443574,-53.6938941427634,-51.999802844586476,161.8524451915044,147.78291042411638,164.50971590620898,134.66061729851046,133.56811767038732,135.0032158686981,134.66061729851046,133.56811767038732,135.0032158686981,119.30503900700205,118.48458817768334,119.37233589396763,340.8504659525783,282.17517892298133,346.1733100371258,10446980.232491061,8983676.046928095,10542406.656336728,20893960.464982122,17967352.09385619,21084813.312673457,2.496888200882185,2.1471501068183785,2.5196956635604035,249.68882008821848,214.71501068183784,251.96956635604036,24.968882008821847,21.471501068183784,25.196956635604035,2496.8882008821847,2147.1501068183784,2519.6956635604033
57,2016-09-01 13:15:46.158893108+00:00,2016-09-01 13:15:42.146269083+00:00,A_high_quality,False,,A-quality,3,84.70605306468916,65.55695231554182,88.38661958906347,-49.554664259554514,-49.78087353863212,-42.220808957394716,130.60742854645818,115.11161657509633,134.48692660332128,132.53768900612408,130.3117751947846,132.90713057284944,132.53768900612408,130.3117751947846,132.90713057284944,115.73122983943422,115.14309817652506,115.97713103025727,149.68661771290525,130.7283588059213,158.40653502942433,4587856.824384483,4162028.815367671,4824133.059600523,9175713.648768965,8324057.630735342,9648266.119201045,1.0965240976062338,0.9947487608431337,1.1529954731358802,109.65240976062339,99.47487608431337,115.29954731358802,10.965240976062338,9.947487608431336,11.529954731358801,1096.5240976062337,994.7487608431337,1152.9954731358803
62,2016-09-01 13:19:13.066893101+00:00,2016-09-01 13:19:09.054269075+00:00,A_high_quality,False,,A-quality,3,45.8178545924775,43.87022804873543,52.42943940135001,-16.076364308601757,-19.2217727078426,-5.113003258889276,61.894218901079256,57.54244266023929,63.09200075657803,127.20009507909029,126.82279792642629,128.3709043681351,127.20009507909029,126.82279792642629,128.3709043681351,110.20583942350197,110.15878937764653,111.91675899346188,41.94149759722294,41.48956955006441,62.19219581336443,1277291.7802307564,1271644.7716530024,1980027.2368636746,2554583.5604615128,2543289.5433060047,3960054.473727349,0.3052800621966435,0.3039303947545417,0.4732378673192339,30.52800621966435,30.39303947545417,47.32378673192339,3.0528006219664348,3.0393039475454167,4.732378673192339,305.2800621966435,303.9303947545417,473.2378673192339
65,2016-09-01 13:19:14.521133423+00:00,2016-09-01 13:19:10.508509397+00:00,A_high_quality,False,,A-quality,3,70.85929532768233,52.65605829175206,71.39896858170802,-20.817644496188223,-29.467363439854484,-19.268113367532315,90.12740869521465,73.47370278794028,100.8663320215625,130.98733666878582,128.40836700125817,131.05323884815195,130.98733666878582,128.40836700125817,131.05323884815195,113.39575956393335,111.18668924359787,113.71134571653423,87.42506174786135,52.56890316546922,94.01443988760036,2679555.943547652,1673648.256318854,2863127.8845746694,5359111.887095304,3347296.512637708,5726255.769149339,0.6404292408096682,0.40001153353701097,0.684303987709051,64.04292408096683,40.0011533537011,68.4303987709051,6.404292408096682,4.0001153353701095,6.84303987709051,640.4292408096683,400.01153353701096,684.303987709051
66,2016-09-01 13:19:15.211999893+00:00,2016-09-01 13:19:11.199375868+00:00,A_high_quality,False,,A-quality,3,48.599172303094896,44.53481627607401,53.766705700985405,-13.86174688755772,-17.984630053186088,-13.834454456636156,62.5194463292601,62.433626759731055,67.62845258854313,127.71197754305284,126.95339338706069,128.5896686460145,127.71197754305284,126.95339338706069,128.5896686460145,110.56526235802596,109.12953937674885,110.73547713242982,45.5602634950665,32.73511937517918,47.38137989248965,1396410.5074342599,1042195.5217556449,1442958.6576487687,2792821.0148685197,2084391.0435112899,2885917.3152975375,0.33375012127969883,0.24909070787658819,0.34487539618756424,33.37501212796988,24.90907078765882,34.48753961875642,3.337501212796988,2.490907078765882,3.448753961875642,333.7501212796988,249.09070787658817,344.87539618756426
69,2016-09-01 13:19:18.855133533+00:00,2016-09-01 13:19:14.842509508+00:00,A_high_quality,False,,A-quality,3,32.664609000133176,27.64488678489323,34.23330938727486,-15.275966243943275,-17.026954233178085,-13.58535833215401,46.249967332287184,44.67184101807132,49.50927563121813,124.26094936656447,122.81169640064968,124.6683777885309,124.26094936656447,122.81169640064968,124.6683777885309,107.60613590856708,107.54756486795968,107.89134987468262,23.0501407785945,22.741362351784993,24.61472447142739,724021.9817137297,706480.9619583016,749619.9954977478,1448043.9634274594,1412961.9239166032,1499239.9909954956,0.17304540671934265,0.1688530023800912,0.17916347884745407,17.304540671934266,16.88530023800912,17.916347884745406,1.7304540671934265,1.688530023800912,1.7916347884745405,173.04540671934265,168.8530023800912,179.16347884745406
70,2016-09-01 13:19:22.621893167+00:00,2016-09-01 13:19:18.609269142+00:00,A_high_quality,False,,A-quality,3,37.5657104514994,31.263212688053603,43.35794528817627,-13.929081346922457,-15.60366880601909,-7.962481033881973,51.32042632205824,46.86688149407269,51.49479179842186,125.47523222136498,123.88007219058298,126.72077394701766,125.47523222136498,123.88007219058298,126.72077394701766,108.49196809340471,107.23812414373336,109.07047784016449,28.265508356196108,21.177388590895337,32.292954103731965,866330.6539225165,674229.3895114105,983453.7915688786,1732661.307845033,1348458.779022821,1966907.5831377571,0.20705799567937774,0.1611446915658247,0.23505109741129984,20.705799567937774,16.11446915658247,23.505109741129985,2.0705799567937775,1.611446915658247,2.350510974112998,207.05799567937774,161.1446915658247,235.05109741129985
71,2016-09-01 13:19:22.807133436+00:00,2016-09-01 13:19:18.794509411+00:00,A_high_quality,False,,A-quality,3,38.42314233816003,37.392844608057274,42.71822838717937,-9.4740368860154,-13.071649460261847,-8.60219793487929,51.320426322058665,46.86688149407267,51.49479179842187,125.67125767949176,125.43517018177626,126.59166475288592,125.67125767949176,125.43517018177626,126.59166475288592,108.24217299333775,108.05216354914825,108.88790716103722,26.685619583999003,25.54326130806936,30.963547169344398,817907.4642209831,813226.6829761151,942967.8612336816,1635814.9284419662,1626453.3659522303,1885935.722467363,0.19548457557862883,0.19436584201149978,0.22537472782831777,19.548457557862882,19.436584201149977,22.537472782831777,1.9548457557862882,1.9436584201149978,2.2537472782831776,195.48457557862884,194.36584201149978,225.37472782831776
72,2016-09-01 13:19:23.733893156+00:00,2016-09-01 13:19:19.721269131+00:00,A_high_quality,False,,A-quality,3,29.65088006509812,28.510386357233326,31.959018530135264,-12.804662326771926,-17.29295211584681,-9.515998608258837,41.31504868400525,39.16687867335696,49.25197064598207,123.42015184965932,123.07946214015445,124.07126875769998,123.42015184965932,123.07946214015445,124.07126875769998,106.39780123801492,105.60631780259106,107.99433188408594,17.45179549373604,14.54426475510416,25.20537596208677,534893.100512594,442932.9157389099,802469.3495320551,1069786.201025188,885865.8314778198,1604938.6990641102,0.1278425192429718,0.10586350758578153,0.19179477761282387,12.784251924297179,10.586350758578153,19.17947776128239,1.2784251924297179,1.0586350758578151,1.9179477761282386,127.84251924297179,105.86350758578153,191.79477761282388
73,2016-09-01 13:19:25.036000013+00:00,2016-09-01 13:19:21.023375988+00:00,A_high_quality,False,,A-quality,3,54.11346088042391,47.61596497255111,57.801675826147765,-14.744753810093092,-19.48997250768362,-14.375742369397354,68.858214690517,67.10593748023473,72.17741819554512,128.64550629788184,127.53445188776874,129.21820868609913,128.64550629788184,127.53445188776874,129.21820868609913,111.31211282943788,110.31705485039579,111.5626908991672,54.10922009645365,43.02941843117809,57.323022453913985,1658433.85651057,1369937.4875879202,1745722.723148908,3316867.71302114,2739874.9751758403,3491445.446297816,0.3963752047109393,0.3274229176835373,0.4172377445384579,39.63752047109393,32.74229176835373,41.72377445384579,3.9637520471093928,3.274229176835373,4.172377445384579,396.3752047109393,327.4229176835373,417.2377445384579
74,2016-09-01 13:19:26.839133501+00:00,2016-09-01 13:19:22.826509476+00:00,A_high_quality,False,,A-quality,3,48.38467367990746,41.839468261494844,49.34081557714659,-17.143970996087496,-20.012750184395763,-16.72574865958571,65.52864467599495,61.85221844589061,66.0665642367323,127.67355641451317,126.41112321548883,127.84352656406588,127.67355641451317,126.41112321548883,127.84352656406588,110.5776954690218,110.45579076227429,110.67843947517899,45.690881645704074,44.42618978615483,46.76316948686949,1414406.8183512925,1400413.9205846621,1424131.5981781017,2828813.636702585,2800827.8411693242,2848263.1963562034,0.33805134281818655,0.3347069599867739,0.34037562097946983,33.80513428181865,33.47069599867739,34.03756209794698,3.380513428181865,3.347069599867739,3.403756209794698,338.0513428181865,334.7069599867739,340.37562097946983
75,2016-09-01 13:19:29.365000010+00:00,2016-09-01 13:19:25.352375984+00:00,A_high_quality,False,,A-quality,3,57.74484985631703,46.52001081047909,62.32758642252402,-28.0350897413251,-29.616452981224473,-26.258593337459526,85.77993959764213,72.77860414793862,91.94403940374849,129.2096652160224,127.33219622630556,129.87300627812218,129.2096652160224,127.33219622630556,129.87300627812218,113.0426558025487,110.9551230190683,113.52840984797199,80.59824245615881,49.83934122934877,90.13655929953092,2470315.665727033,1586746.5653986011,2745030.4087185506,4940631.331454066,3173493.1307972022,5490060.817437101,0.5904196141795012,0.3792415309270079,0.6560780135560589,59.04196141795012,37.92415309270079,65.60780135560589,5.904196141795011,3.792415309270079,6.560780135560589,590.4196141795012,379.2415309270079,656.0780135560589
76,2016-09-01 13:19:33.371133566+00:00,2016-09-01 13:19:29.358509541+00:00,A_high_quality,False,,A-quality,3,24.27352494626219,21.261826884857832,27.768419027336204,-14.530318933797487,-16.37946455280638,-7.982323874835388,37.64129143766421,35.750742902171595,38.803843880059674,121.68205705015424,120.53141164223061,122.85042317164323,121.68205705015424,120.53141164223061,122.85042317164323,105.36186093388605,104.84839913942004,107.06166593256539,13.748207704148042,12.215180963408608,20.334176297963943,421379.07517896243,372002.697386421,647383.8458764381,842758.1503579249,744005.394772842,1294767.6917528762,0.10071201605615737,0.08891077853403943,0.15472845264733223,10.071201605615737,8.891077853403942,15.472845264733223,1.0071201605615736,0.8891077853403943,1.5472845264733222,100.71201605615737,88.91077853403944,154.72845264733223
78,2016-09-01 13:19:42.404133558+00:00,2016-09-01 13:19:38.391509533+00:00,A_high_quality,False,,A-quality,3,28.55284326832576,26.22102474690454,32.70948810900067,-14.014651818474801,-14.398836232541006,-9.035665463481825,41.745153572482494,40.23567656537934,42.95167950086677,123.09238731507327,122.35239329469377,124.27287503942736,123.09238731507327,122.35239329469377,124.27287503942736,107.19604924742426,106.65682944671985,108.83925907212195,20.9732105171024,18.52434820933862,30.618640139300943,642823.5768189507,564142.8908701441,974812.6857182848,1285647.1536379014,1128285.7817402883,1949625.3714365696,0.15363852218426163,0.1348333869192505,0.23298582354643518,15.363852218426164,13.48333869192505,23.298582354643518,1.5363852218426162,1.348333869192505,2.329858235464352,153.63852218426163,134.8333869192505,232.98582354643517
81,2016-09-01 13:19:56.212066889+00:00,2016-09-01 13:19:52.199442863+00:00,A_high_quality,False,,A-quality,3,35.62663719102729,14.659897015858682,37.035798446542195,-10.275198980968879,-24.45137663292884,-10.262197055295237,45.90183617199617,39.111273648787524,47.297995501837434,125.01489670870308,117.30201847563103,125.35183432565421,125.01489670870308,121.74546639252188,125.35183432565421,108.14129034977996,108.03900011918627,108.95454662579759,26.072881230205354,25.465957106893793,31.442325107519185,794026.8895996488,780525.1189951387,1001036.5334267917,1588053.7791992975,1561050.2379902774,2002073.0668535833,0.18977698126186635,0.18654998063937347,0.23925347357236895,18.977698126186635,18.65499806393735,23.925347357236895,1.8977698126186633,1.8654998063937347,2.3925347357236895,189.77698126186635,186.54998063937347,239.25347357236896
83,2016-09-01 13:20:03.937999964+00:00,2016-09-01 13:19:59.925375938+00:00,A_high_quality,False,,A-quality,3,40.56087736482631,37.073872929246,48.350476437869986,-35.397763421930684,-36.114699095287705,-32.496459636631656,75.958640786757,69.57033256587766,84.46517553315769,126.14154689812814,125.36075922783633,127.66741524489126,126.14154689812814,125.36075922783633,127.66741524489126,109.94878503748686,109.55859191226288,110.65987264375076,39.531063208562365,36.13426144803856,46.563675683123115,1211617.0495910738,1150414.7894339946,1418056.1881348256,2423234.0991821475,2300829.578867989,2836112.376269651,0.28958342485446315,0.2749557336123314,0.3389235631297384,28.958342485446313,27.495573361233138,33.89235631297384,2.8958342485446313,2.749557336123314,3.389235631297384,289.58342485446315,274.95573361233136,338.9235631297384
91,2016-09-01 13:20:26.312566757+00:00,2016-09-01 13:20:22.299942732+00:00,A_high_quality,False,,A-quality,3,27.11467647989353,23.963334922229986,29.350093972394596,-7.53822591214388,-10.854632968394636,-5.786289646967854,34.81796789062462,34.65290239203741,35.13638361936245,122.64348862664535,121.57034524047856,123.33159000870111,122.64348862664535,121.57034524047856,123.33159000870111,106.270415708332,104.9865229765701,106.63495735227194,16.947340770257593,12.609918770617853,18.43128975141463,519431.6913294266,384024.0935067175,586801.209396839,1038863.3826588532,768048.187013435,1173602.418793678,0.12414715375942319,0.09178396116317339,0.14024885501836495,12.414715375942318,9.178396116317339,14.024885501836495,1.2414715375942318,0.9178396116317339,1.4024885501836495,124.14715375942319,91.78396116317339,140.24885501836496
95,2016-09-01 13:20:40.735133410+00:00,2016-09-01 13:20:36.722509384+00:00,A_high_quality,False,,A-quality,3,35.42777151124641,26.511868672032687,36.8352270125977,-15.69566478540105,-22.134321066292046,-14.69251953117272,51.12343629664746,48.646189738324736,51.52774654377042,124.96627678802287,122.44820688231071,125.30466710115589,124.96627678802287,122.44820688231071,125.30466710115589,107.99308471528322,107.85802080077742,108.11056167211777,25.198138742495622,24.426546611185916,25.889052639040166,777673.5804249421,772316.5541309351,788428.5499618615,1555347.1608498842,1544633.1082618702,1576857.099923723,0.1858684465642787,0.1845880865513707,0.1884389459755883,18.58684465642787,18.45880865513707,18.84389459755883,1.858684465642787,1.8458808655137071,1.884389459755883,185.86844656427868,184.5880865513707,188.4389459755883
98,2016-09-01 13:21:08.956566811+00:00,2016-09-01 13:21:04.943942785+00:00,A_high_quality,False,,A-quality,3,14.675190984965264,14.03476806927921,22.205251853270166,-15.542157204330808,-17.814550937552365,-13.171024483524207,29.576925273610016,27.84621546848947,40.01980279082253,117.31107532521811,116.92350488916553,120.90851415334316,117.80962603485663,117.31107532521811,120.90851415334316,103.65147522975212,103.42518025115139,106.1449610402805,9.272727864145674,8.801932149541644,16.46478618902999,282392.8509880913,269776.9853915423,524193.18335775344,564785.7019761826,539553.9707830846,1048386.3667155069,0.06749351123042335,0.0644782469865063,0.12528517766676708,6.749351123042335,6.44782469865063,12.528517766676709,0.6749351123042335,0.6447824698650629,1.2528517766676708,67.49351123042335,64.47824698650629,125.28517766676708
109,2016-09-01 13:21:21.709893227+00:00,2016-09-01 13:21:17.697269201+00:00,A_high_quality,False,,A-quality,3,18.033189045321365,17.249433459511337,21.162468357795056,-11.958448059583004,-14.37329592145811,-11.320834537265725,29.35402358258709,29.207881519094343,35.535764279253165,119.10085079678225,118.71489680018331,120.49072652189396,119.10085079678225,118.71489680018331,120.49072652189396,102.4428633522758,102.3446963162859,103.74079649248044,7.020148944915472,6.863246905953065,9.465414579956118,218506.76969001943,215165.78260121384,288260.95709693554,437013.53938003886,430331.5652024277,576521.9141938711,0.052224371340826824,0.0514258562622404,0.06889602225070161,5.222437134082682,5.14258562622404,6.889602225070162,0.5222437134082683,0.514258562622404,0.688960222507016,52.22437134082682,51.4258562622404,68.8960222507016
148,2016-09-01 13:29:55.158133507+00:00,2016-09-01 13:29:51.145509481+00:00,A_high_quality,False,,A-quality,3,31.813855467044604,24.99984875065326,32.792045660220865,-35.91663498412819,-47.764625630181534,-31.019822309777243,67.73049045117278,56.019671060430504,80.55667129040239,124.0317261608508,121.93814771059681,124.29477028728313,125.08531290704782,123.8121862012081,127.56152765031396,110.5414070091927,109.36474523271458,112.59241460666098,45.31069172114493,34.55687918067933,72.66101362399836,1379897.6528635034,1059159.572184261,2313325.396411281,2759795.305727007,2118319.144368522,4626650.792822562,0.3298034543172809,0.25314521323715605,0.5528980392952393,32.98034543172809,25.314521323715606,55.28980392952393,3.298034543172809,2.53145213237156,5.528980392952392,329.8034543172809,253.14521323715604,552.8980392952393
149,2016-09-01 13:30:42.723999977+00:00,2016-09-01 13:30:38.711375952+00:00,A_high_quality,False,,A-quality,3,13.7484835723032,11.56991196769713,16.11155954909051,-20.440951078998296,-21.617839846362187,-20.038604721813723,33.78708829411693,32.01086304669543,37.7293993954527,116.74449606822877,115.24600117744282,118.1221517030287,120.18942206348022,120.01674965745794,120.67564598852488,102.58837678880617,102.58492068107145,102.88982283946574,7.259348902876484,7.253574224022024,7.781122906844362,230933.71025644994,222497.20057492156,236967.32113198616,461867.4205128999,444994.4011498431,473934.6422639723,0.05519448141884559,0.05317810721197934,0.056636549027721354,5.519448141884559,5.317810721197934,5.6636549027721355,0.5519448141884559,0.5317810721197933,0.5663654902772135,55.194481418845584,53.17810721197934,56.63654902772135
151,2016-09-01 13:33:31.789000034+00:00,2016-09-01 13:33:27.776376009+00:00,A_high_quality,False,,A-quality,3,18.05918943303814,13.791560828147727,21.316337327053123,-33.031190000865514,-41.22277832253408,-32.09408207374906,53.41041940080218,51.09037943390365,55.014339150681806,119.11336515836452,116.77166847143062,120.55365177176515,124.35788448909832,124.10789926462657,126.2821452647367,106.72301098828382,106.47641387580981,107.99902923583737,18.808800072621004,17.770570845599007,25.232652976917795,572805.624622073,544663.4841035646,803337.774124553,1145611.249244146,1089326.9682071293,1606675.548249106,0.1369038299765949,0.13017769696547912,0.1920023360718339,13.690382997659489,13.017769696547912,19.20023360718339,1.369038299765949,1.3017769696547912,1.9200233607183388,136.9038299765949,130.17769696547913,192.0023360718339
