freqmin_hz,freqmax_hz,geometric_center_frequency_hz,first_significant_peak_time_s,first_significant_peak_velocity_mps,largest_peak_time_s,largest_peak_velocity_mps,largest_peak_anomaly_sigma
0.8,1.3,1.019803902718557,1.4429999999999996,983.9823358430496,3.447,411.9194982946098,18.538592750665014
1.1,1.8,1.407124727947029,3.0469999999999997,465.99491651510345,3.0469999999999997,465.99491651510345,17.106523568526086
1.5,2.5,1.9364916731037085,2.9029999999999996,489.1100622189185,2.9029999999999996,489.1100622189185,104.09939698478321
2.0,3.5,2.6457513110645907,2.127,667.5536016086131,3.278999999999999,433.0242484359623,154.4303845363057
3.0,5.0,3.872983346207417,2.5909999999999993,548.0071441997377,3.246999999999999,437.2918110937852,66.53449837487956
4.0,7.0,5.291502622129181,2.151,660.1053047984752,3.1949999999999994,444.40892351221294,38.328259215066645
6.0,10.0,7.745966692414834,2.239,634.161014123055,3.447,411.9194982946098,11.418631918648769
8.0,14.0,10.583005244258363,2.731,519.9145040723253,2.731,519.9145040723253,12.68562664618998
12.0,20.0,15.491933384829668,1.3709999999999996,1035.6575569814154,3.1390000000000002,452.33721268605285,10.589607824594756
18.0,30.0,23.2379000772445,2.875,493.87356891183305,2.875,493.87356891183305,5.380544809985346
25.0,45.0,33.54101966249684,,,3.447,411.9194982946098,3.125763959748152
