source_name,source_event_id,source_name_value,event_type,time_utc,precision,time_definition,quality,pad,vehicle_mission,stations_recorded,notes,source_url,source_file,time_role,location,status,retrieved_at,cache_source,persistent_event_id
launch_library_2,5312259d-6ede-4929-ba2e-3db5a590f635,Atlas V 401 | GPS IIF-12 (USA-266),orbital_launch,2016-02-05T13:38:00Z,,LL2 NET/T-0,Launch Successful,Space Launch Complex 41,Atlas V 401 | GPS IIF-12,,,https://ll.thespacedevs.com/2.3.0/launches/5312259d-6ede-4929-ba2e-3db5a590f635/?format=json,,actual_event_time,"Cape Canaveral SFS, FL, USA",Launch Successful,2026-09-15T20:32:52.213460Z,launch_library_2,
launch_library_2,b69f83d9-5d6f-4dfa-8d2a-e1759448a3b1,Falcon 9 Full Thrust | SES-9,orbital_launch,2016-03-04T23:35:00Z,,LL2 NET/T-0,Launch Successful,Space Launch Complex 40,Falcon 9 Full Thrust | SES-9,,,https://ll.thespacedevs.com/2.3.0/launches/b69f83d9-5d6f-4dfa-8d2a-e1759448a3b1/?format=json,,actual_event_time,"Cape Canaveral SFS, FL, USA",Launch Successful,2026-09-15T20:32:52.213460Z,launch_library_2,
launch_library_2,2e0d05c0-79ea-4765-a2bc-afb5fbe3c3f0,Atlas V 401 | Cygnus CRS OA-6 (S.S. Rick Husband),orbital_launch,2016-03-23T03:05:52Z,,LL2 NET/T-0,Launch Successful,Space Launch Complex 41,Atlas V 401 | Cygnus CRS OA-6 (S.S. Rick Husband),,,https://ll.thespacedevs.com/2.3.0/launches/2e0d05c0-79ea-4765-a2bc-afb5fbe3c3f0/?format=json,,actual_event_time,"Cape Canaveral SFS, FL, USA",Launch Successful,2026-09-15T20:32:52.213460Z,launch_library_2,
launch_library_2,d47b8475-1175-479e-99b4-c86d535558e1,Falcon 9 Full Thrust | SpX CRS-8,orbital_launch,2016-04-08T20:43:32Z,,LL2 NET/T-0,Launch Successful,Space Launch Complex 40,Falcon 9 Full Thrust | SpX CRS-8,,,https://ll.thespacedevs.com/2.3.0/launches/d47b8475-1175-479e-99b4-c86d535558e1/?format=json,,actual_event_time,"Cape Canaveral SFS, FL, USA",Launch Successful,2026-09-15T20:32:52.213460Z,launch_library_2,
launch_library_2,c1f172a5-85a2-4fb1-96b4-b05267f62d85,Falcon 9 Full Thrust | JCSAT-14,orbital_launch,2016-05-06T05:21:00Z,,LL2 NET/T-0,Launch Successful,Space Launch Complex 40,Falcon 9 Full Thrust | JCSAT-14,,,https://ll.thespacedevs.com/2.3.0/launches/c1f172a5-85a2-4fb1-96b4-b05267f62d85/?format=json,,actual_event_time,"Cape Canaveral SFS, FL, USA",Launch Successful,2026-09-15T20:32:52.213460Z,launch_library_2,
launch_library_2,1af4fa39-c4d2-4e30-8b2a-70e9f94ac8a9,Falcon 9 Full Thrust | Thaicom 8,orbital_launch,2016-05-27T21:39:00Z,,LL2 NET/T-0,Launch Successful,Space Launch Complex 40,Falcon 9 Full Thrust | Thaicom 8,,,https://ll.thespacedevs.com/2.3.0/launches/1af4fa39-c4d2-4e30-8b2a-70e9f94ac8a9/?format=json,,actual_event_time,"Cape Canaveral SFS, FL, USA",Launch Successful,2026-09-15T20:32:52.213460Z,launch_library_2,
launch_library_2,b311a6ce-f4e3-4690-ae47-31ce069229bf,Delta IV Heavy | NROL-37,orbital_launch,2016-06-11T17:51:00Z,,LL2 NET/T-0,Launch Successful,Space Launch Complex 37A,Delta IV Heavy | NROL-37,,,https://ll.thespacedevs.com/2.3.0/launches/b311a6ce-f4e3-4690-ae47-31ce069229bf/?format=json,,actual_event_time,"Cape Canaveral SFS, FL, USA",Launch Successful,2026-09-15T20:32:52.213460Z,launch_library_2,
launch_library_2,8717277d-416b-4ed8-bb4e-95d2ba9da31d,Falcon 9 Full Thrust | Eutelsat 117 West B & ABS-2A,orbital_launch,2016-06-15T14:29:00Z,,LL2 NET/T-0,Launch Successful,Space Launch Complex 40,Falcon 9 Full Thrust | Eutelsat 117 West B & ABS-2A,,,https://ll.thespacedevs.com/2.3.0/launches/8717277d-416b-4ed8-bb4e-95d2ba9da31d/?format=json,,actual_event_time,"Cape Canaveral SFS, FL, USA",Launch Successful,2026-09-15T20:32:52.213460Z,launch_library_2,
launch_library_2,2f8d2efa-ae8a-4cc9-b67a-2fc7e72da2a0,Atlas V 551 | MUOS-5,orbital_launch,2016-06-24T14:30:00Z,,LL2 NET/T-0,Launch Successful,Space Launch Complex 41,Atlas V 551 | MUOS-5,,,https://ll.thespacedevs.com/2.3.0/launches/2f8d2efa-ae8a-4cc9-b67a-2fc7e72da2a0/?format=json,,actual_event_time,"Cape Canaveral SFS, FL, USA",Launch Successful,2026-09-15T20:32:52.213460Z,launch_library_2,
launch_library_2,74eb8c19-cb07-4674-8a0f-9090f952024a,Falcon 9 Full Thrust | SpX CRS-9,orbital_launch,2016-07-18T04:45:29Z,second,LL2 NET/T-0,Launch Successful,Space Launch Complex 40,Falcon 9 Full Thrust | SpX CRS-9,,,https://ll.thespacedevs.com/2.3.0/launches/74eb8c19-cb07-4674-8a0f-9090f952024a/?format=json,,actual_event_time,"Cape Canaveral SFS, FL, USA",Launch Successful,2026-09-15T20:32:52.213460Z,launch_library_2,
launch_library_2,5f59bf95-0c45-418a-a1d4-8a237c6b852b,Atlas V 421 | NROL-61,orbital_launch,2016-07-28T12:37:00Z,,LL2 NET/T-0,Launch Successful,Space Launch Complex 41,Atlas V 421 | NROL-61,,,https://ll.thespacedevs.com/2.3.0/launches/5f59bf95-0c45-418a-a1d4-8a237c6b852b/?format=json,,actual_event_time,"Cape Canaveral SFS, FL, USA",Launch Successful,2026-09-15T20:32:52.213460Z,launch_library_2,
launch_library_2,42af1017-49f4-41ec-97d6-0c3520643fc8,Falcon 9 Full Thrust | JCSAT-16,orbital_launch,2016-08-14T05:26:00Z,,LL2 NET/T-0,Launch Successful,Space Launch Complex 40,Falcon 9 Full Thrust | JCSAT-16,,,https://ll.thespacedevs.com/2.3.0/launches/42af1017-49f4-41ec-97d6-0c3520643fc8/?format=json,,actual_event_time,"Cape Canaveral SFS, FL, USA",Launch Successful,2026-09-15T20:32:52.213460Z,launch_library_2,
launch_library_2,b874f013-5a64-407d-8ca4-c35835c4dde2,"Delta IV M+(4,2) | AFSPC-6",orbital_launch,2016-08-19T04:52:00Z,,LL2 NET/T-0,Launch Successful,Space Launch Complex 41,"Delta IV M+(4,2) | AFSPC-6",,,https://ll.thespacedevs.com/2.3.0/launches/b874f013-5a64-407d-8ca4-c35835c4dde2/?format=json,,actual_event_time,"Cape Canaveral SFS, FL, USA",Launch Successful,2026-09-15T20:32:52.213460Z,launch_library_2,
launch_library_2,0bcc6850-4c51-4b08-aa19-0b3753351b9b,Atlas V 411 | OSIRIS-REx,orbital_launch,2016-09-08T23:05:00Z,,LL2 NET/T-0,Launch Successful,Space Launch Complex 41,Atlas V 411 | OSIRIS-REx,,,https://ll.thespacedevs.com/2.3.0/launches/0bcc6850-4c51-4b08-aa19-0b3753351b9b/?format=json,,actual_event_time,"Cape Canaveral SFS, FL, USA",Launch Successful,2026-09-15T20:32:52.213460Z,launch_library_2,
launch_library_2,8e2d9e38-577b-4acb-bc01-f83385cf31bd,Atlas V 541 | GOES-R,orbital_launch,2016-11-19T23:42:00Z,,LL2 NET/T-0,Launch Successful,Space Launch Complex 41,Atlas V 541 | GOES-R,,,https://ll.thespacedevs.com/2.3.0/launches/8e2d9e38-577b-4acb-bc01-f83385cf31bd/?format=json,,actual_event_time,"Cape Canaveral SFS, FL, USA",Launch Successful,2026-09-15T20:32:52.213460Z,launch_library_2,
launch_library_2,4823ac5f-da33-42e9-b642-0c6092dcf04d,"Delta IV M+(5,4) | WGS-8 (USA-272)",orbital_launch,2016-12-07T23:53:00Z,,LL2 NET/T-0,Launch Successful,Space Launch Complex 37B,"Delta IV M+(5,4) | WGS-8 (USA-272)",,,https://ll.thespacedevs.com/2.3.0/launches/4823ac5f-da33-42e9-b642-0c6092dcf04d/?format=json,,actual_event_time,"Cape Canaveral SFS, FL, USA",Launch Successful,2026-09-15T20:32:52.213460Z,launch_library_2,
launch_library_2,6e7316e1-9e03-411d-a39f-c28e20e18a91,Atlas V 431 | Echostar 19 (Jupiter-2),orbital_launch,2016-12-18T19:13:00Z,,LL2 NET/T-0,Launch Successful,Space Launch Complex 41,Atlas V 431 | Echostar 19 (Jupiter-2),,,https://ll.thespacedevs.com/2.3.0/launches/6e7316e1-9e03-411d-a39f-c28e20e18a91/?format=json,,actual_event_time,"Cape Canaveral SFS, FL, USA",Launch Successful,2026-09-15T20:32:52.213460Z,launch_library_2,
launch_library_2,18c98e18-b460-478c-884b-2778b68d2805,Atlas V 401 | SBIRS GEO Flight 3 (SBIRS GEO-4),orbital_launch,2017-01-21T00:42:00Z,,LL2 NET/T-0,Launch Successful,Space Launch Complex 41,Atlas V 401 | SBIRS GEO Flight 3 (SBIRS GEO-4),,,https://ll.thespacedevs.com/2.3.0/launches/18c98e18-b460-478c-884b-2778b68d2805/?format=json,,actual_event_time,"Cape Canaveral SFS, FL, USA",Launch Successful,2026-09-15T20:32:52.213460Z,launch_library_2,
launch_library_2,35e3bff1-a9f4-40de-b4e0-8dad8e131768,Falcon 9 Full Thrust | SpX CRS-10,orbital_launch,2017-02-19T14:39:00Z,,LL2 NET/T-0,Launch Successful,Launch Complex 39A,Falcon 9 Full Thrust | SpX CRS-10,,,https://ll.thespacedevs.com/2.3.0/launches/35e3bff1-a9f4-40de-b4e0-8dad8e131768/?format=json,,actual_event_time,"Kennedy Space Center, FL, USA",Launch Successful,2026-09-15T20:32:52.213460Z,launch_library_2,
launch_library_2,a9908568-9a9a-4e40-bd8f-52c1c52d7444,Falcon 9 Full Thrust | Echostar 23,orbital_launch,2017-03-16T06:00:00Z,,LL2 NET/T-0,Launch Successful,Launch Complex 39A,Falcon 9 Full Thrust | Echostar 23,,,https://ll.thespacedevs.com/2.3.0/launches/a9908568-9a9a-4e40-bd8f-52c1c52d7444/?format=json,,actual_event_time,"Kennedy Space Center, FL, USA",Launch Successful,2026-09-15T20:32:52.213460Z,launch_library_2,
launch_library_2,d68ba788-f668-4ee0-a88c-a8f6c4c0ebf1,"Delta IV M+(5,4) | WGS-9 (USA-275)",orbital_launch,2017-03-19T00:18:00Z,,LL2 NET/T-0,Launch Successful,Space Launch Complex 37B,"Delta IV M+(5,4) | WGS-9 (USA-275)",,,https://ll.thespacedevs.com/2.3.0/launches/d68ba788-f668-4ee0-a88c-a8f6c4c0ebf1/?format=json,,actual_event_time,"Cape Canaveral SFS, FL, USA",Launch Successful,2026-09-15T20:32:52.213460Z,launch_library_2,
launch_library_2,8690c683-f109-4642-a860-f23ffcff60a9,Falcon 9 Full Thrust | SES-10,orbital_launch,2017-03-30T22:27:00Z,,LL2 NET/T-0,Launch Successful,Launch Complex 39A,Falcon 9 Full Thrust | SES-10,,,https://ll.thespacedevs.com/2.3.0/launches/8690c683-f109-4642-a860-f23ffcff60a9/?format=json,,actual_event_time,"Kennedy Space Center, FL, USA",Launch Successful,2026-09-15T20:32:52.213460Z,launch_library_2,
launch_library_2,5ff7d8c6-9fc0-439c-ad10-9e6ce2d1e86d,Atlas V 401 | Cygnus CRS OA-7 (S.S. John Glenn),orbital_launch,2017-04-18T15:11:26Z,,LL2 NET/T-0,Launch Successful,Space Launch Complex 41,Atlas V 401 | Cygnus CRS OA-7 (S.S. John Glenn),,,https://ll.thespacedevs.com/2.3.0/launches/5ff7d8c6-9fc0-439c-ad10-9e6ce2d1e86d/?format=json,,actual_event_time,"Cape Canaveral SFS, FL, USA",Launch Successful,2026-09-15T20:32:52.213460Z,launch_library_2,
launch_library_2,df8a584b-3ca5-43ca-86b8-6cbd0c66b5ac,Falcon 9 Full Thrust | NROL-76,orbital_launch,2017-05-01T11:15:00Z,,LL2 NET/T-0,Launch Successful,Launch Complex 39A,Falcon 9 Full Thrust | NROL-76,,,https://ll.thespacedevs.com/2.3.0/launches/df8a584b-3ca5-43ca-86b8-6cbd0c66b5ac/?format=json,,actual_event_time,"Kennedy Space Center, FL, USA",Launch Successful,2026-09-15T20:32:52.213460Z,launch_library_2,
launch_library_2,50da4982-75d1-4608-aa73-26a2675b3fae,Falcon 9 Full Thrust | Inmarsat-5 F4,orbital_launch,2017-05-15T23:21:00Z,,LL2 NET/T-0,Launch Successful,Launch Complex 39A,Falcon 9 Full Thrust | Inmarsat-5 F4,,,https://ll.thespacedevs.com/2.3.0/launches/50da4982-75d1-4608-aa73-26a2675b3fae/?format=json,,actual_event_time,"Kennedy Space Center, FL, USA",Launch Successful,2026-09-15T20:32:52.213460Z,launch_library_2,
launch_library_2,54f5fb21-1b92-4f6e-9220-7edc5f7dfb06,Falcon 9 Full Thrust | SpX CRS-11,orbital_launch,2017-06-03T21:07:38Z,,LL2 NET/T-0,Launch Successful,Launch Complex 39A,Falcon 9 Full Thrust | SpX CRS-11,,,https://ll.thespacedevs.com/2.3.0/launches/54f5fb21-1b92-4f6e-9220-7edc5f7dfb06/?format=json,,actual_event_time,"Kennedy Space Center, FL, USA",Launch Successful,2026-09-15T20:32:52.213460Z,launch_library_2,
launch_library_2,b600cba0-29f6-4ef4-b3f5-039c287bc63b,Falcon 9 Full Thrust | BulgariaSat-1,orbital_launch,2017-06-23T19:10:00Z,,LL2 NET/T-0,Launch Successful,Launch Complex 39A,Falcon 9 Full Thrust | BulgariaSat-1,,,https://ll.thespacedevs.com/2.3.0/launches/b600cba0-29f6-4ef4-b3f5-039c287bc63b/?format=json,,actual_event_time,"Kennedy Space Center, FL, USA",Launch Successful,2026-09-15T20:32:52.213460Z,launch_library_2,
launch_library_2,fe77ab35-1131-42ef-b9e4-1d876471e86d,Falcon 9 Full Thrust | Intelsat 35e,orbital_launch,2017-07-05T23:38:00Z,,LL2 NET/T-0,Launch Successful,Launch Complex 39A,Falcon 9 Full Thrust | Intelsat 35e,,,https://ll.thespacedevs.com/2.3.0/launches/fe77ab35-1131-42ef-b9e4-1d876471e86d/?format=json,,actual_event_time,"Kennedy Space Center, FL, USA",Launch Successful,2026-09-15T20:32:52.213460Z,launch_library_2,
launch_library_2,8802f398-44b6-4b3c-a2e1-af73cbe9d44e,Falcon 9 Block 4 | SpX CRS-12,orbital_launch,2017-08-14T16:31:37Z,,LL2 NET/T-0,Launch Successful,Launch Complex 39A,Falcon 9 Block 4 | SpX CRS-12,,,https://ll.thespacedevs.com/2.3.0/launches/8802f398-44b6-4b3c-a2e1-af73cbe9d44e/?format=json,,actual_event_time,"Kennedy Space Center, FL, USA",Launch Successful,2026-09-15T20:32:52.213460Z,launch_library_2,
launch_library_2,614af71e-1e07-478c-b968-d1f16d6c30b3,Atlas V 401 | TDRS-M,orbital_launch,2017-08-18T12:29:00Z,,LL2 NET/T-0,Launch Successful,Space Launch Complex 41,Atlas V 401 | TDRS-M,,,https://ll.thespacedevs.com/2.3.0/launches/614af71e-1e07-478c-b968-d1f16d6c30b3/?format=json,,actual_event_time,"Cape Canaveral SFS, FL, USA",Launch Successful,2026-09-15T20:32:52.213460Z,launch_library_2,
launch_library_2,b035aace-6882-4fa0-b4d3-0c3684ccec59,Minotaur IV | ORS-5,orbital_launch,2017-08-26T06:04:00Z,,LL2 NET/T-0,Launch Successful,Space Launch Complex 46,Minotaur IV | ORS-5,,,https://ll.thespacedevs.com/2.3.0/launches/b035aace-6882-4fa0-b4d3-0c3684ccec59/?format=json,,actual_event_time,"Cape Canaveral SFS, FL, USA",Launch Successful,2026-09-15T20:32:52.213460Z,launch_library_2,
launch_library_2,82995933-e6fd-4de8-8785-5d98c9feddbe,Falcon 9 Block 4 | OTV-5 (X-37B),orbital_launch,2017-09-07T14:00:00Z,,LL2 NET/T-0,Launch Successful,Launch Complex 39A,Falcon 9 Block 4 | OTV-5 (X-37B),,,https://ll.thespacedevs.com/2.3.0/launches/82995933-e6fd-4de8-8785-5d98c9feddbe/?format=json,,actual_event_time,"Kennedy Space Center, FL, USA",Launch Successful,2026-09-15T20:32:52.213460Z,launch_library_2,
launch_library_2,b18c9845-9e0a-4dab-9d2b-765886503877,Falcon 9 Full Thrust | Echostar 105/SES-11,orbital_launch,2017-10-11T22:53:00Z,,LL2 NET/T-0,Launch Successful,Launch Complex 39A,Falcon 9 Full Thrust | Echostar 105/SES-11,,,https://ll.thespacedevs.com/2.3.0/launches/b18c9845-9e0a-4dab-9d2b-765886503877/?format=json,,actual_event_time,"Kennedy Space Center, FL, USA",Launch Successful,2026-09-15T20:32:52.213460Z,launch_library_2,
launch_library_2,a444a545-cd97-40c4-90e3-a4b4ab896afa,Atlas V 421 | NROL-52,orbital_launch,2017-10-15T07:28:00Z,,LL2 NET/T-0,Launch Successful,Space Launch Complex 41,Atlas V 421 | NROL-52,,,https://ll.thespacedevs.com/2.3.0/launches/a444a545-cd97-40c4-90e3-a4b4ab896afa/?format=json,,actual_event_time,"Cape Canaveral SFS, FL, USA",Launch Successful,2026-09-15T20:32:52.213460Z,launch_library_2,
launch_library_2,cf40e58a-f301-4ecf-a8a0-7e6657a0319c,Falcon 9 Block 4 | Koreasat 5A,orbital_launch,2017-10-30T19:34:00Z,,LL2 NET/T-0,Launch Successful,Launch Complex 39A,Falcon 9 Block 4 | Koreasat 5A,,,https://ll.thespacedevs.com/2.3.0/launches/cf40e58a-f301-4ecf-a8a0-7e6657a0319c/?format=json,,actual_event_time,"Kennedy Space Center, FL, USA",Launch Successful,2026-09-15T20:32:52.213460Z,launch_library_2,
launch_library_2,c63b742b-844f-40dc-af9b-fbd946dcf214,Falcon 9 Full Thrust | SpX CRS-13,orbital_launch,2017-12-15T15:36:09Z,,LL2 NET/T-0,Launch Successful,Space Launch Complex 40,Falcon 9 Full Thrust | SpX CRS-13,,,https://ll.thespacedevs.com/2.3.0/launches/c63b742b-844f-40dc-af9b-fbd946dcf214/?format=json,,actual_event_time,"Cape Canaveral SFS, FL, USA",Launch Successful,2026-09-15T20:32:52.213460Z,launch_library_2,
launch_library_2,2cf36ccb-c757-4951-aaaa-a35605ddb56f,Falcon 9 Block 4 | Zuma,orbital_launch,2018-01-08T01:00:00Z,,LL2 NET/T-0,Launch Successful,Space Launch Complex 40,Falcon 9 Block 4 | Zuma,,,https://ll.thespacedevs.com/2.3.0/launches/2cf36ccb-c757-4951-aaaa-a35605ddb56f/?format=json,,actual_event_time,"Cape Canaveral SFS, FL, USA",Launch Successful,2026-09-15T20:32:52.213460Z,launch_library_2,
launch_library_2,d6294ef8-1025-4425-890c-536e809f9cc4,Atlas V 411 | SBIRS GEO Flight 4 (SBIRS GEO-3),orbital_launch,2018-01-20T00:48:00Z,,LL2 NET/T-0,Launch Successful,Space Launch Complex 41,Atlas V 411 | SBIRS GEO Flight 4 (SBIRS GEO-3),,,https://ll.thespacedevs.com/2.3.0/launches/d6294ef8-1025-4425-890c-536e809f9cc4/?format=json,,actual_event_time,"Cape Canaveral SFS, FL, USA",Launch Successful,2026-09-15T20:32:52.213460Z,launch_library_2,
launch_library_2,dc007d6f-0e07-4900-be31-76c6f3d74b61,Falcon 9 Full Thrust | GovSat (SES-16),orbital_launch,2018-01-31T21:25:00Z,,LL2 NET/T-0,Launch Successful,Space Launch Complex 40,Falcon 9 Full Thrust | GovSat (SES-16),,,https://ll.thespacedevs.com/2.3.0/launches/dc007d6f-0e07-4900-be31-76c6f3d74b61/?format=json,,actual_event_time,"Cape Canaveral SFS, FL, USA",Launch Successful,2026-09-15T20:32:52.213460Z,launch_library_2,
launch_library_2,598af929-31d4-4544-ad77-e0b6f9c8f460,Falcon Heavy | Demo (Test Flight),orbital_launch,2018-02-06T20:45:00Z,,LL2 NET/T-0,Launch Successful,Launch Complex 39A,Falcon Heavy | Demo Flight 1 (Maiden Flight),,,https://ll.thespacedevs.com/2.3.0/launches/598af929-31d4-4544-ad77-e0b6f9c8f460/?format=json,,actual_event_time,"Kennedy Space Center, FL, USA",Launch Successful,2026-09-15T20:32:52.213460Z,launch_library_2,
launch_library_2,adfcb90a-1b57-4aa2-9d96-47c2a233f37e,Atlas V 541 | GOES-S,orbital_launch,2018-03-01T22:02:00Z,,LL2 NET/T-0,Launch Successful,Space Launch Complex 41,Atlas V 541 | GOES-S,,,https://ll.thespacedevs.com/2.3.0/launches/adfcb90a-1b57-4aa2-9d96-47c2a233f37e/?format=json,,actual_event_time,"Cape Canaveral SFS, FL, USA",Launch Successful,2026-09-15T20:32:52.213460Z,launch_library_2,
launch_library_2,067aaad8-bafd-4c31-924c-dc18fb0bd4cc,Falcon 9 Block 4 | Hispasat 30W-6 (Hispasat 1F),orbital_launch,2018-03-06T05:33:00Z,,LL2 NET/T-0,Launch Successful,Space Launch Complex 40,Falcon 9 Block 4 | Hispasat 30W-6 (Hispasat 1F),,,https://ll.thespacedevs.com/2.3.0/launches/067aaad8-bafd-4c31-924c-dc18fb0bd4cc/?format=json,,actual_event_time,"Cape Canaveral SFS, FL, USA",Launch Successful,2026-09-15T20:32:52.213460Z,launch_library_2,
launch_library_2,161dee30-0b58-4eec-83e4-b4142914b7c1,Falcon 9 Block 4 | SpX CRS-14,orbital_launch,2018-04-02T20:30:38Z,,LL2 NET/T-0,Launch Successful,Space Launch Complex 40,Falcon 9 Block 4 | SpX CRS-14,,,https://ll.thespacedevs.com/2.3.0/launches/161dee30-0b58-4eec-83e4-b4142914b7c1/?format=json,,actual_event_time,"Cape Canaveral SFS, FL, USA",Launch Successful,2026-09-15T20:32:52.213460Z,launch_library_2,
launch_library_2,76cfbc51-6f04-45b1-ac2a-bd9d2088f035,Atlas V 551 | AFSPC-11,orbital_launch,2018-04-14T23:13:00Z,,LL2 NET/T-0,Launch Successful,Space Launch Complex 41,Atlas V 551 | AFSPC-11,,,https://ll.thespacedevs.com/2.3.0/launches/76cfbc51-6f04-45b1-ac2a-bd9d2088f035/?format=json,,actual_event_time,"Cape Canaveral SFS, FL, USA",Launch Successful,2026-09-15T20:32:52.213460Z,launch_library_2,
launch_library_2,ca4e796d-f3e4-4b80-b2f7-f7fd6a7b325f,Falcon 9 Block 4 | TESS (Transiting Exoplanet Survey Satellite),orbital_launch,2018-04-18T22:51:31Z,,LL2 NET/T-0,Launch Successful,Space Launch Complex 40,Falcon 9 Block 4 | TESS (Transiting Exoplanet Survey Satellite),,,https://ll.thespacedevs.com/2.3.0/launches/ca4e796d-f3e4-4b80-b2f7-f7fd6a7b325f/?format=json,,actual_event_time,"Cape Canaveral SFS, FL, USA",Launch Successful,2026-09-15T20:32:52.213460Z,launch_library_2,
launch_library_2,38ef9c7a-7d5a-4d25-b184-70c391b516ca,Falcon 9 Block 5 | Bangabandhu-1,orbital_launch,2018-05-11T20:14:00Z,,LL2 NET/T-0,Launch Successful,Launch Complex 39A,Falcon 9 Block 5 | Bangabandhu-1,,,https://ll.thespacedevs.com/2.3.0/launches/38ef9c7a-7d5a-4d25-b184-70c391b516ca/?format=json,,actual_event_time,"Kennedy Space Center, FL, USA",Launch Successful,2026-09-15T20:32:52.213460Z,launch_library_2,
launch_library_2,3693d46b-1e71-4fd8-bde2-dda188448a93,Falcon 9 Block 4 | SES-12,orbital_launch,2018-06-04T04:45:00Z,,LL2 NET/T-0,Launch Successful,Space Launch Complex 40,Falcon 9 Block 4 | SES-12,,,https://ll.thespacedevs.com/2.3.0/launches/3693d46b-1e71-4fd8-bde2-dda188448a93/?format=json,,actual_event_time,"Cape Canaveral SFS, FL, USA",Launch Successful,2026-09-15T20:32:52.213460Z,launch_library_2,
launch_library_2,9961a642-0d04-44bd-850a-3f8299ef4d82,Falcon 9 Block 4 | SpX CRS-15,orbital_launch,2018-06-29T09:42:41Z,,LL2 NET/T-0,Launch Successful,Space Launch Complex 40,Falcon 9 Block 4 | SpX CRS-15,,,https://ll.thespacedevs.com/2.3.0/launches/9961a642-0d04-44bd-850a-3f8299ef4d82/?format=json,,actual_event_time,"Cape Canaveral SFS, FL, USA",Launch Successful,2026-09-15T20:32:52.213460Z,launch_library_2,
launch_library_2,0ea374f1-ac04-435d-bd6b-6d7e8d24760d,Falcon 9 Block 5 | Telstar 19 VANTAGE,orbital_launch,2018-07-22T05:50:00Z,,LL2 NET/T-0,Launch Successful,Space Launch Complex 40,Falcon 9 Block 5 | Telstar 19 VANTAGE,,,https://ll.thespacedevs.com/2.3.0/launches/0ea374f1-ac04-435d-bd6b-6d7e8d24760d/?format=json,,actual_event_time,"Cape Canaveral SFS, FL, USA",Launch Successful,2026-09-15T20:32:52.213460Z,launch_library_2,
launch_library_2,76191cb9-a7f9-4592-886d-c51a06f32507,Falcon 9 Block 5 | Merah Putih (Telkom-4),orbital_launch,2018-08-07T05:18:00Z,,LL2 NET/T-0,Launch Successful,Space Launch Complex 40,Falcon 9 Block 5 | Merah Putih (Telkom-4),,,https://ll.thespacedevs.com/2.3.0/launches/76191cb9-a7f9-4592-886d-c51a06f32507/?format=json,,actual_event_time,"Cape Canaveral SFS, FL, USA",Launch Successful,2026-09-15T20:32:52.213460Z,launch_library_2,
launch_library_2,59be6437-262c-4976-b0cd-c2ed27454d44,Delta IV Heavy | Parker Solar Probe,orbital_launch,2018-08-12T07:31:00Z,,LL2 NET/T-0,Launch Successful,Space Launch Complex 37B,Delta IV Heavy | Parker Solar Probe,,,https://ll.thespacedevs.com/2.3.0/launches/59be6437-262c-4976-b0cd-c2ed27454d44/?format=json,,actual_event_time,"Cape Canaveral SFS, FL, USA",Launch Successful,2026-09-15T20:32:52.213460Z,launch_library_2,
launch_library_2,a7e8ed2a-49c0-49b4-8ed8-d567e32bf98a,Falcon 9 Block 5 | Telstar 18 VANTAGE,orbital_launch,2018-09-10T04:45:00Z,,LL2 NET/T-0,Launch Successful,Space Launch Complex 40,Falcon 9 Block 5 | Telstar 18 VANTAGE,,,https://ll.thespacedevs.com/2.3.0/launches/a7e8ed2a-49c0-49b4-8ed8-d567e32bf98a/?format=json,,actual_event_time,"Cape Canaveral SFS, FL, USA",Launch Successful,2026-09-15T20:32:52.213460Z,launch_library_2,
launch_library_2,251a9e17-c754-4ced-abbb-41b20c26aa2f,Atlas V 551 | AEHF-4 (USA 288),orbital_launch,2018-10-17T04:15:00Z,,LL2 NET/T-0,Launch Successful,Space Launch Complex 41,Atlas V 551 | AEHF-4,,,https://ll.thespacedevs.com/2.3.0/launches/251a9e17-c754-4ced-abbb-41b20c26aa2f/?format=json,,actual_event_time,"Cape Canaveral SFS, FL, USA",Launch Successful,2026-09-15T20:32:52.213460Z,launch_library_2,
launch_library_2,1f252074-9350-4ba7-8b06-4df4b4743ef8,Falcon 9 Block 5 | Es'hail 2,orbital_launch,2018-11-15T20:46:00Z,,LL2 NET/T-0,Launch Successful,Launch Complex 39A,Falcon 9 Block 5 | Es'hail 2,,,https://ll.thespacedevs.com/2.3.0/launches/1f252074-9350-4ba7-8b06-4df4b4743ef8/?format=json,,actual_event_time,"Kennedy Space Center, FL, USA",Launch Successful,2026-09-15T20:32:52.213460Z,launch_library_2,
launch_library_2,34d6609f-7235-493d-a80b-dcf59b278a4e,Falcon 9 Block 5 | SpX CRS-16,orbital_launch,2018-12-05T18:16:16Z,,LL2 NET/T-0,Launch Successful,Space Launch Complex 40,Falcon 9 Block 5 | SpX CRS-16,,,https://ll.thespacedevs.com/2.3.0/launches/34d6609f-7235-493d-a80b-dcf59b278a4e/?format=json,,actual_event_time,"Cape Canaveral SFS, FL, USA",Launch Successful,2026-09-15T20:32:52.213460Z,launch_library_2,
launch_library_2,3a4faa1b-9aa3-4844-b518-ef8f83ff6ddd,Falcon 9 Block 5 | GPS III SV01,orbital_launch,2018-12-23T13:51:00Z,,LL2 NET/T-0,Launch Successful,Space Launch Complex 40,"Falcon 9 Block 5 | GPS III SV01 ""Vespucci""",,,https://ll.thespacedevs.com/2.3.0/launches/3a4faa1b-9aa3-4844-b518-ef8f83ff6ddd/?format=json,,actual_event_time,"Cape Canaveral SFS, FL, USA",Launch Successful,2026-09-15T20:32:52.213460Z,launch_library_2,
launch_library_2,e5bd8f98-cf17-4563-8c2f-9063c803663d,"Falcon 9 Block 5 | Nusantara Satu & GTO-1 (Beresheet, S5)",orbital_launch,2019-02-22T01:45:00Z,,LL2 NET/T-0,Launch Successful,Space Launch Complex 40,"Falcon 9 Block 5 | GTO-1 (Beresheet, S5)",,,https://ll.thespacedevs.com/2.3.0/launches/e5bd8f98-cf17-4563-8c2f-9063c803663d/?format=json,,actual_event_time,"Cape Canaveral SFS, FL, USA",Launch Successful,2026-09-15T20:32:52.213460Z,launch_library_2,
launch_library_2,d889debc-b3d5-4472-a3eb-cf8a90d6ade0,Falcon 9 Block 5 | SpX-DM1 (Demonstration Mission 1),orbital_launch,2019-03-02T07:49:00Z,,LL2 NET/T-0,Launch Successful,Launch Complex 39A,Falcon 9 Block 5 | SpaceX DM-1 (Demonstration Mission 1),,,https://ll.thespacedevs.com/2.3.0/launches/d889debc-b3d5-4472-a3eb-cf8a90d6ade0/?format=json,,actual_event_time,"Kennedy Space Center, FL, USA",Launch Successful,2026-09-15T20:32:52.213460Z,launch_library_2,
launch_library_2,b4a603e1-4fa0-4702-b324-24e745ab82df,"Delta IV M+(5,4) | WGS-10",orbital_launch,2019-03-16T00:26:00Z,,LL2 NET/T-0,Launch Successful,Space Launch Complex 37B,"Delta IV M+(5,4) | WGS-10",,,https://ll.thespacedevs.com/2.3.0/launches/b4a603e1-4fa0-4702-b324-24e745ab82df/?format=json,,actual_event_time,"Cape Canaveral SFS, FL, USA",Launch Successful,2026-09-15T20:32:52.213460Z,launch_library_2,
launch_library_2,ed90f149-7762-4f9b-a878-90618db057e7,Falcon Heavy | Arabsat-6A,orbital_launch,2019-04-11T22:35:00Z,,LL2 NET/T-0,Launch Successful,Launch Complex 39A,Falcon Heavy | Arabsat-6A,,,https://ll.thespacedevs.com/2.3.0/launches/ed90f149-7762-4f9b-a878-90618db057e7/?format=json,,actual_event_time,"Kennedy Space Center, FL, USA",Launch Successful,2026-09-15T20:32:52.213460Z,launch_library_2,
launch_library_2,de607493-4c2d-458e-9797-097732027ece,Falcon 9 Block 5 | SpX CRS-17,orbital_launch,2019-05-04T06:48:58Z,,LL2 NET/T-0,Launch Successful,Space Launch Complex 40,Falcon 9 Block 5 | SpX CRS-17,,,https://ll.thespacedevs.com/2.3.0/launches/de607493-4c2d-458e-9797-097732027ece/?format=json,,actual_event_time,"Cape Canaveral SFS, FL, USA",Launch Successful,2026-09-15T20:32:52.213460Z,launch_library_2,
launch_library_2,267f232e-f34a-4c79-ac56-b00cf69dd32d,Falcon 9 Block 5 | Starlink Demo (0.9),orbital_launch,2019-05-24T02:30:00Z,,LL2 NET/T-0,Launch Successful,Space Launch Complex 40,Falcon 9 Block 5 | Starlink Demo,,,https://ll.thespacedevs.com/2.3.0/launches/267f232e-f34a-4c79-ac56-b00cf69dd32d/?format=json,,actual_event_time,"Cape Canaveral SFS, FL, USA",Launch Successful,2026-09-15T20:32:52.213460Z,launch_library_2,
launch_library_2,0a0a1326-c772-4027-8dc2-365b716f6691,Falcon Heavy | STP-2,orbital_launch,2019-06-25T06:30:00Z,,LL2 NET/T-0,Launch Successful,Launch Complex 39A,Falcon Heavy | STP-2,,,https://ll.thespacedevs.com/2.3.0/launches/0a0a1326-c772-4027-8dc2-365b716f6691/?format=json,,actual_event_time,"Kennedy Space Center, FL, USA",Launch Successful,2026-09-15T20:32:52.213460Z,launch_library_2,
launch_library_2,8baac795-3f94-4639-be39-29eb977af2b5,Orion Test Booster | Ascent Abort-2,aborted_launch,2019-07-02T11:00:00Z,,LL2 NET/T-0,Launch Successful,Space Launch Complex 46,Orion Abort Test Booster | Ascent Abort-2,,,https://ll.thespacedevs.com/2.3.0/launches/8baac795-3f94-4639-be39-29eb977af2b5/?format=json,,actual_event_time,"Cape Canaveral SFS, FL, USA",Launch Successful,2026-09-15T20:32:52.213460Z,launch_library_2,
launch_library_2,28a5a464-2b2f-4b2e-b0e3-c704af99888b,Falcon 9 Block 5 | SpX CRS-18,orbital_launch,2019-07-25T22:01:56Z,,LL2 NET/T-0,Launch Successful,Space Launch Complex 40,Falcon 9 Block 5 | SpX CRS-18,,,https://ll.thespacedevs.com/2.3.0/launches/28a5a464-2b2f-4b2e-b0e3-c704af99888b/?format=json,,actual_event_time,"Cape Canaveral SFS, FL, USA",Launch Successful,2026-09-15T20:32:52.213460Z,launch_library_2,
launch_library_2,68ecf878-2491-4209-95fe-54f74fb163aa,Falcon 9 Block 5 | Amos-17,orbital_launch,2019-08-06T23:23:00Z,,LL2 NET/T-0,Launch Successful,Space Launch Complex 40,Falcon 9 Block 5 | Amos-17,,,https://ll.thespacedevs.com/2.3.0/launches/68ecf878-2491-4209-95fe-54f74fb163aa/?format=json,,actual_event_time,"Cape Canaveral SFS, FL, USA",Launch Successful,2026-09-15T20:32:52.213460Z,launch_library_2,
launch_library_2,123a6f62-3ee0-4287-8aaa-6a6d39f866c2,Atlas V 551 | AEHF-5 (USA 292),orbital_launch,2019-08-08T10:13:00Z,,LL2 NET/T-0,Launch Successful,Space Launch Complex 41,Atlas V 551 | AEHF-5,,,https://ll.thespacedevs.com/2.3.0/launches/123a6f62-3ee0-4287-8aaa-6a6d39f866c2/?format=json,,actual_event_time,"Cape Canaveral SFS, FL, USA",Launch Successful,2026-09-15T20:32:52.213460Z,launch_library_2,
launch_library_2,29cf6d14-08cd-468d-ba68-86640439f17e,"Delta IV M+(4,2) | GPS III SV02",orbital_launch,2019-08-22T13:06:00Z,,LL2 NET/T-0,Launch Successful,Space Launch Complex 37B,"Delta IV M+(4,2) | GPS III SV02 ""Magellan""",,,https://ll.thespacedevs.com/2.3.0/launches/29cf6d14-08cd-468d-ba68-86640439f17e/?format=json,,actual_event_time,"Cape Canaveral SFS, FL, USA",Launch Successful,2026-09-15T20:32:52.213460Z,launch_library_2,
launch_library_2,501900f6-ede7-486d-bf13-cbc28fde93c3,Falcon 9 Block 5 | Starlink 1,orbital_launch,2019-11-11T14:56:00Z,,LL2 NET/T-0,Launch Successful,Space Launch Complex 40,Falcon 9 Block 5 | Starlink 1,,,https://ll.thespacedevs.com/2.3.0/launches/501900f6-ede7-486d-bf13-cbc28fde93c3/?format=json,,actual_event_time,"Cape Canaveral SFS, FL, USA",Launch Successful,2026-09-15T20:32:52.213460Z,launch_library_2,
launch_library_2,4425a1b9-1c3d-4100-99f4-c0934264fc56,Falcon 9 Block 5 | SpX CRS-19,orbital_launch,2019-12-05T17:29:24Z,,LL2 NET/T-0,Launch Successful,Space Launch Complex 40,Falcon 9 Block 5 | SpX CRS-19,,,https://ll.thespacedevs.com/2.3.0/launches/4425a1b9-1c3d-4100-99f4-c0934264fc56/?format=json,,actual_event_time,"Cape Canaveral SFS, FL, USA",Launch Successful,2026-09-15T20:32:52.213460Z,launch_library_2,
launch_library_2,5e63ba5c-92f9-4f30-b5d1-691748c2efa3,Falcon 9 Block 5 | JCSAT-18/KACIFIC-1,orbital_launch,2019-12-17T00:10:00Z,,LL2 NET/T-0,Launch Successful,Space Launch Complex 40,Falcon 9 Block 5 | JCSAT-18/KACIFIC-1,,,https://ll.thespacedevs.com/2.3.0/launches/5e63ba5c-92f9-4f30-b5d1-691748c2efa3/?format=json,,actual_event_time,"Cape Canaveral SFS, FL, USA",Launch Successful,2026-09-15T20:32:52.213460Z,launch_library_2,
launch_library_2,d6449a4e-7059-4623-8b64-7e7a8a6985a5,Atlas V N22 | CST-100 Starliner Orbital Flight Test,orbital_launch,2019-12-20T11:36:43Z,,LL2 NET/T-0,Launch Successful,Space Launch Complex 41,Atlas V N22 | CST-100 Starliner Orbital Flight Test,,,https://ll.thespacedevs.com/2.3.0/launches/d6449a4e-7059-4623-8b64-7e7a8a6985a5/?format=json,,actual_event_time,"Cape Canaveral SFS, FL, USA",Launch Successful,2026-09-15T20:32:52.213460Z,launch_library_2,
launch_library_2,a2851487-eb93-4a98-98a5-a130ed57937a,Falcon 9 Block 5 | Starlink 2,orbital_launch,2020-01-07T02:19:21Z,second,LL2 NET/T-0,Launch Successful,Space Launch Complex 40,Falcon 9 Block 5 | Starlink 2,,,https://ll.thespacedevs.com/2.3.0/launches/a2851487-eb93-4a98-98a5-a130ed57937a/?format=json,,actual_event_time,"Cape Canaveral SFS, FL, USA",Launch Successful,2026-09-15T20:32:52.213460Z,launch_library_2,
launch_library_2,41495097-341b-4ec5-b7e5-a450cf45fc23,Falcon 9 Block 5 | Dragon In-Flight Abort Test,aborted_launch,2020-01-19T15:30:00Z,,LL2 NET/T-0,Launch Successful,Launch Complex 39A,Falcon 9 Block 5 | Crew Dragon In-Flight Abort Test,,,https://ll.thespacedevs.com/2.3.0/launches/41495097-341b-4ec5-b7e5-a450cf45fc23/?format=json,,actual_event_time,"Kennedy Space Center, FL, USA",Launch Successful,2026-09-15T20:32:52.213460Z,launch_library_2,
launch_library_2,76b54190-738f-4528-bf1f-ca4c8b14d07b,Falcon 9 Block 5 | Starlink 3,orbital_launch,2020-01-29T14:06:00Z,,LL2 NET/T-0,Launch Successful,Space Launch Complex 40,Falcon 9 Block 5 | Starlink 3,,,https://ll.thespacedevs.com/2.3.0/launches/76b54190-738f-4528-bf1f-ca4c8b14d07b/?format=json,,actual_event_time,"Cape Canaveral SFS, FL, USA",Launch Successful,2026-09-15T20:32:52.213460Z,launch_library_2,
launch_library_2,acdd0fab-b485-4c18-bb6f-c45cb62bdfd7,Atlas V 411 | Solar Orbiter,orbital_launch,2020-02-10T04:03:00Z,,LL2 NET/T-0,Launch Successful,Space Launch Complex 41,Atlas V 411 | Solar Orbiter,,,https://ll.thespacedevs.com/2.3.0/launches/acdd0fab-b485-4c18-bb6f-c45cb62bdfd7/?format=json,,actual_event_time,"Cape Canaveral SFS, FL, USA",Launch Successful,2026-09-15T20:32:52.213460Z,launch_library_2,
launch_library_2,93750120-d8ac-4ccf-ac7a-7e1cfa39c775,Falcon 9 Block 5 | Starlink 4,orbital_launch,2020-02-17T15:05:55Z,,LL2 NET/T-0,Launch Successful,Space Launch Complex 40,Falcon 9 Block 5 | Starlink 4,,,https://ll.thespacedevs.com/2.3.0/launches/93750120-d8ac-4ccf-ac7a-7e1cfa39c775/?format=json,,actual_event_time,"Cape Canaveral SFS, FL, USA",Launch Successful,2026-09-15T20:32:52.213460Z,launch_library_2,
launch_library_2,e7f4d577-40dc-44a4-81a7-d1ae42244d45,Falcon 9 Block 5 | SpX CRS-20,orbital_launch,2020-03-07T04:50:31Z,,LL2 NET/T-0,Launch Successful,Space Launch Complex 40,Falcon 9 Block 5 | SpX CRS-20,,,https://ll.thespacedevs.com/2.3.0/launches/e7f4d577-40dc-44a4-81a7-d1ae42244d45/?format=json,,actual_event_time,"Cape Canaveral SFS, FL, USA",Launch Successful,2026-09-15T20:32:52.213460Z,launch_library_2,
launch_library_2,fbf1234b-50ab-4414-92f9-1b53dad65d05,Falcon 9 Block 5 | Starlink 5,orbital_launch,2020-03-18T12:16:39Z,,LL2 NET/T-0,Launch Successful,Launch Complex 39A,Falcon 9 Block 5 | Starlink 5,,,https://ll.thespacedevs.com/2.3.0/launches/fbf1234b-50ab-4414-92f9-1b53dad65d05/?format=json,,actual_event_time,"Kennedy Space Center, FL, USA",Launch Successful,2026-09-15T20:32:52.213460Z,launch_library_2,
launch_library_2,0b161194-00d2-4e42-81b0-22e4c50d2b87,Atlas V 551 | AEHF-6,orbital_launch,2020-03-26T20:18:00Z,,LL2 NET/T-0,Launch Successful,Space Launch Complex 41,Atlas V 551 | AEHF-6,,,https://ll.thespacedevs.com/2.3.0/launches/0b161194-00d2-4e42-81b0-22e4c50d2b87/?format=json,,actual_event_time,"Cape Canaveral SFS, FL, USA",Launch Successful,2026-09-15T20:32:52.213460Z,launch_library_2,
launch_library_2,f10b74d3-149a-46cb-b815-002f4bc0e7d1,Falcon 9 Block 5 | Starlink 6,orbital_launch,2020-04-22T19:30:00Z,,LL2 NET/T-0,Launch Successful,Launch Complex 39A,Falcon 9 Block 5 | Starlink 6,,,https://ll.thespacedevs.com/2.3.0/launches/f10b74d3-149a-46cb-b815-002f4bc0e7d1/?format=json,,actual_event_time,"Kennedy Space Center, FL, USA",Launch Successful,2026-09-15T20:32:52.213460Z,launch_library_2,
launch_library_2,3b624fb6-89b6-48ff-b5b5-b21399c5d745,Atlas V 501 | OTV-6 (X-37B) (USSF-7),orbital_launch,2020-05-17T13:14:00Z,,LL2 NET/T-0,Launch Successful,Space Launch Complex 41,Atlas V 501 | OTV-6 (X-37B) (USSF-7),,,https://ll.thespacedevs.com/2.3.0/launches/3b624fb6-89b6-48ff-b5b5-b21399c5d745/?format=json,,actual_event_time,"Cape Canaveral SFS, FL, USA",Launch Successful,2026-09-15T20:32:52.213460Z,launch_library_2,
launch_library_2,e71d3b58-dede-43f3-ac73-cc2de9a307ad,Falcon 9 Block 5 | SpX-DM2 (Demonstration Mission 2),orbital_launch,2020-05-30T19:22:45Z,,LL2 NET/T-0,Launch Successful,Launch Complex 39A,Falcon 9 Block 5 | SpX-DM2 (Demonstration Mission 2),,,https://ll.thespacedevs.com/2.3.0/launches/e71d3b58-dede-43f3-ac73-cc2de9a307ad/?format=json,,actual_event_time,"Kennedy Space Center, FL, USA",Launch Successful,2026-09-15T20:32:52.213460Z,launch_library_2,
launch_library_2,51dcfdc7-6dc8-42e3-8480-b41f24d874e3,Falcon 9 Block 5 | Starlink 7,orbital_launch,2020-06-04T01:25:33Z,second,LL2 NET/T-0,Launch Successful,Space Launch Complex 40,Falcon 9 Block 5 | Starlink 7,,,https://ll.thespacedevs.com/2.3.0/launches/51dcfdc7-6dc8-42e3-8480-b41f24d874e3/?format=json,,actual_event_time,"Cape Canaveral SFS, FL, USA",Launch Successful,2026-09-15T20:32:52.213460Z,launch_library_2,
launch_library_2,f0f2d68e-85b4-4051-9554-bb98b6148860,Falcon 9 Block 5 | Starlink 8,orbital_launch,2020-06-13T09:21:18Z,second,LL2 NET/T-0,Launch Successful,Space Launch Complex 40,Falcon 9 Block 5 | Starlink 8,,,https://ll.thespacedevs.com/2.3.0/launches/f0f2d68e-85b4-4051-9554-bb98b6148860/?format=json,,actual_event_time,"Cape Canaveral SFS, FL, USA",Launch Successful,2026-09-15T20:32:52.213460Z,launch_library_2,
launch_library_2,3825c276-87d9-4a4b-8128-b5abbb83d45a,Falcon 9 Block 5 | GPS III SV03,orbital_launch,2020-06-30T20:10:46Z,,LL2 NET/T-0,Launch Successful,Space Launch Complex 40,"Falcon 9 Block 5 | GPS III SV03 ""Columbus""",,,https://ll.thespacedevs.com/2.3.0/launches/3825c276-87d9-4a4b-8128-b5abbb83d45a/?format=json,,actual_event_time,"Cape Canaveral SFS, FL, USA",Launch Successful,2026-09-15T20:32:52.213460Z,launch_library_2,
launch_library_2,7e9fd521-c3af-4c55-9873-93bfe9945749,Falcon 9 Block 5 | ANASIS-II,orbital_launch,2020-07-20T21:30:00Z,,LL2 NET/T-0,Launch Successful,Space Launch Complex 40,Falcon 9 Block 5 | ANASIS-II,,,https://ll.thespacedevs.com/2.3.0/launches/7e9fd521-c3af-4c55-9873-93bfe9945749/?format=json,,actual_event_time,"Cape Canaveral SFS, FL, USA",Launch Successful,2026-09-15T20:32:52.213460Z,launch_library_2,
launch_library_2,c4db6995-f25f-4608-8eb9-ce95d5226af2,Atlas V 541 | Mars 2020 (Perseverance rover & Ingenuity helicopter),orbital_launch,2020-07-30T11:50:00Z,,LL2 NET/T-0,Launch Successful,Space Launch Complex 41,Atlas V 541 | Mars 2020 (Perseverance rover & Ingenuity helicopter),,,https://ll.thespacedevs.com/2.3.0/launches/c4db6995-f25f-4608-8eb9-ce95d5226af2/?format=json,,actual_event_time,"Cape Canaveral SFS, FL, USA",Launch Successful,2026-09-15T20:32:52.213460Z,launch_library_2,
launch_library_2,955fe2fa-b4c8-4a17-a22f-3b7aefa44444,Falcon 9 Block 5 | Starlink 9,orbital_launch,2020-08-07T05:12:00Z,,LL2 NET/T-0,Launch Successful,Launch Complex 39A,Falcon 9 Block 5 | Starlink 9,,,https://ll.thespacedevs.com/2.3.0/launches/955fe2fa-b4c8-4a17-a22f-3b7aefa44444/?format=json,,actual_event_time,"Kennedy Space Center, FL, USA",Launch Successful,2026-09-15T20:32:52.213460Z,launch_library_2,
launch_library_2,24b3b696-9253-4088-92f2-c7762f4e0a4c,Falcon 9 Block 5 | Starlink 10,orbital_launch,2020-08-18T14:31:00Z,,LL2 NET/T-0,Launch Successful,Space Launch Complex 40,Falcon 9 Block 5 | Starlink 10,,,https://ll.thespacedevs.com/2.3.0/launches/24b3b696-9253-4088-92f2-c7762f4e0a4c/?format=json,,actual_event_time,"Cape Canaveral SFS, FL, USA",Launch Successful,2026-09-15T20:32:52.213460Z,launch_library_2,
launch_library_2,98a5da32-4719-495b-9713-fcb5c058f31c,Falcon 9 Block 5 | SAOCOM 1B,orbital_launch,2020-08-30T23:18:00Z,,LL2 NET/T-0,Launch Successful,Space Launch Complex 40,Falcon 9 Block 5 | SAOCOM 1B,,,https://ll.thespacedevs.com/2.3.0/launches/98a5da32-4719-495b-9713-fcb5c058f31c/?format=json,,actual_event_time,"Cape Canaveral SFS, FL, USA",Launch Successful,2026-09-15T20:32:52.213460Z,launch_library_2,
launch_library_2,82b600f6-6c2d-4694-a263-cec4525714cf,Falcon 9 Block 5 | Starlink 11,orbital_launch,2020-09-03T12:46:14Z,second,LL2 NET/T-0,Launch Successful,Launch Complex 39A,Falcon 9 Block 5 | Starlink 11,,,https://ll.thespacedevs.com/2.3.0/launches/82b600f6-6c2d-4694-a263-cec4525714cf/?format=json,,actual_event_time,"Kennedy Space Center, FL, USA",Launch Successful,2026-09-15T20:32:52.213460Z,launch_library_2,
launch_library_2,8cbc59c0-60fb-4b8c-8a11-1edda0a82ab5,Falcon 9 Block 5 | Starlink 12,orbital_launch,2020-10-06T11:29:34Z,,LL2 NET/T-0,Launch Successful,Launch Complex 39A,Falcon 9 Block 5 | Starlink 12,,,https://ll.thespacedevs.com/2.3.0/launches/8cbc59c0-60fb-4b8c-8a11-1edda0a82ab5/?format=json,,actual_event_time,"Kennedy Space Center, FL, USA",Launch Successful,2026-09-15T20:32:52.213460Z,launch_library_2,
launch_library_2,2b04a116-8460-42f9-8d4b-b65c73ed3e49,Falcon 9 Block 5 | Starlink 13,orbital_launch,2020-10-18T12:25:57Z,,LL2 NET/T-0,Launch Successful,Launch Complex 39A,Falcon 9 Block 5 | Starlink 13,,,https://ll.thespacedevs.com/2.3.0/launches/2b04a116-8460-42f9-8d4b-b65c73ed3e49/?format=json,,actual_event_time,"Kennedy Space Center, FL, USA",Launch Successful,2026-09-15T20:32:52.213460Z,launch_library_2,
launch_library_2,47c91a03-2e98-42c9-8751-d8fb36c89c99,Falcon 9 Block 5 | Starlink 14,orbital_launch,2020-10-24T15:31:34Z,,LL2 NET/T-0,Launch Successful,Space Launch Complex 40,Falcon 9 Block 5 | Starlink 14,,,https://ll.thespacedevs.com/2.3.0/launches/47c91a03-2e98-42c9-8751-d8fb36c89c99/?format=json,,actual_event_time,"Cape Canaveral SFS, FL, USA",Launch Successful,2026-09-15T20:32:52.213460Z,launch_library_2,
launch_library_2,23e362ae-8523-4224-9447-d05c4db03b8f,Falcon 9 Block 5 | GPS III SV04,orbital_launch,2020-11-05T23:24:23Z,,LL2 NET/T-0,Launch Successful,Space Launch Complex 40,"Falcon 9 Block 5 | GPS III SV04 ""Sacagawea""",,,https://ll.thespacedevs.com/2.3.0/launches/23e362ae-8523-4224-9447-d05c4db03b8f/?format=json,,actual_event_time,"Cape Canaveral SFS, FL, USA",Launch Successful,2026-09-15T20:32:52.213460Z,launch_library_2,
launch_library_2,c5a9ba01-d03f-4fd7-940a-8a10d535809a,Atlas V 531 | NROL-101,orbital_launch,2020-11-13T22:32:00Z,,LL2 NET/T-0,Launch Successful,Space Launch Complex 41,Atlas V 531 | NROL-101,,,https://ll.thespacedevs.com/2.3.0/launches/c5a9ba01-d03f-4fd7-940a-8a10d535809a/?format=json,,actual_event_time,"Cape Canaveral SFS, FL, USA",Launch Successful,2026-09-15T20:32:52.213460Z,launch_library_2,
launch_library_2,0ede12be-ac6d-4571-9d0c-b2a85b5cf280,Falcon 9 Block 5 | Crew-1,orbital_launch,2020-11-16T00:27:17Z,,LL2 NET/T-0,Launch Successful,Launch Complex 39A,Falcon 9 Block 5 | Crew-1,,,https://ll.thespacedevs.com/2.3.0/launches/0ede12be-ac6d-4571-9d0c-b2a85b5cf280/?format=json,,actual_event_time,"Kennedy Space Center, FL, USA",Launch Successful,2026-09-15T20:32:52.213460Z,launch_library_2,
launch_library_2,145b2935-8b72-44b2-8bda-4c27887721fd,Falcon 9 Block 5 | Starlink 15,orbital_launch,2020-11-25T02:13:12Z,second,LL2 NET/T-0,Launch Successful,Space Launch Complex 40,Falcon 9 Block 5 | Starlink 15,,,https://ll.thespacedevs.com/2.3.0/launches/145b2935-8b72-44b2-8bda-4c27887721fd/?format=json,,actual_event_time,"Cape Canaveral SFS, FL, USA",Launch Successful,2026-09-15T20:32:52.213460Z,launch_library_2,
launch_library_2,06dfcb34-0b76-4fbc-9046-09ab66db7b83,Falcon 9 Block 5 | Dragon CRS-2 SpX-21,orbital_launch,2020-12-06T16:17:08Z,second,LL2 NET/T-0,Launch Successful,Launch Complex 39A,Falcon 9 Block 5 | Dragon CRS-2 SpX-21,,,https://ll.thespacedevs.com/2.3.0/launches/06dfcb34-0b76-4fbc-9046-09ab66db7b83/?format=json,,actual_event_time,"Kennedy Space Center, FL, USA",Launch Successful,2026-09-15T20:32:52.213460Z,launch_library_2,
launch_library_2,6cdf9823-7574-4c0d-a3b2-956c7b364756,Delta IV Heavy | NROL-44,orbital_launch,2020-12-11T01:09:00Z,,LL2 NET/T-0,Launch Successful,Space Launch Complex 37B,Delta IV Heavy | NROL-44,,,https://ll.thespacedevs.com/2.3.0/launches/6cdf9823-7574-4c0d-a3b2-956c7b364756/?format=json,,actual_event_time,"Cape Canaveral SFS, FL, USA",Launch Successful,2026-09-15T20:32:52.213460Z,launch_library_2,
launch_library_2,fd63c683-f3e4-465a-8230-b9ba62744c7d,Falcon 9 Block 5 | Sirius SXM-7,orbital_launch,2020-12-13T17:30:00Z,,LL2 NET/T-0,Launch Successful,Space Launch Complex 40,Falcon 9 Block 5 | SXM-7,,,https://ll.thespacedevs.com/2.3.0/launches/fd63c683-f3e4-465a-8230-b9ba62744c7d/?format=json,,actual_event_time,"Cape Canaveral SFS, FL, USA",Launch Successful,2026-09-15T20:32:52.213460Z,launch_library_2,
launch_library_2,528b72ff-e47e-46a3-b7ad-23b2ffcec2f2,Falcon 9 Block 5 | NROL-108,orbital_launch,2020-12-19T14:00:00Z,,LL2 NET/T-0,Launch Successful,Launch Complex 39A,Falcon 9 Block 5 | NROL-108,,,https://ll.thespacedevs.com/2.3.0/launches/528b72ff-e47e-46a3-b7ad-23b2ffcec2f2/?format=json,,actual_event_time,"Kennedy Space Center, FL, USA",Launch Successful,2026-09-15T20:32:52.213460Z,launch_library_2,
launch_library_2,d5d607b7-05ed-4142-8703-14b553c195e0,Falcon 9 Block 5 | Türksat 5A,orbital_launch,2021-01-08T02:15:00Z,,LL2 NET/T-0,Launch Successful,Space Launch Complex 40,Falcon 9 Block 5 | Türksat 5A,,,https://ll.thespacedevs.com/2.3.0/launches/d5d607b7-05ed-4142-8703-14b553c195e0/?format=json,,actual_event_time,"Cape Canaveral SFS, FL, USA",Launch Successful,2026-09-15T20:32:52.213460Z,launch_library_2,
launch_library_2,74426779-131d-416f-9ff5-dd879e231292,Falcon 9 Block 5 | Starlink 16,orbital_launch,2021-01-20T13:02:00Z,,LL2 NET/T-0,Launch Successful,Launch Complex 39A,Falcon 9 Block 5 | Starlink 16,,,https://ll.thespacedevs.com/2.3.0/launches/74426779-131d-416f-9ff5-dd879e231292/?format=json,,actual_event_time,"Kennedy Space Center, FL, USA",Launch Successful,2026-09-15T20:32:52.213460Z,launch_library_2,
launch_library_2,f213a5df-579a-4682-8143-df228e463049,Falcon 9 Block 5 | Transporter 1 (Dedicated SSO Rideshare),orbital_launch,2021-01-24T15:00:00Z,,LL2 NET/T-0,Launch Successful,Space Launch Complex 40,Falcon 9 Block 5 | Transporter 1 (Dedicated SSO Rideshare),,,https://ll.thespacedevs.com/2.3.0/launches/f213a5df-579a-4682-8143-df228e463049/?format=json,,actual_event_time,"Cape Canaveral SFS, FL, USA",Launch Successful,2026-09-15T20:32:52.213460Z,launch_library_2,
launch_library_2,f31702e8-6353-4c9a-932c-5bd104717500,Falcon 9 Block 5 | Starlink 18,orbital_launch,2021-02-04T06:19:54Z,second,LL2 NET/T-0,Launch Successful,Space Launch Complex 40,Falcon 9 Block 5 | Starlink 18,,,https://ll.thespacedevs.com/2.3.0/launches/f31702e8-6353-4c9a-932c-5bd104717500/?format=json,,actual_event_time,"Cape Canaveral SFS, FL, USA",Launch Successful,2026-09-15T20:32:52.213460Z,launch_library_2,
launch_library_2,985f1cc1-82c1-4a89-b2cc-e9dc91829a0e,Falcon 9 Block 5 | Starlink 19,orbital_launch,2021-02-16T03:59:37Z,second,LL2 NET/T-0,Launch Successful,Space Launch Complex 40,Falcon 9 Block 5 | Starlink 19,,,https://ll.thespacedevs.com/2.3.0/launches/985f1cc1-82c1-4a89-b2cc-e9dc91829a0e/?format=json,,actual_event_time,"Cape Canaveral SFS, FL, USA",Launch Successful,2026-09-15T20:32:52.213460Z,launch_library_2,
launch_library_2,dfd4f0e0-0ab4-494d-bd88-1b93b934b269,Falcon 9 Block 5 | Starlink 17,orbital_launch,2021-03-04T08:24:54Z,second,LL2 NET/T-0,Launch Successful,Launch Complex 39A,Falcon 9 Block 5 | Starlink 17,,,https://ll.thespacedevs.com/2.3.0/launches/dfd4f0e0-0ab4-494d-bd88-1b93b934b269/?format=json,,actual_event_time,"Kennedy Space Center, FL, USA",Launch Successful,2026-09-15T20:32:52.213460Z,launch_library_2,
launch_library_2,134eb787-244e-4131-8b03-c9fbd0a11efc,Falcon 9 Block 5 | Starlink 20,orbital_launch,2021-03-11T08:13:29Z,second,LL2 NET/T-0,Launch Successful,Space Launch Complex 40,Falcon 9 Block 5 | Starlink 20,,,https://ll.thespacedevs.com/2.3.0/launches/134eb787-244e-4131-8b03-c9fbd0a11efc/?format=json,,actual_event_time,"Cape Canaveral SFS, FL, USA",Launch Successful,2026-09-15T20:32:52.213460Z,launch_library_2,
launch_library_2,896d876d-e834-4810-8a5e-44d6b6a42630,Falcon 9 Block 5 | Starlink 21,orbital_launch,2021-03-14T10:01:26Z,second,LL2 NET/T-0,Launch Successful,Launch Complex 39A,Falcon 9 Block 5 | Starlink 21,,,https://ll.thespacedevs.com/2.3.0/launches/896d876d-e834-4810-8a5e-44d6b6a42630/?format=json,,actual_event_time,"Kennedy Space Center, FL, USA",Launch Successful,2026-09-15T20:32:52.213460Z,launch_library_2,
launch_library_2,ec03fe36-fe2a-4e43-8e10-d07d5349f1de,Falcon 9 Block 5 | Starlink 22,orbital_launch,2021-03-24T08:28:00Z,,LL2 NET/T-0,Launch Successful,Space Launch Complex 40,Falcon 9 Block 5 | Starlink 22,,,https://ll.thespacedevs.com/2.3.0/launches/ec03fe36-fe2a-4e43-8e10-d07d5349f1de/?format=json,,actual_event_time,"Cape Canaveral SFS, FL, USA",Launch Successful,2026-09-15T20:32:52.213460Z,launch_library_2,
launch_library_2,385455f4-067e-4c24-9937-ca8283ed3307,Falcon 9 Block 5 | Starlink 23,orbital_launch,2021-04-07T16:34:00Z,,LL2 NET/T-0,Launch Successful,Space Launch Complex 40,Falcon 9 Block 5 | Starlink 23,,,https://ll.thespacedevs.com/2.3.0/launches/385455f4-067e-4c24-9937-ca8283ed3307/?format=json,,actual_event_time,"Cape Canaveral SFS, FL, USA",Launch Successful,2026-09-15T20:32:52.213460Z,launch_library_2,
launch_library_2,32dcb5ad-7609-4fc0-8094-768ee5c2ebe0,Falcon 9 Block 5 | Crew-2,orbital_launch,2021-04-23T09:49:02Z,,LL2 NET/T-0,Launch Successful,Launch Complex 39A,Falcon 9 Block 5 | Crew-2,,,https://ll.thespacedevs.com/2.3.0/launches/32dcb5ad-7609-4fc0-8094-768ee5c2ebe0/?format=json,,actual_event_time,"Kennedy Space Center, FL, USA",Launch Successful,2026-09-15T20:32:52.213460Z,launch_library_2,
launch_library_2,fbd23c86-89d0-4d3f-b5fb-5d7165d05cca,Falcon 9 Block 5 | Starlink 24,orbital_launch,2021-04-29T03:44:30Z,second,LL2 NET/T-0,Launch Successful,Space Launch Complex 40,Falcon 9 Block 5 | Starlink 24,,,https://ll.thespacedevs.com/2.3.0/launches/fbd23c86-89d0-4d3f-b5fb-5d7165d05cca/?format=json,,actual_event_time,"Cape Canaveral SFS, FL, USA",Launch Successful,2026-09-15T20:32:52.213460Z,launch_library_2,
launch_library_2,1ecc82c0-c5c8-41f0-aa58-b50a3b839ae0,Falcon 9 Block 5 | Starlink 25,orbital_launch,2021-05-04T19:01:00Z,,LL2 NET/T-0,Launch Successful,Launch Complex 39A,Falcon 9 Block 5 | Starlink 25,,,https://ll.thespacedevs.com/2.3.0/launches/1ecc82c0-c5c8-41f0-aa58-b50a3b839ae0/?format=json,,actual_event_time,"Kennedy Space Center, FL, USA",Launch Successful,2026-09-15T20:32:52.213460Z,launch_library_2,
launch_library_2,e5085f22-208b-4b28-b66c-fd4bd9df90e7,Falcon 9 Block 5 | Starlink 27,orbital_launch,2021-05-09T06:42:00Z,,LL2 NET/T-0,Launch Successful,Space Launch Complex 40,Falcon 9 Block 5 | Starlink 27,,,https://ll.thespacedevs.com/2.3.0/launches/e5085f22-208b-4b28-b66c-fd4bd9df90e7/?format=json,,actual_event_time,"Cape Canaveral SFS, FL, USA",Launch Successful,2026-09-15T20:32:52.213460Z,launch_library_2,
launch_library_2,c32d1f5e-2dd9-4b55-ac8b-3eb8c4a4e955,Falcon 9 Block 5 | Starlink 26,orbital_launch,2021-05-15T22:56:00Z,,LL2 NET/T-0,Launch Successful,Launch Complex 39A,Falcon 9 Block 5 | Starlink 26 & Rideshare,,,https://ll.thespacedevs.com/2.3.0/launches/c32d1f5e-2dd9-4b55-ac8b-3eb8c4a4e955/?format=json,,actual_event_time,"Kennedy Space Center, FL, USA",Launch Successful,2026-09-15T20:32:52.213460Z,launch_library_2,
launch_library_2,137a0935-a14f-4690-9ce2-02c8c2ebd1c5,Atlas V 421 | SBIRS GEO-5,orbital_launch,2021-05-18T17:37:00Z,,LL2 NET/T-0,Launch Successful,Space Launch Complex 41,Atlas V 421 | SBIRS GEO-5,,,https://ll.thespacedevs.com/2.3.0/launches/137a0935-a14f-4690-9ce2-02c8c2ebd1c5/?format=json,,actual_event_time,"Cape Canaveral SFS, FL, USA",Launch Successful,2026-09-15T20:32:52.213460Z,launch_library_2,
launch_library_2,fb25ecf0-fb51-4b5e-b678-105f6ba4c06e,Falcon 9 Block 5 | Starlink 28,orbital_launch,2021-05-26T18:59:00Z,,LL2 NET/T-0,Launch Successful,Space Launch Complex 40,Falcon 9 Block 5 | Starlink 28,,,https://ll.thespacedevs.com/2.3.0/launches/fb25ecf0-fb51-4b5e-b678-105f6ba4c06e/?format=json,,actual_event_time,"Cape Canaveral SFS, FL, USA",Launch Successful,2026-09-15T20:32:52.213460Z,launch_library_2,
launch_library_2,89a150ea-6e4b-489f-853c-3603ae684611,Falcon 9 Block 5 | Dragon CRS-2 SpX-22,orbital_launch,2021-06-03T17:29:15Z,,LL2 NET/T-0,Launch Successful,Launch Complex 39A,Falcon 9 Block 5 | Dragon CRS-2 SpX-22,,,https://ll.thespacedevs.com/2.3.0/launches/89a150ea-6e4b-489f-853c-3603ae684611/?format=json,,actual_event_time,"Kennedy Space Center, FL, USA",Launch Successful,2026-09-15T20:32:52.213460Z,launch_library_2,
launch_library_2,edaf9a8d-d67c-4e0e-8452-a37b111581d5,Falcon 9 Block 5 | Sirius SXM-8,orbital_launch,2021-06-06T04:26:00Z,,LL2 NET/T-0,Launch Successful,Space Launch Complex 40,Falcon 9 Block 5 | SXM-8,,,https://ll.thespacedevs.com/2.3.0/launches/edaf9a8d-d67c-4e0e-8452-a37b111581d5/?format=json,,actual_event_time,"Cape Canaveral SFS, FL, USA",Launch Successful,2026-09-15T20:32:52.213460Z,launch_library_2,
launch_library_2,110c808a-a091-47ab-8532-4fa058c1de7a,Falcon 9 Block 5 | GPS III SV05,orbital_launch,2021-06-17T16:09:35Z,,LL2 NET/T-0,Launch Successful,Space Launch Complex 40,Falcon 9 Block 5 | GPS III SV05,,,https://ll.thespacedevs.com/2.3.0/launches/110c808a-a091-47ab-8532-4fa058c1de7a/?format=json,,actual_event_time,"Cape Canaveral SFS, FL, USA",Launch Successful,2026-09-15T20:32:52.213460Z,launch_library_2,
launch_library_2,5d248abe-17ef-43ce-9c04-aef33af40520,Falcon 9 Block 5 | Transporter 2 (Dedicated SSO Rideshare),orbital_launch,2021-06-30T19:31:00Z,,LL2 NET/T-0,Launch Successful,Space Launch Complex 40,Falcon 9 Block 5 | Transporter 2 (Dedicated SSO Rideshare),,,https://ll.thespacedevs.com/2.3.0/launches/5d248abe-17ef-43ce-9c04-aef33af40520/?format=json,,actual_event_time,"Cape Canaveral SFS, FL, USA",Launch Successful,2026-09-15T20:32:52.213460Z,launch_library_2,
launch_library_2,13386512-85bb-4c93-a9b0-f5eac05fbe4f,Falcon 9 Block 5 | Dragon CRS-2 SpX-23,orbital_launch,2021-08-29T07:14:49Z,,LL2 NET/T-0,Launch Successful,Launch Complex 39A,Falcon 9 Block 5 | Dragon CRS-2 SpX-23,,,https://ll.thespacedevs.com/2.3.0/launches/13386512-85bb-4c93-a9b0-f5eac05fbe4f/?format=json,,actual_event_time,"Kennedy Space Center, FL, USA",Launch Successful,2026-09-15T20:32:52.213460Z,launch_library_2,
launch_library_2,621d64e6-0513-45dc-8ffa-c9fd56518398,Falcon 9 Block 5 | Inspiration4,orbital_launch,2021-09-16T00:02:56Z,,LL2 NET/T-0,Launch Successful,Launch Complex 39A,Falcon 9 Block 5 | Inspiration4,,,https://ll.thespacedevs.com/2.3.0/launches/621d64e6-0513-45dc-8ffa-c9fd56518398/?format=json,,actual_event_time,"Kennedy Space Center, FL, USA",Launch Successful,2026-09-15T20:32:52.213460Z,launch_library_2,
launch_library_2,7e2d0fe7-6156-442d-be4e-cbac85f259e5,Atlas V 401 | Lucy,orbital_launch,2021-10-16T09:34:00Z,,LL2 NET/T-0,Launch Successful,Space Launch Complex 41,Atlas V 401 | Lucy,,,https://ll.thespacedevs.com/2.3.0/launches/7e2d0fe7-6156-442d-be4e-cbac85f259e5/?format=json,,actual_event_time,"Cape Canaveral SFS, FL, USA",Launch Successful,2026-09-15T20:32:52.213460Z,launch_library_2,
launch_library_2,0d779392-1a36-4c1e-b0b8-ec11e3031ee6,Falcon 9 Block 5 | Crew-3,orbital_launch,2021-11-11T02:03:31Z,,LL2 NET/T-0,Launch Successful,Launch Complex 39A,Falcon 9 Block 5 | Crew-3,,,https://ll.thespacedevs.com/2.3.0/launches/0d779392-1a36-4c1e-b0b8-ec11e3031ee6/?format=json,,actual_event_time,"Kennedy Space Center, FL, USA",Launch Successful,2026-09-15T20:32:52.213460Z,launch_library_2,
launch_library_2,e4200e5c-2726-43f2-8439-36bd1be59821,Falcon 9 Block 5 | Starlink Group 4-1,orbital_launch,2021-11-13T12:18:56Z,second,LL2 NET/T-0,Launch Successful,Space Launch Complex 40,Falcon 9 Block 5 | Starlink Group 4-1,,,https://ll.thespacedevs.com/2.3.0/launches/e4200e5c-2726-43f2-8439-36bd1be59821/?format=json,,actual_event_time,"Cape Canaveral SFS, FL, USA",Launch Successful,2026-09-15T20:32:52.213460Z,launch_library_2,
launch_library_2,56db9abd-41b8-41a3-9d6d-88e52460682b,Falcon 9 Block 5 | Starlink Group 4-3,orbital_launch,2021-12-02T23:12:00Z,,LL2 NET/T-0,Launch Successful,Space Launch Complex 40,Falcon 9 Block 5 | Starlink Group 4-3,,,https://ll.thespacedevs.com/2.3.0/launches/56db9abd-41b8-41a3-9d6d-88e52460682b/?format=json,,actual_event_time,"Cape Canaveral SFS, FL, USA",Launch Successful,2026-09-15T20:32:52.213460Z,launch_library_2,
launch_library_2,495fe114-753d-48b1-9d23-eb9adaa3fb23,Atlas V 551 | STP-3,orbital_launch,2021-12-07T10:19:00Z,,LL2 NET/T-0,Launch Successful,Space Launch Complex 41,Atlas V 551 | STP-3,,,https://ll.thespacedevs.com/2.3.0/launches/495fe114-753d-48b1-9d23-eb9adaa3fb23/?format=json,,actual_event_time,"Cape Canaveral SFS, FL, USA",Launch Successful,2026-09-15T20:32:52.213460Z,launch_library_2,
launch_library_2,dfb2cc3b-8cd8-41b6-a83a-22b2a742ba4b,Falcon 9 Block 5 | X-Ray Polarimetry Explorer (IXPE),orbital_launch,2021-12-09T06:00:00Z,,LL2 NET/T-0,Launch Successful,Launch Complex 39A,Falcon 9 Block 5 | IXPE,,,https://ll.thespacedevs.com/2.3.0/launches/dfb2cc3b-8cd8-41b6-a83a-22b2a742ba4b/?format=json,,actual_event_time,"Kennedy Space Center, FL, USA",Launch Successful,2026-09-15T20:32:52.213460Z,launch_library_2,
launch_library_2,16d0c02e-0bb1-45d5-a3f5-7c4ff6cf6de1,Falcon 9 Block 5 | Türksat 5B,orbital_launch,2021-12-19T03:58:39Z,,LL2 NET/T-0,Launch Successful,Space Launch Complex 40,Falcon 9 Block 5 | Türksat 5B,,,https://ll.thespacedevs.com/2.3.0/launches/16d0c02e-0bb1-45d5-a3f5-7c4ff6cf6de1/?format=json,,actual_event_time,"Cape Canaveral SFS, FL, USA",Launch Successful,2026-09-15T20:32:52.213460Z,launch_library_2,
launch_library_2,878ba32c-5e93-4d2b-95c3-24b60c8b05e7,Falcon 9 Block 5 | Dragon CRS-2 SpX-24,orbital_launch,2021-12-21T10:07:08Z,,LL2 NET/T-0,Launch Successful,Launch Complex 39A,Falcon 9 Block 5 | Dragon CRS-2 SpX-24,,,https://ll.thespacedevs.com/2.3.0/launches/878ba32c-5e93-4d2b-95c3-24b60c8b05e7/?format=json,,actual_event_time,"Kennedy Space Center, FL, USA",Launch Successful,2026-09-15T20:32:52.213460Z,launch_library_2,
launch_library_2,3ddb1934-2b57-489b-b5d2-31d4990604eb,Falcon 9 Block 5 | Starlink Group 4-5,orbital_launch,2022-01-06T21:49:10Z,,LL2 NET/T-0,Launch Successful,Launch Complex 39A,Falcon 9 Block 5 | Starlink Group 4-5,,,https://ll.thespacedevs.com/2.3.0/launches/3ddb1934-2b57-489b-b5d2-31d4990604eb/?format=json,,actual_event_time,"Kennedy Space Center, FL, USA",Launch Successful,2026-09-15T20:32:52.213460Z,launch_library_2,
launch_library_2,c660df6f-7e33-4c90-a0f5-b27c8cb4c974,Falcon 9 Block 5 | Transporter 3 (Dedicated SSO Rideshare),orbital_launch,2022-01-13T15:25:39Z,,LL2 NET/T-0,Launch Successful,Space Launch Complex 40,Falcon 9 Block 5 | Transporter 3 (Dedicated SSO Rideshare),,,https://ll.thespacedevs.com/2.3.0/launches/c660df6f-7e33-4c90-a0f5-b27c8cb4c974/?format=json,,actual_event_time,"Cape Canaveral SFS, FL, USA",Launch Successful,2026-09-15T20:32:52.213460Z,launch_library_2,
launch_library_2,50ac28f2-024f-442f-837d-dab8107304ec,Falcon 9 Block 5 | Starlink Group 4-6,orbital_launch,2022-01-19T02:02:40Z,,LL2 NET/T-0,Launch Successful,Launch Complex 39A,Falcon 9 Block 5 | Starlink Group 4-6,,,https://ll.thespacedevs.com/2.3.0/launches/50ac28f2-024f-442f-837d-dab8107304ec/?format=json,,actual_event_time,"Kennedy Space Center, FL, USA",Launch Successful,2026-09-15T20:32:52.213460Z,launch_library_2,
launch_library_2,7323ed72-b69a-429c-8cfe-2ed454a8db28,Atlas V 511 | USSF-8,orbital_launch,2022-01-21T19:00:00Z,,LL2 NET/T-0,Launch Successful,Space Launch Complex 41,Atlas V 511 | USSF-8,,,https://ll.thespacedevs.com/2.3.0/launches/7323ed72-b69a-429c-8cfe-2ed454a8db28/?format=json,,actual_event_time,"Cape Canaveral SFS, FL, USA",Launch Successful,2026-09-15T20:32:52.213460Z,launch_library_2,
launch_library_2,23229c2b-abb7-4b94-b624-981a9adc88d2,Falcon 9 Block 5 | CSG-2,orbital_launch,2022-01-31T23:11:14Z,,LL2 NET/T-0,Launch Successful,Space Launch Complex 40,Falcon 9 Block 5 | CSG-2,,,https://ll.thespacedevs.com/2.3.0/launches/23229c2b-abb7-4b94-b624-981a9adc88d2/?format=json,,actual_event_time,"Cape Canaveral SFS, FL, USA",Launch Successful,2026-09-15T20:32:52.213460Z,launch_library_2,
launch_library_2,de39dd1a-0f72-4afd-a6b9-1b848b246071,Falcon 9 Block 5 | Starlink Group 4-7,orbital_launch,2022-02-03T18:13:20Z,second,LL2 NET/T-0,Launch Successful,Launch Complex 39A,Falcon 9 Block 5 | Starlink Group 4-7,,,https://ll.thespacedevs.com/2.3.0/launches/de39dd1a-0f72-4afd-a6b9-1b848b246071/?format=json,,actual_event_time,"Kennedy Space Center, FL, USA",Launch Successful,2026-09-15T20:32:52.213460Z,launch_library_2,
launch_library_2,2b74e95d-de9d-44e5-aefb-d1e48d9e35e6,Astra Rocket 3 | ELaNa 41,launch_failure,2022-02-10T20:00:00Z,,LL2 NET/T-0,Launch Failure,Space Launch Complex 46,Astra Rocket 3 | ELaNa 41,,,https://ll.thespacedevs.com/2.3.0/launches/2b74e95d-de9d-44e5-aefb-d1e48d9e35e6/?format=json,,actual_event_time,"Cape Canaveral SFS, FL, USA",Launch Failure,2026-09-15T20:32:52.213460Z,launch_library_2,
launch_library_2,398e713f-5daa-4fb9-a70a-0b8654baf5d1,Falcon 9 Block 5 | Starlink Group 4-8,orbital_launch,2022-02-21T14:44:20Z,,LL2 NET/T-0,Launch Successful,Space Launch Complex 40,Falcon 9 Block 5 | Starlink Group 4-8,,,https://ll.thespacedevs.com/2.3.0/launches/398e713f-5daa-4fb9-a70a-0b8654baf5d1/?format=json,,actual_event_time,"Cape Canaveral SFS, FL, USA",Launch Successful,2026-09-15T20:32:52.213460Z,launch_library_2,
launch_library_2,9ec0e690-09dd-4fa7-83aa-249c05700165,Atlas V 541 | GOES-T,orbital_launch,2022-03-01T21:38:00Z,,LL2 NET/T-0,Launch Successful,Space Launch Complex 41,Atlas V 541 | GOES-T,,,https://ll.thespacedevs.com/2.3.0/launches/9ec0e690-09dd-4fa7-83aa-249c05700165/?format=json,,actual_event_time,"Cape Canaveral SFS, FL, USA",Launch Successful,2026-09-15T20:32:52.213460Z,launch_library_2,
launch_library_2,861795c5-e694-4d3e-b22f-a356a31cd5d8,Falcon 9 Block 5 | Starlink Group 4-9,orbital_launch,2022-03-03T14:25:00Z,,LL2 NET/T-0,Launch Successful,Launch Complex 39A,Falcon 9 Block 5 | Starlink Group 4-9,,,https://ll.thespacedevs.com/2.3.0/launches/861795c5-e694-4d3e-b22f-a356a31cd5d8/?format=json,,actual_event_time,"Kennedy Space Center, FL, USA",Launch Successful,2026-09-15T20:32:52.213460Z,launch_library_2,
launch_library_2,d8c7fbe0-6a32-42dc-8c24-f1c632adc8b5,Falcon 9 Block 5 | Starlink Group 4-10,orbital_launch,2022-03-09T13:45:00Z,,LL2 NET/T-0,Launch Successful,Space Launch Complex 40,Falcon 9 Block 5 | Starlink Group 4-10,,,https://ll.thespacedevs.com/2.3.0/launches/d8c7fbe0-6a32-42dc-8c24-f1c632adc8b5/?format=json,,actual_event_time,"Cape Canaveral SFS, FL, USA",Launch Successful,2026-09-15T20:32:52.213460Z,launch_library_2,
launch_library_2,72188aca-810d-40b9-887d-43040614dd2c,Falcon 9 Block 5 | Starlink Group 4-12,orbital_launch,2022-03-19T04:42:30Z,,LL2 NET/T-0,Launch Successful,Space Launch Complex 40,Falcon 9 Block 5 | Starlink Group 4-12,,,https://ll.thespacedevs.com/2.3.0/launches/72188aca-810d-40b9-887d-43040614dd2c/?format=json,,actual_event_time,"Cape Canaveral SFS, FL, USA",Launch Successful,2026-09-15T20:32:52.213460Z,launch_library_2,
launch_library_2,335acce9-a35c-436c-9a22-a2505f20957f,Falcon 9 Block 5 | Transporter 4 (Dedicated SSO Rideshare),orbital_launch,2022-04-01T16:24:17Z,,LL2 NET/T-0,Launch Successful,Space Launch Complex 40,Falcon 9 Block 5 | Transporter 4 (Dedicated SSO Rideshare),,,https://ll.thespacedevs.com/2.3.0/launches/335acce9-a35c-436c-9a22-a2505f20957f/?format=json,,actual_event_time,"Cape Canaveral SFS, FL, USA",Launch Successful,2026-09-15T20:32:52.213460Z,launch_library_2,
launch_library_2,a3eeb03b-a209-4255-91b5-772dc0d2150e,Falcon 9 Block 5 | Axiom Space Mission 1,orbital_launch,2022-04-08T15:17:11Z,,LL2 NET/T-0,Launch Successful,Launch Complex 39A,Falcon 9 Block 5 | Axiom Space Mission 1,,,https://ll.thespacedevs.com/2.3.0/launches/a3eeb03b-a209-4255-91b5-772dc0d2150e/?format=json,,actual_event_time,"Kennedy Space Center, FL, USA",Launch Successful,2026-09-15T20:32:52.213460Z,launch_library_2,
launch_library_2,2c5447d7-36c5-40fd-88de-47ed6b258bdb,Falcon 9 Block 5 | Starlink Group 4-14,orbital_launch,2022-04-21T17:51:40Z,,LL2 NET/T-0,Launch Successful,Space Launch Complex 40,Falcon 9 Block 5 | Starlink Group 4-14,,,https://ll.thespacedevs.com/2.3.0/launches/2c5447d7-36c5-40fd-88de-47ed6b258bdb/?format=json,,actual_event_time,"Cape Canaveral SFS, FL, USA",Launch Successful,2026-09-15T20:32:52.213460Z,launch_library_2,
launch_library_2,d786d8fc-862b-45bf-8f7b-9ad862883f67,Falcon 9 Block 5 | Crew-4,orbital_launch,2022-04-27T07:52:55Z,,LL2 NET/T-0,Launch Successful,Launch Complex 39A,Falcon 9 Block 5 | Crew-4,,,https://ll.thespacedevs.com/2.3.0/launches/d786d8fc-862b-45bf-8f7b-9ad862883f67/?format=json,,actual_event_time,"Kennedy Space Center, FL, USA",Launch Successful,2026-09-15T20:32:52.213460Z,launch_library_2,
launch_library_2,b79a9332-4c0c-42a2-a59b-aafcd5d4721d,Falcon 9 Block 5 | Starlink Group 4-16,orbital_launch,2022-04-29T21:27:10Z,,LL2 NET/T-0,Launch Successful,Space Launch Complex 40,Falcon 9 Block 5 | Starlink Group 4-16,,,https://ll.thespacedevs.com/2.3.0/launches/b79a9332-4c0c-42a2-a59b-aafcd5d4721d/?format=json,,actual_event_time,"Cape Canaveral SFS, FL, USA",Launch Successful,2026-09-15T20:32:52.213460Z,launch_library_2,
launch_library_2,4f25c927-6a49-4472-814f-4f1a20d93604,Falcon 9 Block 5 | Starlink Group 4-17,orbital_launch,2022-05-06T09:42:00Z,,LL2 NET/T-0,Launch Successful,Launch Complex 39A,Falcon 9 Block 5 | Starlink Group 4-17,,,https://ll.thespacedevs.com/2.3.0/launches/4f25c927-6a49-4472-814f-4f1a20d93604/?format=json,,actual_event_time,"Kennedy Space Center, FL, USA",Launch Successful,2026-09-15T20:32:52.213460Z,launch_library_2,
launch_library_2,b418d984-a9d1-4fa3-953d-c684a079714c,Falcon 9 Block 5 | Starlink Group 4-15,orbital_launch,2022-05-14T20:40:50Z,,LL2 NET/T-0,Launch Successful,Space Launch Complex 40,Falcon 9 Block 5 | Starlink Group 4-15,,,https://ll.thespacedevs.com/2.3.0/launches/b418d984-a9d1-4fa3-953d-c684a079714c/?format=json,,actual_event_time,"Cape Canaveral SFS, FL, USA",Launch Successful,2026-09-15T20:32:52.213460Z,launch_library_2,
launch_library_2,27795b91-eb0e-43f1-898b-a23d9ff332db,Falcon 9 Block 5 | Starlink Group 4-18,orbital_launch,2022-05-18T10:59:40Z,,LL2 NET/T-0,Launch Successful,Launch Complex 39A,Falcon 9 Block 5 | Starlink Group 4-18,,,https://ll.thespacedevs.com/2.3.0/launches/27795b91-eb0e-43f1-898b-a23d9ff332db/?format=json,,actual_event_time,"Kennedy Space Center, FL, USA",Launch Successful,2026-09-15T20:32:52.213460Z,launch_library_2,
launch_library_2,f1bcfbf6-d00d-42d7-bc68-82252817a57e,Atlas V N22 | CST-100 Starliner Orbital Flight Test 2 (OFT-2),orbital_launch,2022-05-19T22:54:47Z,,LL2 NET/T-0,Launch Successful,Space Launch Complex 41,Atlas V N22 | CST-100 Starliner Orbital Flight Test 2 (OFT-2),,,https://ll.thespacedevs.com/2.3.0/launches/f1bcfbf6-d00d-42d7-bc68-82252817a57e/?format=json,,actual_event_time,"Cape Canaveral SFS, FL, USA",Launch Successful,2026-09-15T20:32:52.213460Z,launch_library_2,
launch_library_2,949421ac-3802-499b-b383-d8274de7e147,Falcon 9 Block 5 | Transporter 5 (Dedicated SSO Rideshare),orbital_launch,2022-05-25T18:35:00Z,,LL2 NET/T-0,Launch Successful,Space Launch Complex 40,Falcon 9 Block 5 | Transporter 5 (Dedicated SSO Rideshare),,,https://ll.thespacedevs.com/2.3.0/launches/949421ac-3802-499b-b383-d8274de7e147/?format=json,,actual_event_time,"Cape Canaveral SFS, FL, USA",Launch Successful,2026-09-15T20:32:52.213460Z,launch_library_2,
launch_library_2,62fb58f6-1d43-4b24-862f-6ac5bee5f723,Falcon 9 Block 5 | Nilesat-301,orbital_launch,2022-06-08T21:04:00Z,,LL2 NET/T-0,Launch Successful,Space Launch Complex 40,Falcon 9 Block 5 | Nilesat-301,,,https://ll.thespacedevs.com/2.3.0/launches/62fb58f6-1d43-4b24-862f-6ac5bee5f723/?format=json,,actual_event_time,"Cape Canaveral SFS, FL, USA",Launch Successful,2026-09-15T20:32:52.213460Z,launch_library_2,
launch_library_2,f4ffe15c-6009-4eaa-b60e-aef586c8cb5f,Astra Rocket 3 | TROPICS-1,launch_failure,2022-06-12T17:43:00Z,,LL2 NET/T-0,Launch Failure,Space Launch Complex 46,Astra Rocket 3 | TROPICS-1,,,https://ll.thespacedevs.com/2.3.0/launches/f4ffe15c-6009-4eaa-b60e-aef586c8cb5f/?format=json,,actual_event_time,"Cape Canaveral SFS, FL, USA",Launch Failure,2026-09-15T20:32:52.213460Z,launch_library_2,
launch_library_2,179789f0-9380-4182-8ea2-676504c2f890,Falcon 9 Block 5 | Starlink Group 4-19,orbital_launch,2022-06-17T16:08:50Z,second,LL2 NET/T-0,Launch Successful,Launch Complex 39A,Falcon 9 Block 5 | Starlink Group 4-19,,,https://ll.thespacedevs.com/2.3.0/launches/179789f0-9380-4182-8ea2-676504c2f890/?format=json,,actual_event_time,"Kennedy Space Center, FL, USA",Launch Successful,2026-09-15T20:32:52.213460Z,launch_library_2,
launch_library_2,33223258-614c-449c-8af7-a9f75cc036b2,Falcon 9 Block 5 | Globalstar-2 FM15 & USA 328-331,orbital_launch,2022-06-19T04:27:36Z,second,LL2 NET/T-0,Launch Successful,Space Launch Complex 40,Falcon 9 Block 5 | Globalstar-2 FM15 & USA 328-331,,,https://ll.thespacedevs.com/2.3.0/launches/33223258-614c-449c-8af7-a9f75cc036b2/?format=json,,actual_event_time,"Cape Canaveral SFS, FL, USA",Launch Successful,2026-09-15T20:32:52.213460Z,launch_library_2,
launch_library_2,86a3010e-f8ef-4b64-a029-f4f92829772d,Falcon 9 Block 5 | SES-22,orbital_launch,2022-06-29T21:04:00Z,,LL2 NET/T-0,Launch Successful,Space Launch Complex 40,Falcon 9 Block 5 | SES-22,,,https://ll.thespacedevs.com/2.3.0/launches/86a3010e-f8ef-4b64-a029-f4f92829772d/?format=json,,actual_event_time,"Cape Canaveral SFS, FL, USA",Launch Successful,2026-09-15T20:32:52.213460Z,launch_library_2,
launch_library_2,83f38440-8a73-4209-911d-fb4f30b1bda9,Atlas V 541 | USSF-12,orbital_launch,2022-07-01T23:15:00Z,,LL2 NET/T-0,Launch Successful,Space Launch Complex 41,Atlas V 541 | USSF-12,,,https://ll.thespacedevs.com/2.3.0/launches/83f38440-8a73-4209-911d-fb4f30b1bda9/?format=json,,actual_event_time,"Cape Canaveral SFS, FL, USA",Launch Successful,2026-09-15T20:32:52.213460Z,launch_library_2,
launch_library_2,ac4ce8e1-fd76-4654-8809-5500ba792a8a,Falcon 9 Block 5 | Starlink Group 4-21,orbital_launch,2022-07-07T13:11:00Z,,LL2 NET/T-0,Launch Successful,Space Launch Complex 40,Falcon 9 Block 5 | Starlink Group 4-21,,,https://ll.thespacedevs.com/2.3.0/launches/ac4ce8e1-fd76-4654-8809-5500ba792a8a/?format=json,,actual_event_time,"Cape Canaveral SFS, FL, USA",Launch Successful,2026-09-15T20:32:52.213460Z,launch_library_2,
launch_library_2,2773613e-58eb-4b99-8120-595c92aa3390,Falcon 9 Block 5 | Dragon CRS-2 SpX-25,orbital_launch,2022-07-15T00:44:20Z,,LL2 NET/T-0,Launch Successful,Launch Complex 39A,Falcon 9 Block 5 | Dragon CRS-2 SpX-25,,,https://ll.thespacedevs.com/2.3.0/launches/2773613e-58eb-4b99-8120-595c92aa3390/?format=json,,actual_event_time,"Kennedy Space Center, FL, USA",Launch Successful,2026-09-15T20:32:52.213460Z,launch_library_2,
launch_library_2,84f9bbdd-0e2c-468e-b1d0-73d640745c13,Falcon 9 Block 5 | Starlink Group 4-22,orbital_launch,2022-07-17T14:20:00Z,,LL2 NET/T-0,Launch Successful,Space Launch Complex 40,Falcon 9 Block 5 | Starlink Group 4-22,,,https://ll.thespacedevs.com/2.3.0/launches/84f9bbdd-0e2c-468e-b1d0-73d640745c13/?format=json,,actual_event_time,"Cape Canaveral SFS, FL, USA",Launch Successful,2026-09-15T20:32:52.213460Z,launch_library_2,
launch_library_2,4ddf282b-94a1-418e-b3f6-7d8e753fdfec,Falcon 9 Block 5 | Starlink Group 4-25,orbital_launch,2022-07-24T13:38:20Z,second,LL2 NET/T-0,Launch Successful,Launch Complex 39A,Falcon 9 Block 5 | Starlink Group 4-25,,,https://ll.thespacedevs.com/2.3.0/launches/4ddf282b-94a1-418e-b3f6-7d8e753fdfec/?format=json,,actual_event_time,"Kennedy Space Center, FL, USA",Launch Successful,2026-09-15T20:32:52.213460Z,launch_library_2,
launch_library_2,33bf26a0-818e-4519-a47a-4fe79a07e84e,Atlas V 421 | SBIRS GEO-6,orbital_launch,2022-08-04T10:29:00Z,,LL2 NET/T-0,Launch Successful,Space Launch Complex 41,Atlas V 421 | SBIRS GEO-6,,,https://ll.thespacedevs.com/2.3.0/launches/33bf26a0-818e-4519-a47a-4fe79a07e84e/?format=json,,actual_event_time,"Cape Canaveral SFS, FL, USA",Launch Successful,2026-09-15T20:32:52.213460Z,launch_library_2,
launch_library_2,75d7306e-1d76-4c0b-9dc4-98dee7b9af59,Falcon 9 Block 5 | Danuri (KPLO - Korean Pathfinder Lunar Orbiter),orbital_launch,2022-08-04T23:08:48Z,second,LL2 NET/T-0,Launch Successful,Space Launch Complex 40,Falcon 9 Block 5 | Danuri (KPLO - Korean Pathfinder Lunar Orbiter),,,https://ll.thespacedevs.com/2.3.0/launches/75d7306e-1d76-4c0b-9dc4-98dee7b9af59/?format=json,,actual_event_time,"Cape Canaveral SFS, FL, USA",Launch Successful,2026-09-15T20:32:52.213460Z,launch_library_2,
launch_library_2,a6b9deb4-f78d-4b57-8e47-98c5aea99d9e,Falcon 9 Block 5 | Starlink Group 4-26,orbital_launch,2022-08-10T02:14:40Z,second,LL2 NET/T-0,Launch Successful,Launch Complex 39A,Falcon 9 Block 5 | Starlink Group 4-26,,,https://ll.thespacedevs.com/2.3.0/launches/a6b9deb4-f78d-4b57-8e47-98c5aea99d9e/?format=json,,actual_event_time,"Kennedy Space Center, FL, USA",Launch Successful,2026-09-15T20:32:52.213460Z,launch_library_2,
launch_library_2,4a114237-e8c5-4248-8d30-7a9026b86430,Falcon 9 Block 5 | Starlink Group 4-27,orbital_launch,2022-08-19T19:21:20Z,,LL2 NET/T-0,Launch Successful,Space Launch Complex 40,Falcon 9 Block 5 | Starlink Group 4-27,,,https://ll.thespacedevs.com/2.3.0/launches/4a114237-e8c5-4248-8d30-7a9026b86430/?format=json,,actual_event_time,"Cape Canaveral SFS, FL, USA",Launch Successful,2026-09-15T20:32:52.213460Z,launch_library_2,
launch_library_2,67158b3c-201d-4450-be8a-990010c05b40,Falcon 9 Block 5 | Starlink Group 4-23,orbital_launch,2022-08-28T03:41:20Z,,LL2 NET/T-0,Launch Successful,Space Launch Complex 40,Falcon 9 Block 5 | Starlink Group 4-23,,,https://ll.thespacedevs.com/2.3.0/launches/67158b3c-201d-4450-be8a-990010c05b40/?format=json,,actual_event_time,"Cape Canaveral SFS, FL, USA",Launch Successful,2026-09-15T20:32:52.213460Z,launch_library_2,
launch_library_2,84bf3b54-96ca-4ac4-bbaf-e25ed03e831c,Falcon 9 Block 5 | Starlink Group 4-20 & Varuna-TDM,orbital_launch,2022-09-05T02:09:40Z,,LL2 NET/T-0,Launch Successful,Space Launch Complex 40,Falcon 9 Block 5 | Starlink Group 4-20 & Varuna-TDM,,,https://ll.thespacedevs.com/2.3.0/launches/84bf3b54-96ca-4ac4-bbaf-e25ed03e831c/?format=json,,actual_event_time,"Cape Canaveral SFS, FL, USA",Launch Successful,2026-09-15T20:32:52.213460Z,launch_library_2,
launch_library_2,992823ad-f843-4a4a-beca-882b8ce8773a,Falcon 9 Block 5 | Starlink Group 4-2 & BlueWalker 3,orbital_launch,2022-09-11T01:20:00Z,,LL2 NET/T-0,Launch Successful,Launch Complex 39A,Falcon 9 Block 5 | Starlink Group 4-2 & BlueWalker 3,,,https://ll.thespacedevs.com/2.3.0/launches/992823ad-f843-4a4a-beca-882b8ce8773a/?format=json,,actual_event_time,"Kennedy Space Center, FL, USA",Launch Successful,2026-09-15T20:32:52.213460Z,launch_library_2,
launch_library_2,9ba04064-c329-40bf-b477-ff468d7d8058,Falcon 9 Block 5 | Starlink Group 4-34,orbital_launch,2022-09-19T00:18:40Z,second,LL2 NET/T-0,Launch Successful,Space Launch Complex 40,Falcon 9 Block 5 | Starlink Group 4-34,,,https://ll.thespacedevs.com/2.3.0/launches/9ba04064-c329-40bf-b477-ff468d7d8058/?format=json,,actual_event_time,"Cape Canaveral SFS, FL, USA",Launch Successful,2026-09-15T20:32:52.213460Z,launch_library_2,
launch_library_2,1c903b65-6667-4fd5-944d-296c5f13e01f,Falcon 9 Block 5 | Starlink Group 4-35,orbital_launch,2022-09-24T23:32:10Z,,LL2 NET/T-0,Launch Successful,Space Launch Complex 40,Falcon 9 Block 5 | Starlink Group 4-35,,,https://ll.thespacedevs.com/2.3.0/launches/1c903b65-6667-4fd5-944d-296c5f13e01f/?format=json,,actual_event_time,"Cape Canaveral SFS, FL, USA",Launch Successful,2026-09-15T20:32:52.213460Z,launch_library_2,
launch_library_2,ae6f284f-20be-43db-8af1-c6981c1cdcbd,Atlas V 531 | SES-20 & SES-21,orbital_launch,2022-10-04T21:36:00Z,,LL2 NET/T-0,Launch Successful,Space Launch Complex 41,Atlas V 531 | SES-20 & SES-21,,,https://ll.thespacedevs.com/2.3.0/launches/ae6f284f-20be-43db-8af1-c6981c1cdcbd/?format=json,,actual_event_time,"Cape Canaveral SFS, FL, USA",Launch Successful,2026-09-15T20:32:52.213460Z,launch_library_2,
launch_library_2,f33d5ece-e825-4cd8-809f-1d4c72a2e0d3,Falcon 9 Block 5 | Crew-5,orbital_launch,2022-10-05T16:00:57Z,,LL2 NET/T-0,Launch Successful,Launch Complex 39A,Falcon 9 Block 5 | Crew-5,,,https://ll.thespacedevs.com/2.3.0/launches/f33d5ece-e825-4cd8-809f-1d4c72a2e0d3/?format=json,,actual_event_time,"Kennedy Space Center, FL, USA",Launch Successful,2026-09-15T20:32:52.213460Z,launch_library_2,
launch_library_2,03ee73b8-a553-4575-8dfa-d0da4e7939e9,Falcon 9 Block 5 | Galaxy 33 & 34,orbital_launch,2022-10-08T23:05:00Z,,LL2 NET/T-0,Launch Successful,Space Launch Complex 40,Falcon 9 Block 5 | Galaxy 33 & 34,,,https://ll.thespacedevs.com/2.3.0/launches/03ee73b8-a553-4575-8dfa-d0da4e7939e9/?format=json,,actual_event_time,"Cape Canaveral SFS, FL, USA",Launch Successful,2026-09-15T20:32:52.213460Z,launch_library_2,
launch_library_2,13977bd5-45d2-4ed1-9a4a-9fefeee0723a,Falcon 9 Block 5 | Hotbird 13F,orbital_launch,2022-10-15T05:22:00Z,,LL2 NET/T-0,Launch Successful,Space Launch Complex 40,Falcon 9 Block 5 | Hotbird 13F,,,https://ll.thespacedevs.com/2.3.0/launches/13977bd5-45d2-4ed1-9a4a-9fefeee0723a/?format=json,,actual_event_time,"Cape Canaveral SFS, FL, USA",Launch Successful,2026-09-15T20:32:52.213460Z,launch_library_2,
launch_library_2,adcb0090-6f97-40c2-821f-104b5ed3e9c7,Falcon 9 Block 5 | Starlink Group 4-36,orbital_launch,2022-10-20T14:50:40Z,second,LL2 NET/T-0,Launch Successful,Space Launch Complex 40,Falcon 9 Block 5 | Starlink Group 4-36,,,https://ll.thespacedevs.com/2.3.0/launches/adcb0090-6f97-40c2-821f-104b5ed3e9c7/?format=json,,actual_event_time,"Cape Canaveral SFS, FL, USA",Launch Successful,2026-09-15T20:32:52.213460Z,launch_library_2,
launch_library_2,aa88b853-9e04-4a28-9433-d87799331b1b,Falcon Heavy | USSF-44,orbital_launch,2022-11-01T13:41:00Z,,LL2 NET/T-0,Launch Successful,Launch Complex 39A,Falcon Heavy | USSF-44,,,https://ll.thespacedevs.com/2.3.0/launches/aa88b853-9e04-4a28-9433-d87799331b1b/?format=json,,actual_event_time,"Kennedy Space Center, FL, USA",Launch Successful,2026-09-15T20:32:52.213460Z,launch_library_2,
launch_library_2,baf2eb66-6cfc-48bb-9ced-85c40218abf1,Falcon 9 Block 5 | Hotbird 13G,orbital_launch,2022-11-03T05:22:00Z,minute,LL2 NET/T-0,Launch Successful,Space Launch Complex 40,Falcon 9 Block 5 | Hotbird 13G,,,https://ll.thespacedevs.com/2.3.0/launches/baf2eb66-6cfc-48bb-9ced-85c40218abf1/?format=json,,actual_event_time,"Cape Canaveral SFS, FL, USA",Launch Successful,2026-09-15T20:32:52.213460Z,launch_library_2,
launch_library_2,409f94d5-f3ef-4e33-b639-5c8e66a506fc,Falcon 9 Block 5 | Galaxy 31 & 32,orbital_launch,2022-11-12T16:06:00Z,minute,LL2 NET/T-0,Launch Successful,Space Launch Complex 40,Falcon 9 Block 5 | Galaxy 31 & 32,,,https://ll.thespacedevs.com/2.3.0/launches/409f94d5-f3ef-4e33-b639-5c8e66a506fc/?format=json,,actual_event_time,"Cape Canaveral SFS, FL, USA",Launch Successful,2026-09-15T20:32:52.213460Z,launch_library_2,
launch_library_2,65896761-b6ca-4df3-9699-e077a360c52a,SLS Block 1 | Artemis I,orbital_launch,2022-11-16T06:47:44Z,,LL2 NET/T-0,Launch Successful,Launch Complex 39B,Space Launch System Block 1 | Artemis I,,,https://ll.thespacedevs.com/2.3.0/launches/65896761-b6ca-4df3-9699-e077a360c52a/?format=json,,actual_event_time,"Kennedy Space Center, FL, USA",Launch Successful,2026-09-15T20:32:52.213460Z,launch_library_2,
launch_library_2,d39b1374-21d3-467a-967d-f22a2cc199e3,Falcon 9 Block 5 | Eutelsat 10B,orbital_launch,2022-11-23T02:57:00Z,,LL2 NET/T-0,Launch Successful,Space Launch Complex 40,Falcon 9 Block 5 | Eutelsat 10B,,,https://ll.thespacedevs.com/2.3.0/launches/d39b1374-21d3-467a-967d-f22a2cc199e3/?format=json,,actual_event_time,"Cape Canaveral SFS, FL, USA",Launch Successful,2026-09-15T20:32:52.213460Z,launch_library_2,
launch_library_2,8b360e14-f90d-4a34-9a81-cb5a5ac364c1,Falcon 9 Block 5 | Dragon CRS-2 SpX-26,orbital_launch,2022-11-26T19:20:43Z,,LL2 NET/T-0,Launch Successful,Launch Complex 39A,Falcon 9 Block 5 | Dragon CRS-2 SpX-26,,,https://ll.thespacedevs.com/2.3.0/launches/8b360e14-f90d-4a34-9a81-cb5a5ac364c1/?format=json,,actual_event_time,"Kennedy Space Center, FL, USA",Launch Successful,2026-09-15T20:32:52.213460Z,launch_library_2,
launch_library_2,03d55128-630b-4630-b3b1-2d9bf34946a8,Falcon 9 Block 5 | OneWeb 15,orbital_launch,2022-12-08T22:27:48Z,,LL2 NET/T-0,Launch Successful,Launch Complex 39A,Falcon 9 Block 5 | OneWeb 15,,,https://ll.thespacedevs.com/2.3.0/launches/03d55128-630b-4630-b3b1-2d9bf34946a8/?format=json,,actual_event_time,"Kennedy Space Center, FL, USA",Launch Successful,2026-09-15T20:32:52.213460Z,launch_library_2,
launch_library_2,2306e0bc-e1a3-4a4a-9285-e1a94073655e,Falcon 9 Block 5 | Hakuto-R M1 & Lunar Flashlight,orbital_launch,2022-12-11T07:38:13Z,,LL2 NET/T-0,Launch Successful,Space Launch Complex 40,Falcon 9 Block 5 | Hakuto-R M1 & Lunar Flashlight,,,https://ll.thespacedevs.com/2.3.0/launches/2306e0bc-e1a3-4a4a-9285-e1a94073655e/?format=json,,actual_event_time,"Cape Canaveral SFS, FL, USA",Launch Successful,2026-09-15T20:32:52.213460Z,launch_library_2,
launch_library_2,7105c4f4-7427-4f9a-a959-a8ecedd6062b,Falcon 9 Block 5 | O3b mPower 1 & 2,orbital_launch,2022-12-16T22:48:00Z,,LL2 NET/T-0,Launch Successful,Space Launch Complex 40,Falcon 9 Block 5 | O3b mPower 1 & 2,,,https://ll.thespacedevs.com/2.3.0/launches/7105c4f4-7427-4f9a-a959-a8ecedd6062b/?format=json,,actual_event_time,"Cape Canaveral SFS, FL, USA",Launch Successful,2026-09-15T20:32:52.213460Z,launch_library_2,
launch_library_2,bf91b6d9-f517-4198-843c-dc82dfa6f9b0,Falcon 9 Block 5 | Starlink Group 4-37,orbital_launch,2022-12-17T21:32:30Z,second,LL2 NET/T-0,Launch Successful,Launch Complex 39A,Falcon 9 Block 5 | Starlink Group 4-37,,,https://ll.thespacedevs.com/2.3.0/launches/bf91b6d9-f517-4198-843c-dc82dfa6f9b0/?format=json,,actual_event_time,"Kennedy Space Center, FL, USA",Launch Successful,2026-09-15T20:32:52.213460Z,launch_library_2,
launch_library_2,d955a829-0222-41d8-8f69-ee1d5f851b93,Falcon 9 Block 5 | Starlink Group 5-1,orbital_launch,2022-12-28T09:34:00Z,,LL2 NET/T-0,Launch Successful,Space Launch Complex 40,Falcon 9 Block 5 | Starlink Group 5-1,,,https://ll.thespacedevs.com/2.3.0/launches/d955a829-0222-41d8-8f69-ee1d5f851b93/?format=json,,actual_event_time,"Cape Canaveral SFS, FL, USA",Launch Successful,2026-09-15T20:32:52.213460Z,launch_library_2,
launch_library_2,3622669f-6e06-467a-86f3-47b56b1114c1,Falcon 9 Full Thrust | Amos 6 (Failure before launch),launch_failure,2016-09-03T07:00:00Z,,LL2 NET/T-0,Launch Failure,Space Launch Complex 40,Falcon 9 Full Thrust | Amos 6 (Failure before launch),,,https://ll.thespacedevs.com/2.3.0/launches/3622669f-6e06-467a-86f3-47b56b1114c1/?format=json,,scheduled_launch_time,"Cape Canaveral SFS, FL, USA",Launch Failure,2026-09-15T20:32:52.213460Z,launch_library_2,
