event,source_event_key,source_time_utc,channel,distance_m,predicted_arrival_utc,baseline_start_offset_s,baseline_end_offset_s,signal_start_offset_s,signal_end_offset_s,signal_duration_s,baseline_sample_count,signal_sample_count,actual_signal_start_epoch_s,actual_signal_end_epoch_s,positive_peak_epoch_s,negative_peak_epoch_s,pressure_squared_exposure_before_local_baseline_pa2_s,baseline_pa,positive_peak_pa,negative_peak_pa,absolute_peak_pa,peak_to_peak_pa,positive_peak_spl_db,negative_peak_spl_db,peak_spl_db,pressure_squared_exposure_pa2_s,sound_exposure_level_db,acoustic_energy_fluence_j_m2,acoustic_energy_2pi_j,acoustic_energy_4pi_j,acoustic_tnt_equivalent_2pi_kg,illustrative_total_tnt_at_reference_efficiency_kg,illustrative_total_tnt_lower_kg,illustrative_total_tnt_upper_kg
Initial second-stage failure,upper_stage,2016-09-01T13:07:11.913000,DD1,1439.9638305217552,2016-09-01T13:07:16.015461,-0.8200000000000001,-0.12,-0.07,0.48,0.55,175,137,1472735235.9480002,1472735236.492,1472735236.0240002,1472735236.1080003,105.00289375384227,9.656472973538854,30.387533956924052,-36.78137414020213,36.78137414020213,67.16890809712618,123.63330922990798,125.29195909284161,125.29195909284161,155.53549341810566,115.89769519955647,0.3800609139412351,4951493.846901462,9902987.693802925,1.1834354318598141,118.34354318598142,11.834354318598141,1183.4354318598141
Initial second-stage failure,upper_stage,2016-09-01T13:07:11.913000,DD2,1408.3384566901343,2016-09-01T13:07:15.925360,-0.8200000000000001,-0.12,-0.07,0.48,0.55,175,138,1472735235.8560004,1472735236.4040005,1472735235.9360003,1472735236.1840005,106.00963227659648,0.1983941891492762,51.64434378955118,-25.465452869103004,51.64434378955118,77.10979665865418,128.23985535678565,122.09842816529623,128.23985535678565,105.5534740242341,114.21412540249642,0.2579266566473174,3214327.870756724,6428655.741513448,0.7682427989380315,76.82427989380315,7.682427989380314,768.2427989380315
Initial second-stage failure,upper_stage,2016-09-01T13:07:11.913000,DD3,1412.8543304792386,2016-09-01T13:07:15.938226,-0.8200000000000001,-0.12,-0.07,0.48,0.55,175,137,1472735235.872,1472735236.416,1472735236.3,1472735236.196,100.32326686856605,0.12458672239160151,38.747392502780656,-21.329640915007488,38.747392502780656,60.077033417788144,125.74424972820896,120.55907096978915,125.74424972820896,100.08400908155355,113.98304702311073,0.24456166966459222,3067347.876126443,6134695.752252886,0.7331137371239108,73.31137371239107,7.331137371239108,733.1137371239108
Principal explosion,lower_stage,2016-09-01T13:07:15.513600,DD1,1439.9638305217552,2016-09-01T13:07:19.616061,-1.3499999999999999,-0.7,-0.7,1.05,1.75,163,437,1472735238.92,1472735240.664,1472735239.532,1472735239.968,59948.60468212856,-4.1634306362435005,1306.1206927317337,-133.80085988650117,1306.1206927317337,1439.921552618235,156.29906628653595,136.5085781763972,156.29906628653595,60586.68985203308,141.80317234179518,148.0474469961552,1928785612.940661,3857571225.881322,460.99082527262453,46099.08252726245,4609.908252726245,460990.8252726245
Principal explosion,lower_stage,2016-09-01T13:07:15.513600,DD2,1408.3384566901343,2016-09-01T13:07:19.525960,-1.3499999999999999,-0.7,-0.7,1.05,1.75,163,437,1472735238.8280003,1472735240.5720003,1472735239.4440002,1472735239.7560003,81498.90252818655,-4.883604522135835,1512.4067914467805,-158.46102642191278,1512.4067914467805,1670.8678178686932,157.57277246451392,137.97784938104962,157.57277246451392,82388.72452731864,143.13807788201228,201.322111462568,2508911960.8081985,5017823921.616397,599.6443500975618,59964.43500975618,5996.443500975617,599644.3500975617
Principal explosion,lower_stage,2016-09-01T13:07:15.513600,DD3,1412.8543304792386,2016-09-01T13:07:19.538826,-1.3499999999999999,-0.7,-0.7,1.05,1.75,162,438,1472735238.84,1472735240.588,1472735239.456,1472735239.896,70921.23292483439,-4.689941392795078,1390.2876073372252,-159.07546145417186,1390.2876073372252,1549.363068791397,156.84149311855055,138.01146392139165,156.84149311855055,71721.01361473268,142.53586427378335,175.25487838285255,2198086395.6551166,4396172791.310233,525.355257087743,52535.525708774294,5253.552570877429,525355.257087743
Payload impact,payload_impact,2016-09-01T13:07:24.420000,DD1,1439.9638305217552,2016-09-01T13:07:28.522461,-0.12,-0.04999999999999999,-0.04,0.33,0.37,18,93,1472735248.4840002,1472735248.8520002,1472735248.512,1472735248.5560002,1531.9377670167512,-5.138526430362145,254.31353432770845,-99.52791742382172,254.31353432770845,353.84145175153014,142.0867895574331,133.93829842173952,142.0867895574331,1529.111797018556,125.82379247552835,3.7364823573160395,48679484.584323466,97358969.16864693,11.634676047878457,1163.4676047878456,116.34676047878457,11634.676047878456
Payload impact,payload_impact,2016-09-01T13:07:24.420000,DD2,1408.3384566901343,2016-09-01T13:07:28.432360,-0.12,-0.04999999999999999,-0.04,0.33,0.37,17,92,1472735248.3960001,1472735248.7600002,1472735248.4240003,1472735248.4680002,1768.9563795392096,-2.8394623291268983,278.80181684793956,-115.66792524314819,278.80181684793956,394.46974209108777,142.88531207814253,135.24365899935736,142.88531207814253,1782.045712006508,126.48858848786787,4.3545425362788,54267083.599256195,108534167.19851239,12.97014426368456,1297.014426368456,129.7014426368456,12970.14426368456
Payload impact,payload_impact,2016-09-01T13:07:24.420000,DD3,1412.8543304792386,2016-09-01T13:07:28.445226,-0.12,-0.04999999999999999,-0.04,0.33,0.37,17,92,1472735248.408,1472735248.7719998,1472735248.4359999,1472735248.48,1819.2802420312714,9.217589417922595,279.4996303136048,-111.23401748695215,279.4996303136048,390.733647800557,142.9070248425919,134.90415254883823,142.9070248425919,1762.6462396741197,126.44105167497915,4.307138686375516,54021109.35844965,108042218.7168993,12.911355009189688,1291.1355009189688,129.11355009189685,12911.355009189687
Payload explosion,payload_explosion,2016-09-01T13:07:24.987500,DD1,1439.9638305217552,2016-09-01T13:07:29.089961,-0.13,-0.03,-0.03,0.27,0.30000000000000004,25,75,1472735249.06,1472735249.356,1472735249.092,1472735249.204,2026.8466892221054,12.928761401210648,272.51415854121313,-114.37415487128025,272.51415854121313,386.8883134124934,142.68718150826405,135.1459580470353,142.68718150826405,1867.6035098576806,126.69224690117565,4.563608480852007,59455414.86568108,118910829.73136216,14.210185197342515,1421.0185197342514,142.10185197342514,14210.185197342515
Payload explosion,payload_explosion,2016-09-01T13:07:24.987500,DD2,1408.3384566901343,2016-09-01T13:07:28.999860,-0.13,-0.03,-0.03,0.27,0.30000000000000004,25,75,1472735248.9720004,1472735249.2680004,1472735249.0040002,1472735249.1200004,2170.7009763760616,9.170095841891644,296.98223305192215,-125.62890998419539,296.98223305192215,422.61114303611754,143.4340094556698,135.9611919196252,143.4340094556698,2073.6824249479396,127.14682255588534,5.067175474417121,63148042.02539288,126296084.05078577,15.092744269931377,1509.2744269931377,150.92744269931376,15092.744269931376
Payload explosion,payload_explosion,2016-09-01T13:07:24.987500,DD3,1412.8543304792386,2016-09-01T13:07:29.012726,-0.13,-0.03,-0.03,0.27,0.30000000000000004,25,75,1472735248.984,1472735249.28,1472735249.016,1472735249.128,2068.0058285886166,3.324398592458252,292.0286133913983,-118.60380017165741,292.0286133913983,410.6324135630557,143.28790821357796,135.46137217540343,143.28790821357796,2029.4532073024525,127.0531905099959,4.959098555690525,62198137.76689038,124396275.53378075,14.865711703367682,1486.571170336768,148.6571170336768,14865.71170336768
