pickIndex,arrivalTimeEpochS,arrival_time,channel,catalog157_assignment_status,catalog157_event_numbers,catalog157_match_count
193,1472735235.928,2016-09-01 13:07:15.927999973+00:00,DD2,unique,1,1
194,1472735235.94,2016-09-01 13:07:15.940000057+00:00,DD3,unique,1,1
198,1472735236.016,2016-09-01 13:07:16.016000032+00:00,DD1,unique,1,1
199,1472735236.067,2016-09-01 13:07:16.066999911+00:00,DD2,unique,2,1
200,1472735236.07,2016-09-01 13:07:16.069999933+00:00,DD3,unique,2,1
201,1472735236.146,2016-09-01 13:07:16.145999908+00:00,DD1,unmatched,,0
202,1472735236.255,2016-09-01 13:07:16.255000114+00:00,DD2,unmatched,,0
203,1472735236.265,2016-09-01 13:07:16.265000105+00:00,DD3,unmatched,,0
204,1472735236.346,2016-09-01 13:07:16.345999956+00:00,DD1,unmatched,,0
205,1472735236.445,2016-09-01 13:07:16.444999933+00:00,DD3,unmatched,,0
206,1472735236.462,2016-09-01 13:07:16.461999893+00:00,DD2,unmatched,,0
207,1472735236.8,2016-09-01 13:07:16.799999952+00:00,DD2,unique,3,1
208,1472735236.812,2016-09-01 13:07:16.812000036+00:00,DD3,unique,3,1
209,1472735237.242,2016-09-01 13:07:17.242000103+00:00,DD2,unique,4,1
210,1472735237.254,2016-09-01 13:07:17.253999949+00:00,DD3,unique,4,1
211,1472735237.335,2016-09-01 13:07:17.335000038+00:00,DD1,unique,4,1
213,1472735237.634,2016-09-01 13:07:17.634000063+00:00,DD2,unique,5,1
214,1472735237.649,2016-09-01 13:07:17.648999929+00:00,DD3,unmatched,,0
215,1472735237.723,2016-09-01 13:07:17.723000050+00:00,DD1,unique,6,1
216,1472735237.896,2016-09-01 13:07:17.895999908+00:00,DD2,unique,6,1
217,1472735237.908,2016-09-01 13:07:17.907999992+00:00,DD3,unmatched,,0
218,1472735237.982,2016-09-01 13:07:17.982000113+00:00,DD1,unique,7,1
219,1472735238.112,2016-09-01 13:07:18.111999989+00:00,DD2,ambiguous_overlap,"7,8",2
220,1472735238.124,2016-09-01 13:07:18.124000072+00:00,DD3,unique,8,1
221,1472735238.2,2016-09-01 13:07:18.200000048+00:00,DD1,unmatched,,0
222,1472735238.299,2016-09-01 13:07:18.299000025+00:00,DD1,unmatched,,0
223,1472735238.388,2016-09-01 13:07:18.388000011+00:00,DD2,unmatched,,0
224,1472735238.403,2016-09-01 13:07:18.403000116+00:00,DD3,unmatched,,0
225,1472735238.983,2016-09-01 13:07:18.983000040+00:00,DD2,unique,9,1
226,1472735238.99,2016-09-01 13:07:18.990000010+00:00,DD3,unique,9,1
227,1472735239.067,2016-09-01 13:07:19.066999911+00:00,DD1,ambiguous_overlap,"9,10",2
228,1472735239.239,2016-09-01 13:07:19.239000082+00:00,DD2,ambiguous_overlap,"10,11",2
229,1472735239.253,2016-09-01 13:07:19.253000021+00:00,DD3,unique,11,1
230,1472735239.428,2016-09-01 13:07:19.427999973+00:00,DD2,unique,12,1
232,1472735239.44,2016-09-01 13:07:19.440000057+00:00,DD3,unique,12,1
236,1472735239.505,2016-09-01 13:07:19.505000114+00:00,DD2,unmatched,,0
237,1472735239.513,2016-09-01 13:07:19.513000011+00:00,DD3,unmatched,,0
238,1472735239.516,2016-09-01 13:07:19.516000032+00:00,DD1,unmatched,,0
239,1472735239.585,2016-09-01 13:07:19.585000038+00:00,DD2,unmatched,,0
240,1472735239.589,2016-09-01 13:07:19.588999987+00:00,DD1,unmatched,,0
241,1472735239.596,2016-09-01 13:07:19.595999956+00:00,DD3,unmatched,,0
242,1472735239.672,2016-09-01 13:07:19.671999931+00:00,DD1,unmatched,,0
245,1472735240.1,2016-09-01 13:07:20.099999905+00:00,DD1,unmatched,,0
243,1472735240.91,2016-09-01 13:07:20.910000086+00:00,DD2,unique,13,1
244,1472735240.918,2016-09-01 13:07:20.917999983+00:00,DD3,unique,13,1
246,1472735241.573,2016-09-01 13:07:21.572999954+00:00,DD2,unique,14,1
247,1472735241.581,2016-09-01 13:07:21.581000090+00:00,DD3,unique,14,1
248,1472735241.66,2016-09-01 13:07:21.660000086+00:00,DD1,unique,14,1
249,1472735243.468,2016-09-01 13:07:23.467999935+00:00,DD2,unique,15,1
250,1472735243.48,2016-09-01 13:07:23.480000019+00:00,DD3,unique,15,1
254,1472735243.556,2016-09-01 13:07:23.555999994+00:00,DD1,unique,15,1
256,1472735245.547,2016-09-01 13:07:25.546999931+00:00,DD3,unique,16,1
257,1472735245.55,2016-09-01 13:07:25.549999952+00:00,DD2,unique,16,1
259,1472735246.192,2016-09-01 13:07:26.191999912+00:00,DD2,unique,17,1
260,1472735246.2,2016-09-01 13:07:26.200000048+00:00,DD3,unique,17,1
261,1472735246.276,2016-09-01 13:07:26.276000023+00:00,DD1,unique,17,1
262,1472735246.792,2016-09-01 13:07:26.792000055+00:00,DD2,unique,18,1
263,1472735246.801,2016-09-01 13:07:26.801000118+00:00,DD3,unique,18,1
264,1472735246.88,2016-09-01 13:07:26.880000114+00:00,DD1,unique,18,1
265,1472735248.40799,2016-09-01 13:07:28.407989979+00:00,DD2,unique,19,1
266,1472735248.417,2016-09-01 13:07:28.417000055+00:00,DD3,unique,19,1
270,1472735248.49601,2016-09-01 13:07:28.496010065+00:00,DD1,unique,19,1
271,1472735248.988,2016-09-01 13:07:28.987999916+00:00,DD2,unique,20,1
272,1472735248.996,2016-09-01 13:07:28.996000051+00:00,DD3,unique,20,1
273,1472735249.076,2016-09-01 13:07:29.075999975+00:00,DD1,unique,20,1
274,1472735250.452,2016-09-01 13:07:30.451999903+00:00,DD2,unique,21,1
275,1472735250.464,2016-09-01 13:07:30.463999987+00:00,DD3,unique,21,1
277,1472735250.54,2016-09-01 13:07:30.539999962+00:00,DD1,unique,21,1
278,1472735252.8,2016-09-01 13:07:32.799999952+00:00,DD2,unique,22,1
279,1472735252.808,2016-09-01 13:07:32.808000088+00:00,DD3,unique,22,1
281,1472735252.888,2016-09-01 13:07:32.888000011+00:00,DD1,unique,22,1
282,1472735254.433,2016-09-01 13:07:34.433000088+00:00,DD2,unique,23,1
283,1472735254.448,2016-09-01 13:07:34.447999954+00:00,DD3,unique,23,1
284,1472735254.526,2016-09-01 13:07:34.526000023+00:00,DD1,unique,23,1
285,1472735258.384,2016-09-01 13:07:38.384000063+00:00,DD2,unique,24,1
286,1472735258.393,2016-09-01 13:07:38.392999887+00:00,DD3,unique,24,1
288,1472735258.48,2016-09-01 13:07:38.480000019+00:00,DD1,unique,24,1
289,1472735259.028,2016-09-01 13:07:39.028000116+00:00,DD2,unique,25,1
290,1472735259.036,2016-09-01 13:07:39.036000013+00:00,DD3,unique,25,1
291,1472735259.112,2016-09-01 13:07:39.111999989+00:00,DD1,unique,25,1
292,1472735261.864,2016-09-01 13:07:41.864000082+00:00,DD2,unique,26,1
293,1472735261.872,2016-09-01 13:07:41.871999979+00:00,DD3,unique,26,1
296,1472735261.952,2016-09-01 13:07:41.951999903+00:00,DD1,unique,26,1
297,1472735262.232,2016-09-01 13:07:42.232000113+00:00,DD2,unique,27,1
298,1472735262.248,2016-09-01 13:07:42.247999907+00:00,DD3,unique,27,1
299,1472735262.332,2016-09-01 13:07:42.332000017+00:00,DD1,unique,27,1
300,1472735265.668,2016-09-01 13:07:45.667999983+00:00,DD2,unique,28,1
301,1472735265.672,2016-09-01 13:07:45.671999931+00:00,DD3,unique,28,1
306,1472735267.697,2016-09-01 13:07:47.697000027+00:00,DD2,unique,29,1
307,1472735267.709,2016-09-01 13:07:47.709000111+00:00,DD3,unique,29,1
309,1472735267.784,2016-09-01 13:07:47.783999920+00:00,DD1,unique,29,1
310,1472735268.656,2016-09-01 13:07:48.655999899+00:00,DD2,unique,30,1
311,1472735268.66,2016-09-01 13:07:48.660000086+00:00,DD3,unique,30,1
312,1472735272.579,2016-09-01 13:07:52.578999996+00:00,DD2,unique,31,1
313,1472735272.585,2016-09-01 13:07:52.585000038+00:00,DD3,unique,31,1
317,1472735272.66,2016-09-01 13:07:52.660000086+00:00,DD1,unique,31,1
318,1472735276.084,2016-09-01 13:07:56.084000111+00:00,DD2,unique,32,1
319,1472735276.092,2016-09-01 13:07:56.092000008+00:00,DD3,unique,32,1
322,1472735277.964,2016-09-01 13:07:57.963999987+00:00,DD2,unique,33,1
323,1472735277.968,2016-09-01 13:07:57.967999935+00:00,DD3,unique,33,1
326,1472735278.048,2016-09-01 13:07:58.048000097+00:00,DD1,unique,33,1
330,1472735289.592,2016-09-01 13:08:09.592000008+00:00,DD2,unique,34,1
331,1472735289.604,2016-09-01 13:08:09.604000092+00:00,DD3,unique,34,1
335,1472735289.68,2016-09-01 13:08:09.680000067+00:00,DD1,unique,34,1
336,1472735298.232,2016-09-01 13:08:18.232000113+00:00,DD2,unique,35,1
337,1472735298.24,2016-09-01 13:08:18.240000010+00:00,DD3,unique,35,1
341,1472735298.328,2016-09-01 13:08:18.328000069+00:00,DD1,unique,35,1
342,1472735302.656,2016-09-01 13:08:22.655999899+00:00,DD2,unique,36,1
343,1472735302.676,2016-09-01 13:08:22.676000118+00:00,DD3,unique,36,1
347,1472735302.764,2016-09-01 13:08:22.763999939+00:00,DD1,unique,36,1
350,1472735329.188,2016-09-01 13:08:49.187999964+00:00,DD2,unique,37,1
351,1472735329.192,2016-09-01 13:08:49.191999912+00:00,DD3,unique,37,1
353,1472735347.317,2016-09-01 13:09:07.316999912+00:00,DD2,unique,38,1
354,1472735347.326,2016-09-01 13:09:07.325999975+00:00,DD3,unique,38,1
356,1472735348.1,2016-09-01 13:09:08.099999905+00:00,DD3,unmatched,,0
355,1472735348.985,2016-09-01 13:09:08.984999895+00:00,DD2,unmatched,,0
358,1472735354.188,2016-09-01 13:09:14.187999964+00:00,DD2,unique,39,1
359,1472735354.19599,2016-09-01 13:09:14.195990086+00:00,DD3,unique,39,1
361,1472735359.088,2016-09-01 13:09:19.088000059+00:00,DD2,unique,40,1
362,1472735359.089,2016-09-01 13:09:19.088999987+00:00,DD3,unique,40,1
363,1472735359.824,2016-09-01 13:09:19.823999882+00:00,DD2,unique,41,1
366,1472735359.84,2016-09-01 13:09:19.839999914+00:00,DD3,unique,41,1
367,1472735359.909,2016-09-01 13:09:19.908999920+00:00,DD1,unique,41,1
368,1472735362.768,2016-09-01 13:09:22.767999887+00:00,DD2,unique,42,1
369,1472735362.78,2016-09-01 13:09:22.779999971+00:00,DD3,unique,42,1
370,1472735371.0,2016-09-01 13:09:31+00:00,DD2,unique,43,1
371,1472735371.02,2016-09-01 13:09:31.019999981+00:00,DD3,unique,43,1
373,1472735371.096,2016-09-01 13:09:31.095999956+00:00,DD1,unique,43,1
374,1472735373.94,2016-09-01 13:09:33.940000057+00:00,DD2,unique,44,1
375,1472735373.949,2016-09-01 13:09:33.948999882+00:00,DD3,unique,44,1
378,1472735374.02,2016-09-01 13:09:34.019999981+00:00,DD1,unique,44,1
382,1472735379.976,2016-09-01 13:09:39.976000071+00:00,DD2,unique,45,1
383,1472735379.988,2016-09-01 13:09:39.987999916+00:00,DD3,unique,45,1
385,1472735403.799,2016-09-01 13:10:03.799000025+00:00,DD2,unique,46,1
386,1472735403.811,2016-09-01 13:10:03.811000109+00:00,DD3,unique,46,1
387,1472735406.257,2016-09-01 13:10:06.256999969+00:00,DD2,unique,47,1
388,1472735406.274,2016-09-01 13:10:06.273999929+00:00,DD3,unique,47,1
392,1472735422.061,2016-09-01 13:10:22.061000109+00:00,DD2,unique,48,1
393,1472735422.076,2016-09-01 13:10:22.075999975+00:00,DD3,unique,48,1
394,1472735428.726,2016-09-01 13:10:28.726000071+00:00,DD2,unique,49,1
395,1472735428.73601,2016-09-01 13:10:28.736010075+00:00,DD3,unique,49,1
397,1472735435.201,2016-09-01 13:10:35.200999975+00:00,DD2,unique,50,1
398,1472735435.206,2016-09-01 13:10:35.206000090+00:00,DD3,unique,50,1
403,1472735657.368,2016-09-01 13:14:17.368000031+00:00,DD2,unique,51,1
404,1472735657.376,2016-09-01 13:14:17.375999928+00:00,DD3,unique,51,1
408,1472735657.452,2016-09-01 13:14:17.451999903+00:00,DD1,unique,51,1
409,1472735659.429,2016-09-01 13:14:19.428999901+00:00,DD2,unique,52,1
410,1472735659.435,2016-09-01 13:14:19.434999943+00:00,DD3,unique,52,1
411,1472735659.512,2016-09-01 13:14:19.512000083+00:00,DD1,unique,52,1
413,1472735670.499,2016-09-01 13:14:30.499000072+00:00,DD2,unique,53,1
414,1472735670.508,2016-09-01 13:14:30.507999897+00:00,DD3,unique,53,1
418,1472735670.58501,2016-09-01 13:14:30.585010052+00:00,DD1,unique,53,1
421,1472735746.16,2016-09-01 13:15:46.160000086+00:00,DD2,unique,54,1
422,1472735746.168,2016-09-01 13:15:46.167999983+00:00,DD3,unique,54,1
426,1472735746.249,2016-09-01 13:15:46.249000072+00:00,DD1,unique,54,1
428,1472735949.331,2016-09-01 13:19:09.331000090+00:00,DD2,unique,55,1
429,1472735949.332,2016-09-01 13:19:09.332000017+00:00,DD3,unique,55,1
432,1472735951.122,2016-09-01 13:19:11.121999979+00:00,DD2,unique,56,1
433,1472735951.129,2016-09-01 13:19:11.128999949+00:00,DD3,unique,56,1
435,1472735951.206,2016-09-01 13:19:11.206000090+00:00,DD1,unique,56,1
436,1472735951.358,2016-09-01 13:19:11.358000040+00:00,DD2,unmatched,,0
437,1472735951.368,2016-09-01 13:19:11.368000031+00:00,DD3,unmatched,,0
438,1472735951.62,2016-09-01 13:19:11.619999886+00:00,DD2,unique,57,1
439,1472735951.622,2016-09-01 13:19:11.621999979+00:00,DD3,unique,57,1
440,1472735953.069,2016-09-01 13:19:13.069000006+00:00,DD2,unique,58,1
441,1472735953.076,2016-09-01 13:19:13.075999975+00:00,DD3,unique,58,1
445,1472735953.157,2016-09-01 13:19:13.157000065+00:00,DD1,unique,58,1
446,1472735953.262,2016-09-01 13:19:13.262000084+00:00,DD2,unmatched,,0
447,1472735953.267,2016-09-01 13:19:13.266999959+00:00,DD3,unmatched,,0
448,1472735953.737,2016-09-01 13:19:13.736999989+00:00,DD2,unique,59,1
449,1472735953.749,2016-09-01 13:19:13.749000072+00:00,DD3,unique,59,1
450,1472735953.827,2016-09-01 13:19:13.826999903+00:00,DD1,unique,59,1
451,1472735954.523,2016-09-01 13:19:14.523000001+00:00,DD2,unique,60,1
452,1472735954.534,2016-09-01 13:19:14.533999919+00:00,DD3,unique,60,1
456,1472735954.609,2016-09-01 13:19:14.608999968+00:00,DD1,unique,60,1
457,1472735955.212,2016-09-01 13:19:15.211999893+00:00,DD2,unique,61,1
458,1472735955.225,2016-09-01 13:19:15.224999905+00:00,DD3,unique,61,1
459,1472735955.302,2016-09-01 13:19:15.302000046+00:00,DD1,unique,61,1
460,1472735956.809,2016-09-01 13:19:16.809000015+00:00,DD2,unique,62,1
461,1472735956.819,2016-09-01 13:19:16.819000006+00:00,DD3,unique,62,1
462,1472735958.145,2016-09-01 13:19:18.144999981+00:00,DD2,unique,63,1
463,1472735958.155,2016-09-01 13:19:18.154999971+00:00,DD3,unique,63,1
464,1472735958.224,2016-09-01 13:19:18.223999977+00:00,DD1,unique,63,1
465,1472735958.856,2016-09-01 13:19:18.855999947+00:00,DD2,unique,64,1
466,1472735958.868,2016-09-01 13:19:18.868000031+00:00,DD3,unique,64,1
468,1472735958.944,2016-09-01 13:19:18.944000006+00:00,DD1,unique,64,1
471,1472735962.624,2016-09-01 13:19:22.624000072+00:00,DD2,unique,65,1
472,1472735962.632,2016-09-01 13:19:22.631999969+00:00,DD3,unique,65,1
475,1472735962.712,2016-09-01 13:19:22.711999893+00:00,DD1,unique,65,1
476,1472735962.808,2016-09-01 13:19:22.808000088+00:00,DD2,unmatched,,0
477,1472735962.82,2016-09-01 13:19:22.819999933+00:00,DD3,unmatched,,0
478,1472735962.897,2016-09-01 13:19:22.897000074+00:00,DD1,unmatched,,0
479,1472735963.736,2016-09-01 13:19:23.736000061+00:00,DD2,unique,66,1
480,1472735963.744,2016-09-01 13:19:23.743999958+00:00,DD3,unique,66,1
481,1472735963.824,2016-09-01 13:19:23.823999882+00:00,DD1,unique,66,1
482,1472735965.036,2016-09-01 13:19:25.036000013+00:00,DD2,unique,67,1
483,1472735965.044,2016-09-01 13:19:25.043999910+00:00,DD3,unique,67,1
487,1472735965.128,2016-09-01 13:19:25.128000020+00:00,DD1,unique,67,1
488,1472735966.844,2016-09-01 13:19:26.844000101+00:00,DD2,unique,68,1
489,1472735966.852,2016-09-01 13:19:26.851999998+00:00,DD3,unique,68,1
492,1472735966.928,2016-09-01 13:19:26.927999973+00:00,DD1,unique,68,1
493,1472735969.365,2016-09-01 13:19:29.365000010+00:00,DD2,unique,69,1
494,1472735969.377,2016-09-01 13:19:29.377000093+00:00,DD3,unique,69,1
498,1472735969.45601,2016-09-01 13:19:29.456010103+00:00,DD1,unique,69,1
499,1472735973.376,2016-09-01 13:19:33.375999928+00:00,DD2,unique,70,1
500,1472735973.384,2016-09-01 13:19:33.384000063+00:00,DD3,unique,70,1
503,1472735973.448,2016-09-01 13:19:33.447999954+00:00,DD1,unique,70,1
504,1472735973.786,2016-09-01 13:19:33.786000013+00:00,DD2,unique,71,1
505,1472735973.791,2016-09-01 13:19:33.790999889+00:00,DD3,unique,71,1
506,1472735982.408,2016-09-01 13:19:42.407999992+00:00,DD2,unique,72,1
507,1472735982.417,2016-09-01 13:19:42.417000055+00:00,DD3,unique,72,1
511,1472735982.489,2016-09-01 13:19:42.489000082+00:00,DD1,unique,72,1
512,1472735988.342,2016-09-01 13:19:48.342000008+00:00,DD2,unique,73,1
513,1472735988.345,2016-09-01 13:19:48.345000029+00:00,DD3,unique,73,1
516,1472735995.424,2016-09-01 13:19:55.424000025+00:00,DD2,unique,74,1
517,1472735995.436,2016-09-01 13:19:55.436000109+00:00,DD3,unique,74,1
521,1472735995.512,2016-09-01 13:19:55.512000083+00:00,DD1,unique,74,1
522,1472735996.213,2016-09-01 13:19:56.213000059+00:00,DD2,unique,75,1
523,1472735996.224,2016-09-01 13:19:56.223999977+00:00,DD3,unique,75,1
524,1472736000.057,2016-09-01 13:20:00.056999922+00:00,DD2,unique,76,1
525,1472736000.06,2016-09-01 13:20:00.059999943+00:00,DD3,unique,76,1
526,1472736003.938,2016-09-01 13:20:03.937999964+00:00,DD2,unique,77,1
527,1472736003.949,2016-09-01 13:20:03.948999882+00:00,DD3,unique,77,1
531,1472736004.029,2016-09-01 13:20:04.029000044+00:00,DD1,unique,77,1
532,1472736005.178,2016-09-01 13:20:05.177999973+00:00,DD2,unique,78,1
533,1472736005.193,2016-09-01 13:20:05.193000078+00:00,DD3,unique,78,1
534,1472736006.297,2016-09-01 13:20:06.296999931+00:00,DD2,unique,79,1
535,1472736006.307,2016-09-01 13:20:06.306999922+00:00,DD3,unique,79,1
536,1472736016.424,2016-09-01 13:20:16.424000025+00:00,DD2,unique,80,1
537,1472736016.432,2016-09-01 13:20:16.431999922+00:00,DD3,unique,80,1
538,1472736017.977,2016-09-01 13:20:17.976999998+00:00,DD2,unique,81,1
539,1472736017.989,2016-09-01 13:20:17.989000082+00:00,DD3,unique,81,1
540,1472736018.641,2016-09-01 13:20:18.641000032+00:00,DD2,unique,82,1
541,1472736018.656,2016-09-01 13:20:18.655999899+00:00,DD3,unique,82,1
543,1472736020.525,2016-09-01 13:20:20.525000095+00:00,DD2,unique,83,1
544,1472736020.54,2016-09-01 13:20:20.539999962+00:00,DD3,unique,83,1
545,1472736023.422,2016-09-01 13:20:23.421999931+00:00,DD2,unique,84,1
546,1472736023.428,2016-09-01 13:20:23.427999973+00:00,DD3,unique,84,1
548,1472736026.313,2016-09-01 13:20:26.312999964+00:00,DD2,unique,85,1
549,1472736026.325,2016-09-01 13:20:26.325000048+00:00,DD3,unique,85,1
552,1472736028.601,2016-09-01 13:20:28.601000071+00:00,DD2,unique,86,1
553,1472736028.616,2016-09-01 13:20:28.615999937+00:00,DD3,unique,86,1
555,1472736033.809,2016-09-01 13:20:33.809000015+00:00,DD2,unique,87,1
556,1472736033.809,2016-09-01 13:20:33.809000015+00:00,DD3,unique,87,1
558,1472736039.84,2016-09-01 13:20:39.839999914+00:00,DD2,unique,88,1
559,1472736039.844,2016-09-01 13:20:39.844000101+00:00,DD3,unique,88,1
561,1472736040.736,2016-09-01 13:20:40.736000061+00:00,DD2,unique,89,1
562,1472736040.748,2016-09-01 13:20:40.747999907+00:00,DD3,unique,89,1
564,1472736040.824,2016-09-01 13:20:40.823999882+00:00,DD1,unique,89,1
566,1472736054.026,2016-09-01 13:20:54.026000023+00:00,DD3,unique,90,1
567,1472736054.032,2016-09-01 13:20:54.032000065+00:00,DD2,unique,90,1
572,1472736067.214,2016-09-01 13:21:07.213999987+00:00,DD2,unique,91,1
573,1472736067.234,2016-09-01 13:21:07.233999968+00:00,DD3,unique,91,1
576,1472736068.953,2016-09-01 13:21:08.953000069+00:00,DD2,unique,92,1
577,1472736068.973,2016-09-01 13:21:08.973000050+00:00,DD3,unique,92,1
578,1472736071.751,2016-09-01 13:21:11.750999928+00:00,DD2,unique,93,1
579,1472736071.757,2016-09-01 13:21:11.756999969+00:00,DD3,unique,93,1
581,1472736074.865,2016-09-01 13:21:14.865000010+00:00,DD2,unique,94,1
582,1472736074.882,2016-09-01 13:21:14.881999969+00:00,DD3,ambiguous_overlap,"94,95",2
585,1472736075.069,2016-09-01 13:21:15.069000006+00:00,DD2,unmatched,,0
586,1472736075.071,2016-09-01 13:21:15.071000099+00:00,DD3,unmatched,,0
587,1472736077.273,2016-09-01 13:21:17.273000002+00:00,DD3,unique,96,1
588,1472736077.281,2016-09-01 13:21:17.280999899+00:00,DD2,unique,96,1
590,1472736077.665,2016-09-01 13:21:17.664999962+00:00,DD2,unique,97,1
591,1472736077.672,2016-09-01 13:21:17.671999931+00:00,DD3,unique,97,1
593,1472736077.998,2016-09-01 13:21:17.997999907+00:00,DD2,unique,98,1
594,1472736078.005,2016-09-01 13:21:18.005000114+00:00,DD3,unique,98,1
596,1472736078.849,2016-09-01 13:21:18.848999977+00:00,DD2,unique,99,1
597,1472736078.854,2016-09-01 13:21:18.854000092+00:00,DD3,unique,99,1
598,1472736080.026,2016-09-01 13:21:20.026000023+00:00,DD3,unique,100,1
599,1472736080.027,2016-09-01 13:21:20.026999950+00:00,DD2,unique,100,1
600,1472736080.144,2016-09-01 13:21:20.144000053+00:00,DD2,unmatched,,0
601,1472736080.157,2016-09-01 13:21:20.157000065+00:00,DD3,unmatched,,0
602,1472736080.633,2016-09-01 13:21:20.632999897+00:00,DD2,unique,101,1
603,1472736080.649,2016-09-01 13:21:20.648999929+00:00,DD3,unique,101,1
604,1472736081.717,2016-09-01 13:21:21.717000008+00:00,DD2,unique,102,1
605,1472736081.721,2016-09-01 13:21:21.720999956+00:00,DD3,unique,102,1
607,1472736081.8,2016-09-01 13:21:21.799999952+00:00,DD1,unique,102,1
611,1472736091.691,2016-09-01 13:21:31.690999985+00:00,DD2,unique,104,1
612,1472736091.697,2016-09-01 13:21:31.697000027+00:00,DD3,unique,104,1
616,1472736100.005,2016-09-01 13:21:40.005000114+00:00,DD2,unique,105,1
617,1472736100.021,2016-09-01 13:21:40.020999908+00:00,DD3,unique,105,1
620,1472736105.933,2016-09-01 13:21:45.933000088+00:00,DD2,unique,106,1
621,1472736105.957,2016-09-01 13:21:45.957000017+00:00,DD3,unique,106,1
624,1472736111.028,2016-09-01 13:21:51.028000116+00:00,DD2,unique,107,1
625,1472736111.032,2016-09-01 13:21:51.032000065+00:00,DD3,unique,107,1
627,1472736111.889,2016-09-01 13:21:51.888999939+00:00,DD2,unique,108,1
628,1472736111.909,2016-09-01 13:21:51.908999920+00:00,DD3,unique,108,1
630,1472736113.945,2016-09-01 13:21:53.944999933+00:00,DD2,unique,109,1
631,1472736113.96,2016-09-01 13:21:53.960000038+00:00,DD3,unique,109,1
633,1472736114.525,2016-09-01 13:21:54.525000095+00:00,DD2,unique,110,1
634,1472736114.54,2016-09-01 13:21:54.539999962+00:00,DD3,unique,110,1
635,1472736114.91,2016-09-01 13:21:54.910000086+00:00,DD2,unique,111,1
636,1472736114.92,2016-09-01 13:21:54.920000076+00:00,DD3,unique,111,1
637,1472736115.332,2016-09-01 13:21:55.332000017+00:00,DD2,unique,112,1
638,1472736115.334,2016-09-01 13:21:55.334000111+00:00,DD3,unique,112,1
639,1472736115.625,2016-09-01 13:21:55.625000+00:00,DD2,unique,113,1
640,1472736115.63,2016-09-01 13:21:55.630000114+00:00,DD3,unique,113,1
641,1472736115.88,2016-09-01 13:21:55.880000114+00:00,DD2,unique,114,1
642,1472736115.892,2016-09-01 13:21:55.891999960+00:00,DD3,unique,114,1
643,1472736116.405,2016-09-01 13:21:56.404999971+00:00,DD2,unique,115,1
644,1472736116.412,2016-09-01 13:21:56.411999941+00:00,DD3,unique,115,1
646,1472736117.197,2016-09-01 13:21:57.197000027+00:00,DD2,unique,116,1
647,1472736117.217,2016-09-01 13:21:57.217000008+00:00,DD3,unique,116,1
648,1472736118.492,2016-09-01 13:21:58.492000103+00:00,DD2,unique,117,1
649,1472736118.503,2016-09-01 13:21:58.503000020+00:00,DD3,unique,117,1
651,1472736119.952,2016-09-01 13:21:59.951999903+00:00,DD2,unique,118,1
652,1472736119.953,2016-09-01 13:21:59.953000069+00:00,DD3,unique,118,1
654,1472736121.716,2016-09-01 13:22:01.716000080+00:00,DD2,unique,119,1
655,1472736121.729,2016-09-01 13:22:01.729000092+00:00,DD3,unique,119,1
657,1472736122.86,2016-09-01 13:22:02.859999895+00:00,DD3,unique,120,1
658,1472736122.864,2016-09-01 13:22:02.864000082+00:00,DD2,unique,120,1
659,1472736123.512,2016-09-01 13:22:03.512000083+00:00,DD2,unique,121,1
660,1472736123.52,2016-09-01 13:22:03.519999981+00:00,DD3,unique,121,1
662,1472736125.224,2016-09-01 13:22:05.223999977+00:00,DD2,unique,122,1
663,1472736125.236,2016-09-01 13:22:05.236000061+00:00,DD3,unique,122,1
666,1472736125.312,2016-09-01 13:22:05.312000036+00:00,DD1,unique,122,1
667,1472736126.09,2016-09-01 13:22:06.089999914+00:00,DD2,unique,123,1
668,1472736126.108,2016-09-01 13:22:06.108000040+00:00,DD3,unique,123,1
669,1472736126.65,2016-09-01 13:22:06.650000095+00:00,DD2,unique,124,1
670,1472736126.658,2016-09-01 13:22:06.657999992+00:00,DD3,unique,124,1
671,1472736127.425,2016-09-01 13:22:07.424999952+00:00,DD2,unique,125,1
672,1472736127.435,2016-09-01 13:22:07.434999943+00:00,DD3,unique,125,1
674,1472736128.286,2016-09-01 13:22:08.286000013+00:00,DD2,unique,126,1
675,1472736128.29,2016-09-01 13:22:08.289999962+00:00,DD3,unique,126,1
677,1472736130.594,2016-09-01 13:22:10.594000101+00:00,DD2,unique,127,1
678,1472736130.604,2016-09-01 13:22:10.604000092+00:00,DD3,unique,127,1
680,1472736131.238,2016-09-01 13:22:11.237999916+00:00,DD3,unique,128,1
681,1472736131.24,2016-09-01 13:22:11.240000010+00:00,DD2,unique,128,1
683,1472736134.454,2016-09-01 13:22:14.453999996+00:00,DD2,unique,129,1
684,1472736134.529,2016-09-01 13:22:14.529000044+00:00,DD3,unique,129,1
689,1472736148.884,2016-09-01 13:22:28.884000063+00:00,DD2,unique,130,1
690,1472736148.896,2016-09-01 13:22:28.895999908+00:00,DD3,unique,130,1
692,1472736149.68,2016-09-01 13:22:29.680000067+00:00,DD2,unique,131,1
694,1472736149.687,2016-09-01 13:22:29.687000036+00:00,DD3,unique,131,1
696,1472736149.923,2016-09-01 13:22:29.923000097+00:00,DD3,unique,132,1
697,1472736149.946,2016-09-01 13:22:29.946000099+00:00,DD2,unique,132,1
701,1472736158.713,2016-09-01 13:22:38.713000059+00:00,DD2,unique,133,1
702,1472736158.735,2016-09-01 13:22:38.734999895+00:00,DD3,unique,133,1
704,1472736158.808,2016-09-01 13:22:38.808000088+00:00,DD1,unique,133,1
705,1472736160.188,2016-09-01 13:22:40.187999964+00:00,DD2,unique,134,1
706,1472736160.198,2016-09-01 13:22:40.197999954+00:00,DD3,unique,134,1
707,1472736160.947,2016-09-01 13:22:40.947000027+00:00,DD2,unique,135,1
708,1472736160.961,2016-09-01 13:22:40.960999966+00:00,DD3,unique,135,1
710,1472736162.921,2016-09-01 13:22:42.921000004+00:00,DD2,unique,136,1
711,1472736162.931,2016-09-01 13:22:42.930999994+00:00,DD3,unique,136,1
713,1472736165.06,2016-09-01 13:22:45.059999943+00:00,DD2,unique,137,1
714,1472736165.072,2016-09-01 13:22:45.072000027+00:00,DD3,unique,137,1
716,1472736168.085,2016-09-01 13:22:48.085000038+00:00,DD2,unique,138,1
717,1472736168.096,2016-09-01 13:22:48.095999956+00:00,DD3,unique,138,1
719,1472736168.176,2016-09-01 13:22:48.176000118+00:00,DD1,unique,138,1
721,1472736169.012,2016-09-01 13:22:49.012000084+00:00,DD2,unmatched,,0
723,1472736174.508,2016-09-01 13:22:54.507999897+00:00,DD2,unique,139,1
725,1472736178.468,2016-09-01 13:22:58.467999935+00:00,DD2,unique,140,1
726,1472736178.475,2016-09-01 13:22:58.474999905+00:00,DD3,unique,140,1
730,1472736183.692,2016-09-01 13:23:03.691999912+00:00,DD2,unique,141,1
733,1472736188.144,2016-09-01 13:23:08.144000053+00:00,DD2,unique,142,1
735,1472736192.348,2016-09-01 13:23:12.348000050+00:00,DD2,unique,143,1
736,1472736192.36,2016-09-01 13:23:12.359999895+00:00,DD3,unique,143,1
739,1472736202.78,2016-09-01 13:23:22.779999971+00:00,DD2,unique,144,1
741,1472736220.288,2016-09-01 13:23:40.288000107+00:00,DD3,unique,145,1
743,1472736222.068,2016-09-01 13:23:42.068000078+00:00,DD2,unique,146,1
744,1472736222.086,2016-09-01 13:23:42.085999966+00:00,DD3,unique,146,1
753,1472736257.531,2016-09-01 13:24:17.530999899+00:00,DD2,unique,147,1
754,1472736257.545,2016-09-01 13:24:17.545000076+00:00,DD3,unique,147,1
765,1472736290.834,2016-09-01 13:24:50.834000111+00:00,DD2,unique,148,1
767,1472736290.918,2016-09-01 13:24:50.917999983+00:00,DD1,unique,148,1
769,1472736291.58,2016-09-01 13:24:51.579999924+00:00,DD2,unique,149,1
798,1472736595.168,2016-09-01 13:29:55.167999983+00:00,DD2,unique,151,1
799,1472736595.171,2016-09-01 13:29:55.171000004+00:00,DD3,unique,151,1
803,1472736595.237,2016-09-01 13:29:55.236999989+00:00,DD1,unique,151,1
804,1472736642.724,2016-09-01 13:30:42.723999977+00:00,DD2,unique,152,1
805,1472736642.737,2016-09-01 13:30:42.736999989+00:00,DD3,unique,152,1
808,1472736642.811,2016-09-01 13:30:42.811000109+00:00,DD1,unique,152,1
838,1472736751.969,2016-09-01 13:32:31.969000101+00:00,DD2,unique,153,1
839,1472736751.978,2016-09-01 13:32:31.977999926+00:00,DD3,unique,153,1
841,1472736752.052,2016-09-01 13:32:32.052000046+00:00,DD1,unique,153,1
849,1472736811.789,2016-09-01 13:33:31.789000034+00:00,DD2,unique,154,1
850,1472736811.804,2016-09-01 13:33:31.803999901+00:00,DD3,unique,154,1
854,1472736811.845,2016-09-01 13:33:31.845000029+00:00,DD1,unique,154,1
860,1472736829.51,2016-09-01 13:33:49.509999989+00:00,DD2,unique,155,1
861,1472736829.536,2016-09-01 13:33:49.536000013+00:00,DD3,unique,155,1
863,1472736834.396,2016-09-01 13:33:54.395999908+00:00,DD2,unique,156,1
864,1472736834.409,2016-09-01 13:33:54.408999920+00:00,DD3,unique,156,1
