final_event_number,reduced_event_epoch_s,estimated_source_epoch_s,overview_interval
1,1472735235.9271336,1472735231.9147732,Phase I
2,1472735236.0571334,1472735232.044773,Phase I
3,1472735236.255,1472735232.2426398,Phase I
4,1472735236.4470668,1472735232.4347064,Phase I
5,1472735236.7995667,1472735232.7872064,Phase I
6,1472735237.242,1472735233.2296398,Phase I
7,1472735237.634,1472735233.6216397,Phase I
8,1472735237.8951335,1472735233.8827732,Phase I
9,1472735238.1111336,1472735234.0987732,Phase I
10,1472735238.3890667,1472735234.3767064,Phase I
11,1472735238.9771335,1472735234.9647732,Phase I
12,1472735239.2395668,1472735235.2272065,Phase I
13,1472735239.4271336,1472735235.4147732,Phase I
14,1472735239.5001335,1472735235.4877732,Phase I
15,1472735239.5831335,1472735235.5707731,Phase I
16,1472735240.9075668,1472735236.8952065,Phase I
17,1472735241.5698934,1472735237.557533,Phase I
18,1472735243.4671335,1472735239.4547732,Phase I
19,1472735245.5420666,1472735241.5297062,Phase I
20,1472735246.1871336,1472735242.1747732,Phase I
21,1472735246.7898934,1472735242.777533,Phase I
22,1472735248.4059033,1472735244.393543,Phase I
23,1472735248.9858932,1472735244.973533,Phase I
24,1472735250.4511335,1472735246.4387732,Phase I
25,1472735252.7978933,1472735248.785533,Phase I
26,1472735254.4351335,1472735250.4227731,Phase I
27,1472735258.384,1472735254.3716397,Phase I
28,1472735259.0231335,1472735255.0107732,Phase I
29,1472735261.8618932,1472735257.8495328,Phase I
30,1472735262.2351334,1472735258.222773,Phase I
31,1472735265.6635666,1472735261.6512063,Phase I
32,1472735267.6961336,1472735263.6837733,Phase I
33,1472735268.6515667,1472735264.6392064,Phase I
34,1472735272.5721335,1472735268.5597732,Phase I
35,1472735276.0815668,1472735272.0692065,Phase I
36,1472735277.9578934,1472735273.945533,Phase I
37,1472735289.5911336,1472735285.5787733,Phase I
38,1472735298.232,1472735294.2196398,Phase I
39,1472735302.6631336,1472735298.6507733,Phase I
40,1472735329.1835666,1472735325.1712062,Outside overview intervals
41,1472735347.3150668,1472735343.3027065,Outside overview intervals
42,1472735354.1855617,1472735350.1732013,Outside overview intervals
43,1472735359.0820668,1472735355.0697064,Outside overview intervals
44,1472735359.824,1472735355.8116395,Outside overview intervals
45,1472735362.7675667,1472735358.7552063,Outside overview intervals
46,1472735371.0058932,1472735366.993533,Outside overview intervals
47,1472735373.9361334,1472735369.923773,Outside overview intervals
48,1472735379.9755669,1472735375.9632065,Outside overview intervals
49,1472735403.7985668,1472735399.7862065,Outside overview intervals
50,1472735406.2590666,1472735402.2467062,Outside overview intervals
51,1472735422.0620668,1472735418.0497065,Outside overview intervals
52,1472735428.7245717,1472735424.7122114,Outside overview intervals
53,1472735435.1970668,1472735431.1847064,Outside overview intervals
54,1472735657.3631334,1472735653.350773,Phase II
55,1472735659.4221334,1472735655.409773,Phase II
56,1472735670.4951334,1472735666.482773,Phase II
57,1472735746.1588933,1472735742.146533,Phase II
58,1472735949.3250668,1472735945.3127065,Phase III
59,1472735951.1161335,1472735947.103773,Phase III
60,1472735951.356567,1472735947.3442066,Phase III
61,1472735951.6145668,1472735947.6022065,Phase III
62,1472735953.0668933,1472735949.054533,Phase III
63,1472735953.2580667,1472735949.2457063,Phase III
64,1472735953.7368932,1472735949.7245328,Phase III
65,1472735954.5211334,1472735950.508773,Phase III
66,1472735955.212,1472735951.1996396,Phase III
67,1472735956.8075666,1472735952.7952063,Phase III
68,1472735958.1421335,1472735954.1297731,Phase III
69,1472735958.8551335,1472735954.8427732,Phase III
70,1472735962.6218932,1472735958.6095328,Phase III
71,1472735962.8071334,1472735958.794773,Phase III
72,1472735963.7338932,1472735959.7215328,Phase III
73,1472735965.036,1472735961.0236397,Phase III
74,1472735966.8391335,1472735962.8267732,Phase III
75,1472735969.365,1472735965.3526397,Phase III
76,1472735973.3711336,1472735969.3587732,Phase III
77,1472735973.7820668,1472735969.7697065,Phase III
78,1472735982.4041336,1472735978.3917732,Phase III
79,1472735988.3370667,1472735984.3247063,Phase III
80,1472735995.4231336,1472735991.4107733,Phase III
81,1472735996.2120667,1472735992.1997063,Phase III
82,1472736000.0520668,1472735996.0397065,Phase III
83,1472736003.938,1472735999.9256396,Phase III
84,1472736005.1790667,1472736001.1667063,Phase III
85,1472736006.2955666,1472736002.2832062,Phase III
86,1472736016.4215667,1472736012.4092064,Phase III
87,1472736017.9765668,1472736013.9642065,Phase III
88,1472736018.6420667,1472736014.6297064,Phase III
89,1472736020.5260668,1472736016.5137064,Phase III
90,1472736023.4185667,1472736019.4062064,Phase III
91,1472736026.3125668,1472736022.3002064,Phase III
92,1472736028.6020668,1472736024.5897064,Phase III
93,1472736033.8025668,1472736029.7902064,Phase III
94,1472736039.8355668,1472736035.8232064,Phase III
95,1472736040.7351334,1472736036.722773,Phase III
96,1472736054.0225668,1472736050.0102065,Phase III
97,1472736067.2175667,1472736063.2052064,Phase III
98,1472736068.9565668,1472736064.9442065,Phase III
99,1472736071.7475667,1472736067.7352064,Phase III
100,1472736074.8670669,1472736070.8547065,Phase III
101,1472736075.0635667,1472736071.0512064,Phase III
102,1472736077.2705667,1472736073.2582064,Phase III
103,1472736077.6620667,1472736073.6497064,Phase III
104,1472736077.9950666,1472736073.9827063,Phase III
105,1472736078.8450668,1472736074.8327065,Phase III
106,1472736080.0200667,1472736076.0077064,Phase III
107,1472736080.1440668,1472736076.1317065,Phase III
108,1472736080.6345668,1472736076.6222064,Phase III
109,1472736081.7098932,1472736077.697533,Phase III
110,1472736091.6875668,1472736087.6752064,Phase III
111,1472736100.0065668,1472736095.9942064,Phase III
112,1472736105.9385667,1472736101.9262064,Phase III
113,1472736111.0235667,1472736107.0112064,Phase III
114,1472736111.8925667,1472736107.8802063,Phase III
115,1472736113.9460669,1472736109.9337065,Phase III
116,1472736114.5260668,1472736110.5137064,Phase III
117,1472736114.908567,1472736110.8962066,Phase III
118,1472736115.3265667,1472736111.3142064,Phase III
119,1472736115.6210668,1472736111.6087065,Phase III
120,1472736115.8795667,1472736111.8672063,Phase III
121,1472736116.4020667,1472736112.3897064,Phase III
122,1472736117.2005668,1472736113.1882064,Phase III
123,1472736118.491067,1472736114.4787066,Phase III
124,1472736119.9460669,1472736115.9337065,Phase III
125,1472736121.7160668,1472736117.7037065,Phase III
126,1472736122.8555667,1472736118.8432064,Phase III
127,1472736123.5095668,1472736119.4972064,Phase III
128,1472736125.2231336,1472736121.2107732,Phase III
129,1472736126.0925667,1472736122.0802064,Phase III
130,1472736126.6475668,1472736122.6352065,Phase III
131,1472736127.4235668,1472736123.4112065,Phase III
132,1472736128.2815666,1472736124.2692063,Phase III
133,1472736130.592567,1472736126.5802066,Phase III
134,1472736131.2325668,1472736127.2202065,Phase III
135,1472736148.8835669,1472736144.8712065,Phase III
136,1472736149.6770668,1472736145.6647065,Phase III
137,1472736149.9280667,1472736145.9157064,Phase III
138,1472736158.7178934,1472736154.705533,Phase III
139,1472736160.1865668,1472736156.1742065,Phase III
140,1472736160.9475667,1472736156.9352064,Phase III
141,1472736162.9195666,1472736158.9072063,Phase III
142,1472736165.0595667,1472736161.0472064,Phase III
143,1472736168.085,1472736164.0726397,Phase III
144,1472736178.4650667,1472736174.4527063,Phase III
145,1472736192.3475666,1472736188.3352063,Phase III
146,1472736222.0705667,1472736218.0582063,Phase III
147,1472736257.5315666,1472736253.5192063,Phase III
148,1472736595.1581335,1472736591.1457732,Phase IV
149,1472736642.724,1472736638.7116396,Phase IV
150,1472736751.9651334,1472736747.952773,Phase IV
151,1472736811.789,1472736807.7766397,Phase IV
152,1472736829.5165668,1472736825.5042064,Phase IV
153,1472736834.3960667,1472736830.3837063,Phase IV
