association_window_s,reconstructed_event_count,associated_pick_count,unassociated_pick_count,three_channel_event_count,two_channel_event_count,median_corrected_pick_span_s,p95_corrected_pick_span_s
0.008,128,303,81,47,81,0.0032401084899902344,0.00713348388671875
0.012,144,347,37,59,85,0.004866361618041992,0.010866403579711914
0.016,149,357,27,59,90,0.004866600036621094,0.011866474151611328
0.02,151,363,21,61,90,0.004866600036621094,0.013000011444091797
0.024,152,366,18,62,90,0.004866600036621094,0.014316499233245837
0.03,153,368,16,62,91,0.004866600036621094,0.015266561508178716
0.04,154,371,13,63,91,0.004866600036621094,0.017226004600524897
0.05,154,371,13,63,91,0.004866600036621094,0.017226004600524897
0.06,154,371,13,63,91,0.004866600036621094,0.017226004600524897
